# %ECSV 1.0
# ---
# datatype:
# - {name: cloud, datatype: string}
# - {name: line, datatype: string}
# - {name: linefile, datatype: string}
# - {name: dendro_idx, datatype: int64}
# - {name: pk_1darea, datatype: float64}
# - {name: pk_2darea, datatype: float64}
# - {name: pk_from_mom_1darea, datatype: float64}
# - {name: pk_from_mom_2darea, datatype: float64}
# - {name: pk_from_fit_1darea, datatype: float64}
# - {name: pk_from_fit_2darea, datatype: float64}
# - {name: mom0, datatype: float64}
# - {name: mom1, datatype: float64}
# - {name: mom2, datatype: float64}
# - {name: fit_amp, datatype: float64}
# - {name: fit_b, datatype: float64}
# - {name: fit_v0, datatype: float64}
# - {name: fit_vsig, datatype: float64}
# schema: astropy-2.0
cloud line linefile dendro_idx pk_1darea pk_2darea pk_from_mom_1darea pk_from_mom_2darea pk_from_fit_1darea pk_from_fit_2darea mom0 mom1 mom2 fit_amp fit_b fit_v0 fit_vsig
A439 13CO10 ../products_1pc/A439_13CO10_12_2024_0.2_4asec_grid_K.fits 0 0.9058438398418783 0.25122871677740866 1.1653159451099422 0.23027572230943308 0.965416690655631 0.21014651684969082 44576.40234375 57.834643242260945 10.262671388703824 1581.3525392939234 0.0 58.941071241669896 11.622021595495156
A439 13CO10 ../products_1pc/A439_13CO10_12_2024_0.2_4asec_grid_K.fits 1 1.0296561399647888 0.2780525861003347 1.2865871146770536 0.2544596453796089 1.0765637015482332 0.23208440059240018 42547.8125 57.620785730259996 10.14856768745669 1525.4907650938464 0.0 58.695387783075084 11.500912608671007
A439 13CO10 ../products_1pc/A439_13CO10_12_2024_0.2_4asec_grid_K.fits 2 1.5594457761205809 0.356239127397606 1.2923884259006688 0.35562115901622093 1.1560481829629243 0.31810498025573397 28561.982421875 53.98601219526708 9.241808785503592 1102.8699665466297 0.0 54.08652156983362 10.82244639189612
A439 13CO10 ../products_1pc/A439_13CO10_12_2024_0.2_4asec_grid_K.fits 3 1.0170832087579729 0.27600858299076236 1.2541022267204196 0.25255701073930187 1.0521016511616963 0.23040456087300842 42706.47265625 57.62945118904861 10.153475278878835 1530.807902440268 0.0 58.7030334275428 11.502456049279944
A439 13CO10 ../products_1pc/A439_13CO10_12_2024_0.2_4asec_grid_K.fits 4 1.5249331665039063 0.40787246178640085 1.4186501883711966 0.40031452991818456 1.2643233745616451 0.35676660920428904 27256.333984375 53.9470000879343 9.081545043471806 1067.0889281300285 0.0 54.260699367831094 10.68195805895103
A439 13CO10 ../products_1pc/A439_13CO10_12_2024_0.2_4asec_grid_K.fits 5 1.4977970636269866 0.3914370600788738 1.3532636908993052 0.383929123807854 1.209582225234617 0.34316581981097116 27645.5546875 54.02230510313704 9.177829358387125 1074.1090160083397 0.0 54.27431284531427 10.753689392250916
A439 13CO10 ../products_1pc/A439_13CO10_12_2024_0.2_4asec_grid_K.fits 6 1.5158277052808302 0.3493142629783343 1.2537472971160413 0.34853751534908517 1.123075842025772 0.31221129204318027 28835.34375 54.01034499455532 9.286846014051862 1109.5989319214627 0.0 54.081361505327855 10.855016003732109
A439 13CO10 ../products_1pc/A439_13CO10_12_2024_0.2_4asec_grid_K.fits 7 1.0028541992719107 0.2707190542340191 1.2590017731197032 0.2482851402684264 1.057266203464136 0.22652375086711393 43084.08984375 57.72382079578888 10.172978604368794 1541.4941246507103 0.0 58.83805869628466 11.522126676963705
A439 13CO10 ../products_1pc/A439_13CO10_12_2024_0.2_4asec_grid_K.fits 8 1.514294176444393 0.4013252546438834 1.3993788738485973 0.3933886095285383 1.2495298733948155 0.351263570320513 27405.033203125 53.98544858368476 9.127068722302065 1069.597571625962 0.0 54.265708100852905 10.708739047973559
A439 13CO10 ../products_1pc/A439_13CO10_12_2024_0.2_4asec_grid_K.fits 9 1.823207790964778 0.4730054380214541 1.6711051940124704 0.4541263220915891 1.4866427624844243 0.4039982715690688 25331.724609375 53.8617871384983 8.841275690632182 1016.8636495393462 0.0 54.31995050487195 10.424993785000627
A439 13CO10 ../products_1pc/A439_13CO10_12_2024_0.2_4asec_grid_K.fits 10 1.9146666581423895 0.5246014924327355 1.8696420642482408 0.48795142663339736 1.666923999845114 0.43504473897302975 23562.6328125 53.78120536379083 8.638780238850392 970.1497679098563 0.0 54.38127691957224 10.153953110063103
A439 13CO10 ../products_1pc/A439_13CO10_12_2024_0.2_4asec_grid_K.fits 11 1.766281666475184 0.44027548871082295 1.530564030175192 0.42976981199200776 1.363340072337551 0.3828146977311452 26431.318359375 53.924304505336366 8.993911693640452 1044.318495410564 0.0 54.27970572048265 10.588876603892416
A439 13CO10 ../products_1pc/A439_13CO10_12_2024_0.2_4asec_grid_K.fits 12 1.9370750896942597 0.560241640474615 1.9430646059173724 0.5133505623910671 1.7352208460461793 0.4584390011931436 22908.271484375 53.67686642825635 8.567276858874076 952.6362444793524 0.0 54.2832486857628 10.045833234910896
A439 13CO10 ../products_1pc/A439_13CO10_12_2024_0.2_4asec_grid_K.fits 13 1.96423712893941 0.6514277415232615 1.9949258171395847 0.5773602871676501 1.6903919740828766 0.5244403027700816 21636.154296875 54.05504559862578 8.41783223250105 931.405977719665 0.0 54.920356915438475 9.624349948019185
A439 13CO10 ../products_1pc/A439_13CO10_12_2024_0.2_4asec_grid_K.fits 14 1.3379325014045798 0.32477767019233605 1.0835844886392472 0.3225958067144916 0.9789939243872663 0.29145796946844305 31155.65625 54.06688370056327 9.08918273507199 1235.49033257673 0.0 54.2305926234577 10.491654467995462
A439 13CO10 ../products_1pc/A439_13CO10_12_2024_0.2_4asec_grid_K.fits 15 1.7894386985085227 0.8178874937781336 2.769607323186047 0.8362526266683632 2.4215521863468368 0.7311611864592942 3604.778076171875 44.647588434475715 4.763694500773131 263.9491883118052 0.0 45.07719037955555 5.748258367632613
A439 13CO10 ../products_1pc/A439_13CO10_12_2024_0.2_4asec_grid_K.fits 16 2.2185316188361055 0.8817241049220419 3.987103476015053 1.0052953208755904 3.4534140332945102 0.8707325981383593 2604.28271484375 43.57397493981987 4.4166061790401825 203.7514279643761 0.0 43.723082309466754 5.405247745003884
A439 13CO10 ../products_1pc/A439_13CO10_12_2024_0.2_4asec_grid_K.fits 17 2.6525466442108154 1.632336396437425 3.008039631411072 1.995718601609269 2.4603331192680025 1.6323363964374247 1457.194091796875 40.558649365302166 2.8008820669916417 169.76298522949216 0.0 40.62134473419849 3.470396427008651
A439 13CO10 ../products_1pc/A439_13CO10_12_2024_0.2_4asec_grid_K.fits 18 1.0669773515448513 0.5500566470697059 0.9712198962122406 0.5006910023951303 0.9323134072652182 0.4806336198944914 548.1548461914062 42.53821508048018 2.712799275458428 77.38201280301311 0.0 42.5944553391135 2.8554564375396643
A439 13CO10 ../products_1pc/A439_13CO10_12_2024_0.2_4asec_grid_K.fits 19 1.0473049517397093 0.28362468056936 1.31393112348095 0.2595495374883635 1.0864010753730842 0.23662337110947906 42278.578125 57.602859933428206 10.13167438848918 1517.7023022961987 0.0 58.678015804972006 11.492161139034192
A439 13CO10 ../products_1pc/A439_13CO10_12_2024_0.2_4asec_grid_K.fits 20 0.239676371216774 0.196657535357353 0.26492163164423743 0.21737159519527174 0.23967637121677396 0.196657535357353 16.52862548828125 37.724642620064486 0.7778205368780517 7.669643878936767 0.0 37.56443542335285 0.7798616409976153
A439 13CO10 ../products_1pc/A439_13CO10_12_2024_0.2_4asec_grid_K.fits 21 0.5217675267685579 0.23605587960685853 0.4975909206662551 0.2251180007113804 0.4512222454177121 0.21272849637555388 2287.1962890625 54.816039922573694 5.9344787182239775 145.2935630245033 0.0 55.59696234612841 6.411129605167633
A439 13CO10 ../products_1pc/A439_13CO10_12_2024_0.2_4asec_grid_K.fits 22 0.4109787764372649 0.2175769992903167 0.41774838743148446 0.22116091099313884 0.37164013078563635 0.19675065747474868 35.976783752441406 40.441764157524396 1.2724884682074493 10.034283531212182 0.0 40.20671225421429 1.4907749923755995
A439 13CO10 ../products_1pc/A439_13CO10_12_2024_0.2_4asec_grid_K.fits 23 0.5340824642696896 0.24856668148400649 0.49985378560990557 0.23263635305115102 0.4902483912563 0.21891594829683836 2199.066162109375 54.86445066293332 5.929439813619068 139.2305431167892 0.0 55.66902034229955 6.444476115874895
A439 13CO10 ../products_1pc/A439_13CO10_12_2024_0.2_4asec_grid_K.fits 24 1.3050570280655571 1.111715246129919 1.442231454909152 1.2819835154748018 1.2506796518961587 1.111715246129919 200.9296112060547 42.108672359758486 1.157918010516876 60.03262329101562 0.0 42.21452243748797 1.3368003652484928
A439 13CO10 ../products_1pc/A439_13CO10_12_2024_0.2_4asec_grid_K.fits 25 1.9619794425317796 0.623353727029483 1.9918143933233525 0.5566783360984491 1.6934626496541982 0.5033879281686147 21849.80859375 53.98367319928245 8.432211253974193 934.7913826091175 0.0 54.78294053122354 9.706198761638111
A439 13CO10 ../products_1pc/A439_13CO10_12_2024_0.2_4asec_grid_K.fits 26 0.5629580483507755 0.25834376191439695 0.5488599009559177 0.25187406413730473 0.5481148398574185 0.23088399076185778 2073.5244140625 55.20978302414265 5.623710063687315 134.83625060492494 0.0 55.840857586986424 6.335831062676529
A439 13CO10 ../products_1pc/A439_13CO10_12_2024_0.2_4asec_grid_K.fits 27 0.6282862012631425 0.29039578200931426 0.6674640824346464 0.2724637399139269 0.6298270392040567 0.25710002248286545 1731.7017822265625 55.555297319081234 5.476378605583753 119.03731040956671 0.0 56.49250061245621 5.903361943384088
A439 13CO10 ../products_1pc/A439_13CO10_12_2024_0.2_4asec_grid_K.fits 28 0.7895189921061198 0.6090575081961496 1.0359360648655966 0.7695525053287289 0.8198851071871243 0.6090575081961495 92.35322570800781 43.328423150929844 1.367904676001743 21.31701278686523 0.0 43.29115201197501 1.710608431231024
A439 13CO10 ../products_1pc/A439_13CO10_12_2024_0.2_4asec_grid_K.fits 29 2.457321605234171 1.2822263961916724 1.8674860267059206 0.8625037643778025 2.4573216052341706 1.2822263961916722 9009.9697265625 57.69803597585253 5.677750947572065 941.1541748046874 0.0 60.12799320252482 3.216836772525549
A439 13CO10 ../products_1pc/A439_13CO10_12_2024_0.2_4asec_grid_K.fits 30 2.4405666253505607 1.2474718006379013 1.8332495654075733 0.8337321090385686 2.4405666253504945 1.2474718006378673 9397.30078125 57.82547547004984 5.893348558591366 951.8209838866928 0.0 60.1171051936014 3.289825461413555
A439 13CO10 ../products_1pc/A439_13CO10_12_2024_0.2_4asec_grid_K.fits 31 0.7042820777422116 0.2755886391165176 0.8316954732163736 0.32544605473684185 0.8643461863199868 0.27558863911651754 615.233642578125 50.34634993217812 3.6433490865012366 57.04684829711913 0.0 50.54486087053054 4.385446414139704
A439 13CO10 ../products_1pc/A439_13CO10_12_2024_0.2_4asec_grid_K.fits 32 1.96423712893941 0.6363782557454964 1.9975324928132774 0.5658576643557964 1.6930765044128067 0.5131381484771488 21706.298828125 54.030444139074085 8.417725548237373 932.8851539314564 0.0 54.86744074149248 9.64883571634992
A439 13CO10 ../products_1pc/A439_13CO10_12_2024_0.2_4asec_grid_K.fits 33 0.7389101805510344 0.5115532019199469 1.0292071531930973 0.44862875908417066 0.93939862443468 0.4094814516766554 60.00921630859375 45.756445196686094 1.3682841733178182 15.969776615389561 0.0 45.998563784025855 1.5500089202569767
A439 13CO10 ../products_1pc/A439_13CO10_12_2024_0.2_4asec_grid_K.fits 34 0.8962003570242026 0.5572527860983824 0.861441986181472 0.5356402093564281 0.880187810154891 0.5472962665706694 328.6170654296875 47.29051034678835 1.5689258167661926 85.37821758502443 0.0 47.229018796022956 1.5099490560313842
A439 13CO10 ../products_1pc/A439_13CO10_12_2024_0.2_4asec_grid_K.fits 35 0.9915385418627636 0.7481608997691761 1.0066223459729522 0.7595423155977731 0.9915385418627634 0.748160899769176 258.9385681152344 46.989328379159254 1.2364089737918886 82.29769897460936 0.0 47.13733373723356 1.2539160263376325
A439 13CO10 ../products_1pc/A439_13CO10_12_2024_0.2_4asec_grid_K.fits 36 2.7535927064957155 1.0284502879682793 8.425908844501674 0.7613773052260548 7.017300772617214 0.6340934433087844 1439.6634521484375 50.94670088486901 4.544258518260486 105.25951158925821 0.0 50.510854132719416 5.872887501778135
A439 13CO10 ../products_1pc/A439_13CO10_12_2024_0.2_4asec_grid_K.fits 37 2.949521745954241 2.3373568552844928 2.8911457733355532 2.291096650567797 2.81645417671341 2.2319070834332684 434.55596923828125 47.159874887022255 1.4276985082956843 118.29107542196321 0.0 47.020884849212266 1.4682212970489936
A439 13CO10 ../products_1pc/A439_13CO10_12_2024_0.2_4asec_grid_K.fits 38 1.2582032203674316 0.8987165859767369 1.6096702597461647 1.1497644712472606 1.2582032203674314 0.8987165859767368 65.4765396118164 46.01512613519167 0.8113885395898399 25.16406440734863 0.0 45.99120686427741 1.0476963219113995
A439 13CO10 ../products_1pc/A439_13CO10_12_2024_0.2_4asec_grid_K.fits 39 2.398955572219122 1.7992166791643416 2.9187510699025694 1.945834046601713 2.6988250187465117 1.7992166791643411 622.16748046875 47.656232061340596 1.5185611652855149 151.13420104980466 0.0 47.557513944479716 1.6919423539499259
A439 13CO10 ../products_1pc/A439_13CO10_12_2024_0.2_4asec_grid_K.fits 40 2.271636779049793 1.6685473686825913 2.6525378767632883 1.854429135082299 2.3866563627991493 1.668547368682591 864.86865234375 48.02934012546076 1.6465371600203649 188.54585266113278 0.0 47.948566159328045 1.8654324007917953
A439 13CO10 ../products_1pc/A439_13CO10_12_2024_0.2_4asec_grid_K.fits 41 1.1242999026649876 0.8216037750244141 1.1642283561156557 0.8507822602383638 1.063416413989768 0.7771119948386767 73.85790252685547 48.1224647502356 1.332033852246268 20.20491186580559 0.0 48.12187549507273 1.5065652747990113
A439 13CO10 ../products_1pc/A439_13CO10_12_2024_0.2_4asec_grid_K.fits 42 0.4698038101196289 0.30015243424309623 0.6052826393151672 0.3362681329528707 0.5402743816375731 0.3001524342430962 49.25271987915039 49.248180315622626 1.6231253887268784 10.805487632751463 0.0 49.2886327419955 1.8520400522095504
A439 13CO10 ../products_1pc/A439_13CO10_12_2024_0.2_4asec_grid_K.fits 43 0.5325016657511393 0.363069317557595 0.6566326485446895 0.4477040785531974 0.5325016657511392 0.363069317557595 25.276145935058594 49.76738338346421 1.023781289933367 7.987524986267089 0.0 49.88987386857306 1.2766673484799633
A439 13CO10 ../products_1pc/A439_13CO10_12_2024_0.2_4asec_grid_K.fits 44 2.1326526295055044 1.5639452616373697 3.0500561719808235 2.033370781320549 2.3459178924560544 1.5639452616373695 78.21731567382812 49.749612737878095 1.0230694951932808 23.459178924560543 0.0 49.824323384175415 1.3365167671727907
A439 13CO10 ../products_1pc/A439_13CO10_12_2024_0.2_4asec_grid_K.fits 45 0.8183442820673403 0.5791359534630409 1.0542321840770945 0.6217266726608507 0.9760516743765565 0.5756202182220718 905.9671630859375 59.23717945570769 2.981181461766275 112.24594255330399 0.0 59.448682940906565 3.322700645859598
A439 13CO10 ../products_1pc/A439_13CO10_12_2024_0.2_4asec_grid_K.fits 46 1.1538279989491338 0.9477872848510742 1.2183829052915522 1.0008145293466322 1.093248221237175 0.8980253245876796 83.48944091796875 52.490139642317075 1.1885842899739822 25.144709088455027 0.0 52.46202951576892 1.3823004767057312
A439 13CO10 ../products_1pc/A439_13CO10_12_2024_0.2_4asec_grid_K.fits 47 2.0257089788263496 1.856899897257487 2.161493883513291 1.9813693932205168 2.025708978826349 1.8568998972574866 117.12112426757812 51.0118752483503 0.6550543690523765 66.84839630126952 0.0 51.015412012884866 0.7131030384040316
A439 13CO10 ../products_1pc/A439_13CO10_12_2024_0.2_4asec_grid_K.fits 48 2.8102230072021483 1.2218360900878906 2.5111249619230267 1.0917934617056637 2.3152441375427797 1.006627885888165 239.64437866210938 55.199030778929945 1.9036144428995747 46.30488275085559 0.0 55.197773518601174 2.1300294215562334
A439 13CO10 ../products_1pc/A439_13CO10_12_2024_0.2_4asec_grid_K.fits 49 0.3383251703702487 0.3257946085046839 0.40117128616716197 0.386313090383193 0.33832517037024856 0.32579460850468384 12.688404083251953 53.733146369801894 0.4853040079779472 8.796454429626463 0.0 53.77674287584072 0.5640176956484615
A439 13CO10 ../products_1pc/A439_13CO10_12_2024_0.2_4asec_grid_K.fits 50 0.9337393054369306 0.3988913791083591 0.9266644558158733 0.4026577694914212 0.9032190977296448 0.3858532134531862 11099.6357421875 67.5185254720925 5.035354776263893 842.7034181817586 0.0 67.40191284397633 5.325158133882589
A439 13CO10 ../products_1pc/A439_13CO10_12_2024_0.2_4asec_grid_K.fits 51 0.9835447815642959 0.4361284199597031 0.9856059761997941 0.43704240534853256 0.9485736501903033 0.4206213433565565 10647.3173828125 67.50812099787281 4.953676996140791 825.2590756655638 0.0 67.39209083854139 5.205512491532573
A439 13CO10 ../products_1pc/A439_13CO10_12_2024_0.2_4asec_grid_K.fits 52 1.0104764938354491 0.5327058946084741 0.9257205410371824 0.5520771595641846 0.8882385013542797 0.5297237849921734 2925.86865234375 61.67600174941643 3.4831840317587988 321.5423374902493 0.0 61.55382981082319 3.69249246715923
A439 13CO10 ../products_1pc/A439_13CO10_12_2024_0.2_4asec_grid_K.fits 53 1.230333079462466 0.7648016439901816 1.4022539680982316 0.8716713855745764 1.230333079462464 0.7648016439901804 350.1966552734375 58.561184488756844 2.1658957560028846 56.595321655273345 0.0 58.73052694788335 2.508819511698101
A439 13CO10 ../products_1pc/A439_13CO10_12_2024_0.2_4asec_grid_K.fits 54 0.9901870054877828 0.44758321905111104 0.9933465168126407 0.4474486932050647 0.954363483203478 0.4313903107086513 10563.1318359375 67.51282634271826 4.938656594357791 822.661322521398 0.0 67.39855943900265 5.1763807386060545
A439 13CO10 ../products_1pc/A439_13CO10_12_2024_0.2_4asec_grid_K.fits 55 1.0328212235979781 0.46391362142826315 1.0381516835541331 0.46630791090028184 0.9996097606617683 0.44899598641879424 10311.5556640625 67.45917207806814 4.8739705214814 812.6827354180176 0.0 67.36502811313859 5.117788654752775
A439 13CO10 ../products_1pc/A439_13CO10_12_2024_0.2_4asec_grid_K.fits 56 0.657517605140561 0.31152290418310075 0.6451900972570442 0.27561518717776645 0.6531196531084388 0.2790025702599156 1842.7340087890625 67.1088034420177 5.179195957939511 143.68632368385653 0.0 67.24933503792438 5.038292894415114
A439 13CO10 ../products_1pc/A439_13CO10_12_2024_0.2_4asec_grid_K.fits 57 0.6983955307762222 0.3303885180721238 0.6706377209953849 0.2968396469979573 0.6760494161160672 0.2992349874612101 1648.515625 66.98297895754487 5.188637763584208 127.7733396459367 0.0 67.19221127364217 5.080624529907065
A439 13CO10 ../products_1pc/A439_13CO10_12_2024_0.2_4asec_grid_K.fits 58 0.6355314653635932 0.29478796365189597 0.7102607879911623 0.2668175446950927 0.6869434929196504 0.2580581375518263 2060.92236328125 67.58053355056197 5.43468347813218 146.31896399188554 0.0 67.68343839853291 5.660419737719789
A439 13CO10 ../products_1pc/A439_13CO10_12_2024_0.2_4asec_grid_K.fits 59 0.7971062990698484 0.42823263939390793 0.9490362009879187 0.3634606727187774 1.0199946228938415 0.3906362385550882 837.2056274414062 67.56016962897425 4.887951965090509 73.43961284835659 0.0 68.36865292330125 4.405500681145004
A439 13CO10 ../products_1pc/A439_13CO10_12_2024_0.2_4asec_grid_K.fits 60 0.7623758792877198 0.3947577368480102 0.804724212711379 0.3567871104901583 0.8404456991709662 0.3726247921890692 1251.499755859375 66.95989483543597 4.528696319688059 115.14106078642237 0.0 67.41507085055417 4.2311712916406545
A439 13CO10 ../products_1pc/A439_13CO10_12_2024_0.2_4asec_grid_K.fits 61 1.2841730506674758 0.594204062078841 1.309460139297768 0.6059047365124444 1.2540639806658092 0.5802721923116727 7800.2822265625 67.3434337855705 4.614459837673947 645.8429500428917 0.0 67.22091012276434 4.884313285873192
A439 13CO10 ../products_1pc/A439_13CO10_12_2024_0.2_4asec_grid_K.fits 62 2.8262556387290796 2.2591140389841136 3.1302306700056968 2.5020907362252895 2.826255638729079 2.259114038984113 3694.1416015625 60.654466938507504 1.9699234998219783 675.4750976562499 0.0 60.620705258395915 2.177902517882999
A439 13CO10 ../products_1pc/A439_13CO10_12_2024_0.2_4asec_grid_K.fits 63 1.3814489430394665 0.8032485082334743 1.3564874769454625 0.7887345730610208 1.3192747875734248 0.7670971195915652 6961.8486328125 66.91789241165631 4.412664136341342 612.1435014340691 0.0 66.78778381428276 4.56777352409701
A439 13CO10 ../products_1pc/A439_13CO10_12_2024_0.2_4asec_grid_K.fits 64 1.5370828851225413 0.997711131364549 1.501699250503662 0.9747438298162154 1.4656290501276692 0.9513308826199368 6101.55859375 66.58218917688768 4.114069898928138 577.4578457503017 0.0 66.59601539111507 4.241725595319969
A439 13CO10 ../products_1pc/A439_13CO10_12_2024_0.2_4asec_grid_K.fits 65 1.3567209965040703 0.7518034858392754 1.3302939146491233 0.7371593752886877 1.2974582739269205 0.7189640726300515 7133.052734375 66.99912533657329 4.493978014457738 617.5901383892142 0.0 66.82263418192916 4.632665393950186
A439 13CO10 ../products_1pc/A439_13CO10_12_2024_0.2_4asec_grid_K.fits 66 0.31571292877197266 0.23152281443277994 0.39233594565274116 0.2877130268120102 0.3157129287719726 0.23152281443277992 19.162662506103516 57.965896696584785 0.8856969232450997 6.9456844329833975 0.0 58.06059115681626 1.0968114637403936
A439 13CO10 ../products_1pc/A439_13CO10_12_2024_0.2_4asec_grid_K.fits 67 2.1593131599845465 1.388674894407023 2.3072915738105038 1.4267704078333503 2.147699210497135 1.3280825506607725 3217.35498046875 65.50156100053705 3.1788388908035063 375.84736183699863 0.0 65.77781335179414 3.5007113274050186
A439 13CO10 ../products_1pc/A439_13CO10_12_2024_0.2_4asec_grid_K.fits 68 0.3093991226024842 0.22029217529296874 0.37049633204957666 0.1778382393837968 0.3818750726145596 0.1833000348549886 90.188720703125 60.18386257809687 1.6185537611466394 22.912504356873576 0.0 59.608098773092316 1.48104411086048
A439 13CO10 ../products_1pc/A439_13CO10_12_2024_0.2_4asec_grid_K.fits 69 0.49085837602615356 0.4133544219167609 0.6262090620439456 0.5273339469843752 0.4908583760261535 0.41335442191676086 40.67914581298828 59.957469504990435 0.8098648767576572 15.707468032836912 0.0 59.968770647415404 1.0437940991215737
A439 13CO10 ../products_1pc/A439_13CO10_12_2024_0.2_4asec_grid_K.fits 70 2.2560207126857517 1.4402275085449219 2.749105589319835 1.570917479611334 2.509483716156689 1.4339906949466794 2835.1982421875 65.3353061680184 3.2143421724443564 321.2139156680562 0.0 65.49282025948239 3.6471386037968347
A439 13CO10 ../products_1pc/A439_13CO10_12_2024_0.2_4asec_grid_K.fits 71 0.6759538942028862 0.3245145529820984 0.6495291303944136 0.2859562209283582 0.666715962496125 0.29352275078445755 1740.8038330078125 66.9832936281263 5.091455731425906 140.01035212418626 0.0 67.18477114564784 4.853872448684982
A439 13CO10 ../products_1pc/A439_13CO10_12_2024_0.2_4asec_grid_K.fits 72 0.5233789243196186 0.43235650269881537 0.4537120465650491 0.374805603684171 0.5233789243196185 0.4323565026988153 23.821714401245117 61.15484600128957 1.1024252912291577 9.944199562072752 0.0 61.392627656241 0.823100196842084
A439 13CO10 ../products_1pc/A439_13CO10_12_2024_0.2_4asec_grid_K.fits 73 0.4349466959635417 0.24686163824957771 0.45839907618243475 0.24530545157870834 0.42410666266968333 0.22695437623945217 313.92901611328125 67.19457941354432 2.7597045932559623 41.98655960429865 0.0 67.13504884023197 3.0792314626441324
A439 13CO10 ../products_1pc/A439_13CO10_12_2024_0.2_4asec_grid_K.fits 74 3.6356472146922143 3.514458974202474 3.64472264289497 3.523231888131804 3.5638140572364754 3.445020255328593 231.86642456054688 60.491159051456876 0.8751559467724979 103.35060765985779 0.0 60.343200030173705 0.8866141568998753
A439 13CO10 ../products_1pc/A439_13CO10_12_2024_0.2_4asec_grid_K.fits 75 1.0927719247752223 1.022270510273595 1.4247310047738448 0.9191812934024806 1.3518774656921255 0.8721790101239519 89.56584167480469 62.11720418634867 1.253977101786036 27.03754931384251 0.0 62.31815936012653 1.3350149678707552
A439 13CO10 ../products_1pc/A439_13CO10_12_2024_0.2_4asec_grid_K.fits 76 0.4222178777058919 0.3958292603492737 0.4450667663854153 0.41725009348632686 0.42221787770589186 0.3958292603492736 18.52035903930664 61.09929804854829 0.553366732591607 12.666536331176756 0.0 61.1027478688361 0.578803564735644
A439 13CO10 ../products_1pc/A439_13CO10_12_2024_0.2_4asec_grid_K.fits 77 1.0228497982025146 0.4423134262497361 0.9811572770565694 0.42428422791635434 0.8638605846324539 0.3735613338951152 374.60906982421875 65.72478241171827 3.1732806772637 41.465308062357785 0.0 66.13789914492492 3.7776810749995717
A439 13CO10 ../products_1pc/A439_13CO10_12_2024_0.2_4asec_grid_K.fits 78 0.7377448272705078 0.4729133508144281 1.5269121672549408 0.46981912838613565 0.6470795107686521 0.4147945581850334 56.36858367919922 61.60120242793276 1.2273032572008251 16.176987769216304 0.0 61.431009682820736 1.455516451917805
A439 13CO10 ../products_1pc/A439_13CO10_12_2024_0.2_4asec_grid_K.fits 79 1.1521960078059017 0.6876008433680381 1.228096812722185 0.6338564194695148 1.1251881353943138 0.671483242090155 217.06903076171875 67.36391580244828 2.203562385094479 41.63196100958961 0.0 67.87806927995618 2.037642688107578
A439 13CO10 ../products_1pc/A439_13CO10_12_2024_0.2_4asec_grid_K.fits 80 0.2870525533502752 0.11870594311477546 0.3338822214511701 0.11798845419703004 0.27080530445939016 0.11198715597944704 128.34902954101562 66.71220361067913 3.2629581435042843 14.894291745266457 0.0 66.21720649918493 3.473569825372416
A439 13CO10 ../products_1pc/A439_13CO10_12_2024_0.2_4asec_grid_K.fits 81 3.5339910888671877 2.9449925740559895 3.7943880612828695 3.161990051069058 3.533991088867187 2.944992574055989 154.85275268554688 62.07303481917893 0.6512492584843782 88.34977722167967 0.0 62.084861949024976 0.7085664120821767
A439 13CO10 ../products_1pc/A439_13CO10_12_2024_0.2_4asec_grid_K.fits 82 0.39832433064778644 0.23537346811005563 0.5884454640627247 0.2139801687500817 0.415799956402024 0.2036999786413956 336.1379699707031 69.50774694123302 3.165110836264873 40.33259577099633 0.0 69.32598886204819 3.3770372710942334
A439 13CO10 ../products_1pc/A439_13CO10_12_2024_0.2_4asec_grid_K.fits 83 0.7827174227002641 0.5448327158011642 1.1534858646812989 0.5654342473927936 1.051840494207338 0.5156080853957539 237.4524688720703 65.48198051817653 1.64249658048384 52.5920247103669 0.0 65.39428077600674 1.8671433581718049
A439 13CO10 ../products_1pc/A439_13CO10_12_2024_0.2_4asec_grid_K.fits 84 0.5952673311586734 0.3419620838571102 0.753620845043883 0.3046552352305059 0.5465567960965855 0.2790928320493203 78.99137878417969 67.20063684870458 2.2008135782739178 13.117363106318052 0.0 67.57138632373531 2.4757515703468487
A439 13CO10 ../products_1pc/A439_13CO10_12_2024_0.2_4asec_grid_K.fits 85 0.7344904908346473 0.43510577989661176 0.5574195782643949 0.33021051103706006 0.5929330574266781 0.35124838727993435 443.291015625 71.67769576901657 2.9106519659412444 64.62970325950792 0.0 72.09150608606794 2.651689175031657
A439 13CO10 ../products_1pc/A439_13CO10_12_2024_0.2_4asec_grid_K.fits 86 0.27099315936748797 0.18872737884521484 0.27516966578699104 0.1916360172445116 0.26952305178743535 0.18770355392339247 26.440948486328125 66.6078272013505 0.9829285110374536 10.511399019709978 0.0 66.74504824768673 1.0070054839110292
A439 13CO10 ../products_1pc/A439_13CO10_12_2024_0.2_4asec_grid_K.fits 87 0.9440918946877505 0.603599735947906 1.0733651310454082 0.6334613888136835 0.9641456931685064 0.56900401564043 182.66522216796875 67.92705176176504 1.8858882368582295 34.70924495406623 0.0 67.74549122402307 2.1829389614984227
A439 13CO10 ../products_1pc/A439_13CO10_12_2024_0.2_4asec_grid_K.fits 88 1.8864493831511466 1.4619982719421387 2.1292674753923158 1.6501822934290449 1.8864493831511464 1.4619982719421385 209.09690856933594 66.89092084979066 1.2637633712000493 58.47993087768554 0.0 66.79605895633776 1.4719848262872832
A439 13CO10 ../products_1pc/A439_13CO10_12_2024_0.2_4asec_grid_K.fits 89 0.4179032488567073 0.3569590250651042 0.4678156950874186 0.30213096974395787 0.3805402748678972 0.32504481811632885 63.42500305175781 69.16549591528191 1.7447535096409756 15.602151269583786 0.0 69.59716543056716 1.5487607567858164
A439 13CO10 ../products_1pc/A439_13CO10_12_2024_0.2_4asec_grid_K.fits 90 0.23828294927423652 0.14892684329639783 0.9137112213392644 0.08306465648538768 0.2625023146311892 0.07457452120204239 36.31882858276367 68.94894204185631 1.9821793743376568 6.5625578657797305 0.0 68.4386726780004 2.28216250637184
A439 13CO10 ../products_1pc/A439_13CO10_12_2024_0.2_4asec_grid_K.fits 91 0.3098657856816831 0.2375637690226237 0.5560164175596772 0.25947432819451605 0.30986578568168305 0.23756376902262366 12.695880889892578 68.47434623194454 0.6506647124029131 7.12691307067871 0.0 68.65897895960195 0.6634151681923707
A439 13CO10 ../products_1pc/A439_13CO10_12_2024_0.2_4asec_grid_K.fits 92 0.2610110706753201 0.18069997200599083 0.3385379229676287 0.18228965082872314 0.29599356326109755 0.1593811494482833 15.780111312866211 70.57346100910722 1.3282651166011867 4.143909885655366 0.0 70.7396583452675 1.6010032047436757
A439 13CO10 ../products_1pc/A439_13CO10_12_2024_0.2_4asec_grid_K.fits 93 1.8271700052114634 1.8271700052114634 2.5676793273536087 1.7776241497063445 2.325901643113925 1.6102395990788714 95.61079406738281 71.25715369491516 1.6505690484309787 20.93311478802533 0.0 71.40006363211366 1.8893462368200944
A439 13CO10 ../products_1pc/A439_13CO10_12_2024_0.2_4asec_grid_K.fits 94 0.4095369258397062 0.18173201084136964 0.45782026871905873 0.17740535412863526 0.42239925789753324 0.16367971243529414 257.1364440917969 77.419072130356 3.6139903966030777 26.18875398964706 0.0 77.87279060203481 4.031790980178604
A439 13CO10 ../products_1pc/A439_13CO10_12_2024_0.2_4asec_grid_K.fits 95 0.6247182325883345 0.5286077352670523 0.8414612293198643 0.4962463660091508 0.5908292700472217 0.4999324592707261 66.98977661132812 71.55407698144117 1.3808822554456646 19.49736591155832 0.0 71.42569386407916 1.3722011477820877
A439 13CO10 ../products_1pc/A439_13CO10_12_2024_0.2_4asec_grid_K.fits 96 1.532367145313936 1.0420096588134766 1.1442679672791738 0.7781022177498381 1.523880568579451 1.0362387866340266 71.31773376464844 73.34766401840687 1.462618082411295 25.905969665850666 0.0 72.82429033867898 0.9106247092765667
A439 13CO10 ../products_1pc/A439_13CO10_12_2024_0.2_4asec_grid_K.fits 97 0.5280563749116043 0.45040102565989776 0.5974366521288922 0.5095783209334668 0.5280563749116042 0.4504010256598977 46.26709747314453 73.10683997536574 1.0653503688442822 15.313634872436522 0.0 73.15189765808566 1.2083142374856375
A439 13CO10 ../products_1pc/A439_13CO10_12_2024_0.2_4asec_grid_K.fits 98 0.3578238854041466 0.2506909855825458 0.42812406290755695 0.23841639431378922 0.40769238476936887 0.22703827415300185 275.1952819824219 78.86614818856577 2.757391693722204 37.91539178355131 0.0 78.61472328349605 2.946256375560559
A439 13CO10 ../products_1pc/A439_13CO10_12_2024_0.2_4asec_grid_K.fits 99 0.3436389047591413 0.24374387430590252 0.21948919544060733 0.1556841967660122 0.34363890475914116 0.24374387430590244 55.98530197143555 75.26023283317132 1.6681730829255446 20.96197319030761 0.0 74.73061906434904 0.906007037011233
A439 13CO10 ../products_1pc/A439_13CO10_12_2024_0.2_4asec_grid_K.fits 100 0.6113933181762695 0.4562636702807982 0.6488571111114345 0.4357995522390232 0.6759481914519871 0.45399505396028983 120.3690185546875 75.17393946780024 1.6446110460842933 30.41766861533942 0.0 75.17964765606685 1.5380543072531012
A439 13CO10 ../products_1pc/A439_13CO10_12_2024_0.2_4asec_grid_K.fits 101 0.500241573040302 0.37160802568708146 0.5052038478733124 0.30312230872398743 0.46792696582261345 0.28075617949356807 45.26280212402344 75.50269715521772 1.7020235233691492 9.826466282274883 0.0 75.88233391605367 1.8759583543278697
A439 13CO10 ../products_1pc/A439_13CO10_12_2024_0.2_4asec_grid_K.fits 102 0.28263343464244495 0.1636298832140471 0.3465436840094868 0.14135334479334333 0.34789728971710393 0.14190547343723978 52.69839859008789 76.19896374323187 1.956986375057555 10.784815981230222 0.0 75.89549137990032 1.947837288123029
A439 13CO10 ../products_1pc/A439_13CO10_12_2024_0.2_4asec_grid_K.fits 103 0.5733469128608704 0.38223127524058026 0.5064879792147196 0.33765865280981305 0.5733469128608703 0.38223127524058015 22.36899185180664 76.99050329179555 1.1012029142178332 9.173550605773924 0.0 77.37812376797184 0.8407395925474638
A439 13CO10 ../products_1pc/A439_13CO10_12_2024_0.2_4asec_grid_K.fits 104 0.8334638371187097 0.5247735270747432 1.0032417695292155 0.594513641202498 0.885555326938629 0.5247735270747431 84.65909576416016 75.15120031321766 1.0520299588629527 28.33777046203613 0.0 74.91894519759789 1.1796327957007933
A439 13CO10 ../products_1pc/A439_13CO10_12_2024_0.2_4asec_grid_K.fits 105 0.5208838613409745 0.5208838613409745 0.8901474571913854 0.5153485278476442 0.8014943142647634 0.46402302404802087 22.58946418762207 75.63857581679562 0.9203676703684971 8.816437456912396 0.0 75.50520826540917 1.0571026628666118
A439 13CO10 ../products_1pc/A439_13CO10_12_2024_0.2_4asec_grid_K.fits 106 0.7550004323323568 0.6893482208251953 0.8494954934426979 0.7756263200998547 0.7550004323323567 0.6893482208251952 51.51829147338867 76.61028205612634 1.1521025653813262 15.85500907897949 0.0 76.51024902214078 1.3045711796061177
A439 13CO10 ../products_1pc/A439_13CO10_12_2024_0.2_4asec_grid_K.fits 107 0.2558002259996202 0.19185016949971517 0.3413079199901224 0.21047321732724214 0.25580022599960384 0.19185016949970288 92.06085205078125 79.34783074768369 1.4541425079805912 23.022020339964346 0.0 79.5486685182719 1.6167485357576081
A439 13CO10 ../products_1pc/A439_13CO10_12_2024_0.2_4asec_grid_K.fits 108 0.7240725065532484 0.6253353465687145 1.131478370971758 0.9771858658392456 0.7240725065532483 0.6253353465687144 26.93767547607422 76.51071138772649 0.49988525300610015 13.757377624511717 0.0 76.51714264748077 0.73862113154605
A439 13CO10 ../products_1pc/A439_13CO10_12_2024_0.2_4asec_grid_K.fits 109 0.402897344316755 0.402897344316755 0.49516810598066324 0.49516810598066324 0.40289734431675495 0.40289734431675495 19.045732498168945 77.74039334635829 0.43841664869332325 14.101407051086424 0.0 77.7952718235082 0.5296944751266184
A439 13CO10 ../products_1pc/A439_13CO10_12_2024_0.2_4asec_grid_K.fits 110 0.3341917150160846 0.3341917150160846 0.4664909430851589 0.4664909430851589 0.3341917150160845 0.3341917150160845 12.908500671386719 77.88023390489514 0.3246861280287017 11.362518310546873 0.0 77.99524010506288 0.4982826799501753
A439 13CO10 ../products_1pc/A439_13CO10_12_2024_0.2_4asec_grid_K.fits 111 0.7482065200805664 0.5985652160644531 1.0028099978844032 0.6417983986460181 0.9352581501002892 0.5985652160641851 55.22552490234375 80.45919371294131 1.373128813495759 14.964130401604628 0.0 80.24207628745842 1.497921933881037
A439 13CO10 ../products_1pc/A439_13CO10_12_2024_0.2_4asec_grid_K.fits 112 0.3841517645598464 0.2188556927901048 0.4590893254035242 0.21850886161033126 0.4085509700654222 0.1944545482522923 717.075439453125 88.66012443477534 3.1471143880777723 80.89309207295359 0.0 88.88687551412222 3.698607872585815
A439 13CO10 ../products_1pc/A439_13CO10_12_2024_0.2_4asec_grid_K.fits 113 0.46051448698966735 0.3415298826956863 0.5156359926227597 0.3133290481487583 0.4065496305394576 0.301508099203904 450.5859069824219 89.05541684397464 2.7449897333442483 63.015192733615926 0.0 89.51326654430109 2.8684891535432926
A439 13CO10 ../products_1pc/A439_13CO10_12_2024_0.2_4asec_grid_K.fits 114 0.2744409514636528 0.20837183351869937 0.22124975290552268 0.1679859235023413 0.2744409514636153 0.20837183351867086 26.319347381591797 84.36960006121494 1.1574934203675578 11.252079010008227 0.0 83.83933866049018 0.7677218912574607
A439 13CO10 ../products_1pc/A439_13CO10_12_2024_0.2_4asec_grid_K.fits 115 0.4034443768587979 0.24654934141370985 0.7586619870550464 0.23181338493348638 0.6611001899383507 0.20200283581449607 17.74547004699707 84.22849143844027 0.8483138626279555 7.272102089321859 0.0 84.46191788804157 1.0155551700954124
A439 13CO10 ../products_1pc/A439_13CO10_12_2024_0.2_4asec_grid_K.fits 116 0.24268270006366804 0.1406456557187167 0.20036285691481648 0.11611938298472319 0.2402897636612375 0.13925884030367175 25.484664916992188 91.74621247905519 0.9949507915437206 12.254777946723113 0.0 92.01075124340191 0.7665993874352377
A439 13CO10 ../products_1pc/A439_13CO10_12_2024_0.2_4asec_grid_K.fits 117 0.27653672144963193 0.18435781429975462 0.29485806068016585 0.1965720404534439 0.2590331324729563 0.17268875498197084 20.28786849975586 92.40725877872111 1.0557476764748364 6.734861444296863 0.0 92.2868419909488 1.258661846225166
A439 13CO10 ../products_1pc/A439_13CO10_12_2024_0.2_4asec_grid_K.fits 118 0.2624100685119629 0.1830767919850904 0.18827244250317404 0.13135286686267955 0.26241006851172505 0.18307679198492446 41.93010711669922 96.5368904187568 1.4808055397636788 15.744604110703504 0.0 97.2278691896905 0.7703173173432423
A439 13CO10 ../products_1pc/A439_13CO10_12_2024_0.2_4asec_grid_K.fits 119 0.2626517295837402 0.18324539273284202 0.34951444418689925 0.24384728664202274 0.2626517295837402 0.18324539273284202 14.739524841308594 103.61151500513215 0.5607989168997766 7.879551887512206 0.0 103.60563484761921 0.7217428068711411
A439 13CO10 ../products_1pc/A439_13CO10_12_2024_0.2_4asec_grid_K.fits 120 0.25878547585528827 0.25878547585528827 0.3534240962207377 0.3534240962207377 0.25878547585528827 0.25878547585528827 10.689252853393555 133.5901622772649 0.5246062062326953 5.95206594467163 0.0 133.6108595551305 0.6962530268111198
A439 12CO10 ../products_1pc/A439_12CO10_12p7sT_2024_0.2_4asec_grid_K.fits 0 6.541707356770833 1.8360247093023256 9.332952487884162 1.8442658271739203 7.615424758803036 1.6576831567999166 362969.625 58.373123055324754 10.433987812989075 12474.065754919373 0.0 59.28703402104811 12.097773607662775
A439 12CO10 ../products_1pc/A439_12CO10_12p7sT_2024_0.2_4asec_grid_K.fits 1 6.8514192846705635 1.9617177991404229 9.820700955224607 1.9423263717924828 8.086622974655578 1.7433051506293862 330062.40625 58.01818285317849 10.31383758611271 11458.744755086955 0.0 58.79828546840792 11.982822556904374
A439 12CO10 ../products_1pc/A439_12CO10_12p7sT_2024_0.2_4asec_grid_K.fits 2 7.102107328527114 2.2287547659179405 9.140588050365059 2.515177675237458 8.099677959578088 2.228754765917939 210442.4375 54.438173531699775 9.6276629543353 7727.092773437495 0.0 53.99499622345628 11.324178908261091
A439 12CO10 ../products_1pc/A439_12CO10_12p7sT_2024_0.2_4asec_grid_K.fits 3 6.830602660939968 1.9523351073336845 9.614031862096061 1.9361189993203687 7.9387272539020834 1.738538253225095 332670.28125 58.032706910030356 10.317213094004865 11550.848154427531 0.0 58.815594305157376 11.97856150025087
A439 12CO10 ../products_1pc/A439_12CO10_12p7sT_2024_0.2_4asec_grid_K.fits 4 7.253376174321503 2.3232144349715815 9.729859664797235 2.7455705640551207 8.233097600710899 2.323214434971581 193185.421875 54.337984623409874 9.385024126864192 6948.734374999999 0.0 54.12340656429826 11.353178868538905
A439 12CO10 ../products_1pc/A439_12CO10_12p7sT_2024_0.2_4asec_grid_K.fits 5 7.194035950942561 2.2708330733326676 9.382812175438346 2.6619607705396966 8.004175134607262 2.2708330733326676 198801.203125 54.454105775988005 9.518819370003914 7107.707519531249 0.0 54.17384106981245 11.445813302403625
A439 12CO10 ../products_1pc/A439_12CO10_12p7sT_2024_0.2_4asec_grid_K.fits 6 7.019612847222223 2.2220215118528417 8.945679211454397 2.4868686159023476 7.992980215713502 2.222021511852825 215057.421875 54.495588356702655 9.707205773209008 7897.06445312494 0.0 54.00865018175381 11.350961352517027
A439 12CO10 ../products_1pc/A439_12CO10_12p7sT_2024_0.2_4asec_grid_K.fits 7 6.655528647159959 1.9198828412013225 9.744882062409008 1.9217680716756633 8.055972840998438 1.726026216337358 338845.5 58.21501911431539 10.336718397329532 11745.608402175721 0.0 59.109741536867666 11.995605907148708
A439 12CO10 ../products_1pc/A439_12CO10_12p7sT_2024_0.2_4asec_grid_K.fits 8 7.228680236879525 2.2956104397578 9.631868395089521 2.70767794620579 8.16604414610105 2.2956104397577994 195305.84375 54.39953907627219 9.450199985921383 6990.133789062499 0.0 54.14482855007693 11.404400171234432
A439 12CO10 ../products_1pc/A439_12CO10_12p7sT_2024_0.2_4asec_grid_K.fits 9 8.886675545338834 2.513831143536452 10.782995611486076 2.9303015487709483 9.250457585206505 2.5138311435364518 166494.1875 54.17914534923149 9.005619885128215 6327.312988281249 0.0 54.11762872808127 10.801090956052537
A439 12CO10 ../products_1pc/A439_12CO10_12p7sT_2024_0.2_4asec_grid_K.fits 10 9.109251629090563 2.683757094310538 11.49094176605007 2.9989812142785386 10.283124261705229 2.6837570943105127 145573.328125 54.040516858276085 8.683869103428723 5984.778320312444 0.0 54.15903203408388 10.124420301246268
A439 12CO10 ../products_1pc/A439_12CO10_12p7sT_2024_0.2_4asec_grid_K.fits 11 7.440712173375706 2.4138674022864737 10.210513730439391 2.8670284155119408 8.596645265584202 2.4138674022864732 181121.875 54.27550125089688 9.238566897397611 6585.030273437499 0.0 54.100477413767344 11.202047715576825
A439 12CO10 ../products_1pc/A439_12CO10_12p7sT_2024_0.2_4asec_grid_K.fits 12 9.176387810559007 2.843885346487007 11.748746899112442 3.1039759613150775 10.609591773880314 2.8030153435323832 138583.953125 53.870590079151015 8.571545184932809 5824.6658838602925 0.0 53.98320015413795 9.898841269593118
A439 12CO10 ../products_1pc/A439_12CO10_12p7sT_2024_0.2_4asec_grid_K.fits 13 9.25320492884156 3.2719666077210023 11.779196774411549 3.4090693367384777 10.114773475289134 3.138085689687113 126406.71875 54.422029386957426 8.329164282583253 5573.240184884313 0.0 54.827310630593395 9.353289297370484
A439 12CO10 ../products_1pc/A439_12CO10_12p7sT_2024_0.2_4asec_grid_K.fits 14 7.038693198674841 2.09882241168318 8.110281456002928 2.418352385087922 7.049848021493645 2.0988224116831753 241003.859375 54.5590147768241 9.378881811989716 8896.90820312498 0.0 54.225876232204655 11.019156386153787
A439 12CO10 ../products_1pc/A439_12CO10_12p7sT_2024_0.2_4asec_grid_K.fits 15 9.38814364346591 4.2909797816395425 12.394590809458576 3.7424110754320905 11.199250196459271 3.3814910565486445 15831.201171875 45.3869767010765 4.674823750632475 1220.7182714140606 0.0 46.172923380509616 5.373405273223589
A439 12CO10 ../products_1pc/A439_12CO10_12p7sT_2024_0.2_4asec_grid_K.fits 16 9.681147361288266 4.054497612847222 16.09688330649707 4.058615876424475 11.119859112681029 3.5640574079105862 10436.880859375 44.17666629399143 4.38416594621205 833.9894334510772 0.0 44.61526726533727 5.261734685559099
A439 12CO10 ../products_1pc/A439_12CO10_12p7sT_2024_0.2_4asec_grid_K.fits 17 9.865193684895834 6.545176579402043 10.741639036561091 7.126664360795339 9.718286485959487 6.44770930318466 5143.283203125 40.744536317786945 2.768412868379696 670.5617675312046 0.0 40.91820082591402 3.1807716615076496
A439 12CO10 ../products_1pc/A439_12CO10_12p7sT_2024_0.2_4asec_grid_K.fits 18 8.151003182652484 4.202069963727679 8.075063214255609 4.1629207874733885 7.678837468489718 3.9586553408984257 4455.09130859375 42.56725599172109 2.651811514889547 637.3435098846466 0.0 42.61446513677248 2.833598548697374
A439 12CO10 ../products_1pc/A439_12CO10_12p7sT_2024_0.2_4asec_grid_K.fits 19 6.906345068280151 1.99093109311662 9.969786356219206 1.9693980843981498 8.110563634617197 1.766519706510793 325949.90625 57.99322627919455 10.2943388520981 11330.457397560225 0.0 58.76916569583021 11.97600379329482
A439 12CO10 ../products_1pc/A439_12CO10_12p7sT_2024_0.2_4asec_grid_K.fits 20 1.0028270483016968 0.8228324498885717 1.079747128241333 0.8859463616339142 1.0028270483016966 0.8228324498885715 72.12969207763672 37.842639813509 0.8328218446206519 32.09046554565429 0.0 37.65366578912283 0.8356563805431846
A439 12CO10 ../products_1pc/A439_12CO10_12p7sT_2024_0.2_4asec_grid_K.fits 21 5.643545968191964 2.6606468546966506 5.6630135459091555 2.562036875089208 5.061355854729256 2.386173624045125 25418.8515625 55.11242061451426 5.795086341486475 1629.7565852228204 0.0 55.65015011933959 6.3956789546449
A439 12CO10 ../products_1pc/A439_12CO10_12p7sT_2024_0.2_4asec_grid_K.fits 22 2.257006468596282 1.1948857774921493 4.039583785186471 1.5049429787949598 3.2073249816894527 1.194885777492149 259.6284484863281 40.797744902882805 1.349497618985392 60.9391746520996 0.0 40.76817239177359 1.7531656376522904
A439 12CO10 ../products_1pc/A439_12CO10_12p7sT_2024_0.2_4asec_grid_K.fits 23 5.822059837547508 2.7096379118145637 5.589048570222077 2.6011924163297713 5.39971571120564 2.4111938081484303 24038.263671875 55.16296900564761 5.796736584234535 1533.5192619824018 0.0 55.745585745607194 6.441274148481692
A439 12CO10 ../products_1pc/A439_12CO10_12p7sT_2024_0.2_4asec_grid_K.fits 24 8.835582733154297 7.853851318359375 10.270336986330072 9.129188432293397 8.835582733154295 7.853851318359374 1457.6728515625 42.105786506042584 1.1796256301351609 424.1079711914062 0.0 42.18364132065731 1.3820338140635213
A439 12CO10 ../products_1pc/A439_12CO10_12p7sT_2024_0.2_4asec_grid_K.fits 25 9.241937934027778 3.1353908984585352 11.82415916965204 3.3046519165586474 10.171062928516127 3.02338542624712 128592.84375 54.2972088707982 8.359672066410004 5614.426736540902 0.0 54.615408848949905 9.472958729162173
A439 12CO10 ../products_1pc/A439_12CO10_12p7sT_2024_0.2_4asec_grid_K.fits 26 5.977734010611007 2.7432067034995717 5.939030011248404 2.7254452791345414 5.878557087725416 2.4762415129802267 22337.33203125 55.41765020053031 5.598749693906374 1446.1250435804523 0.0 55.91262711397316 6.393112678878566
A439 12CO10 ../products_1pc/A439_12CO10_12p7sT_2024_0.2_4asec_grid_K.fits 27 6.285765460718458 2.905299802578294 6.725185152398113 2.7452699650178047 7.718088656692755 2.567139639591111 17395.1875 55.753846074155625 5.459754695367069 1188.5856531306842 0.0 56.612043779215114 5.970457023792838
A439 12CO10 ../products_1pc/A439_12CO10_12p7sT_2024_0.2_4asec_grid_K.fits 28 8.45304166353666 6.279402378627232 10.02684343543779 7.448512266325216 8.453041663536657 6.279402378627231 899.78857421875 43.33692628564816 1.3769334747398763 219.7790832519531 0.0 43.260531289391444 1.6511840571461516
A439 12CO10 ../products_1pc/A439_12CO10_12p7sT_2024_0.2_4asec_grid_K.fits 29 10.108112225644582 5.274396433817269 8.352623543201618 3.857683080579494 10.108112225631178 5.274396433810273 40775.8125 57.59261886558534 5.745000663699481 3871.406982416741 0.0 59.946776873990665 3.575300473159266
A439 12CO10 ../products_1pc/A439_12CO10_12p7sT_2024_0.2_4asec_grid_K.fits 30 10.092783505154639 5.1323722149410225 8.239691778818768 3.7472779125165303 10.041025641025636 5.13237221494102 43094.96484375 57.767054778381485 6.013068556700497 3915.999999999998 0.0 59.92971592931381 3.701664618185776
A439 12CO10 ../products_1pc/A439_12CO10_12p7sT_2024_0.2_4asec_grid_K.fits 31 8.01882533023232 2.944109783080465 10.101283189836481 3.2206989880638055 9.02191818017447 2.8765536226643236 6071.2724609375 50.68873672640431 3.6330326988342807 595.446599891515 0.0 50.99952386278342 4.255975537688813
A439 12CO10 ../products_1pc/A439_12CO10_12p7sT_2024_0.2_4asec_grid_K.fits 32 9.25320492884156 3.1963766200838832 11.823095721118264 3.349226785685317 10.147624116055372 3.0755450428748676 127153.7734375 54.37555411257069 8.331071926637971 5591.34088794651 0.0 54.73911509133427 9.3897194773011
A439 12CO10 ../products_1pc/A439_12CO10_12p7sT_2024_0.2_4asec_grid_K.fits 33 7.792504769784433 5.3948109944661455 11.024506893730438 4.805554287010703 10.171508828944829 4.4337346177451815 638.95458984375 45.80044193572761 1.3601035221020983 172.9156500920621 0.0 46.05128687060228 1.5161320245330017
A439 12CO10 ../products_1pc/A439_12CO10_12p7sT_2024_0.2_4asec_grid_K.fits 34 5.585699081420898 3.437353280874399 5.927359149688583 3.685601522562773 5.528114554808311 3.4373532808743983 2420.052734375 46.934963473903146 1.679198039112226 536.2271118164061 0.0 46.78528862121313 1.8022202120595912
A439 12CO10 ../products_1pc/A439_12CO10_12p7sT_2024_0.2_4asec_grid_K.fits 35 5.718073465737952 4.314546342329545 6.522830482338789 4.921772091219268 5.718073465737951 4.314546342329544 1804.015625 46.689175387206184 1.3293403158983397 474.6000976562499 0.0 46.72508497707008 1.5173559705975461
A439 12CO10 ../products_1pc/A439_12CO10_12p7sT_2024_0.2_4asec_grid_K.fits 36 10.320217993951612 3.854539250753012 35.004836196322344 3.1630876081014168 29.001496974528926 2.6206171964935776 6005.44140625 51.063975775976765 4.56284473758566 435.0224546179339 0.0 50.77820121213224 5.947210590451007
A439 12CO10 ../products_1pc/A439_12CO10_12p7sT_2024_0.2_4asec_grid_K.fits 37 10.579926990327381 8.384093086674529 10.587211279597115 8.389865542322243 10.185902605673574 8.071847347892266 1631.7607421875 47.1515261980205 1.463981793843089 427.8079094382901 0.0 47.016683762415255 1.5334268762592627
A439 12CO10 ../products_1pc/A439_12CO10_12p7sT_2024_0.2_4asec_grid_K.fits 38 7.634402465820313 5.453144618443081 10.20627416557126 7.2901958325509 7.634402465820311 5.453144618443079 424.8174743652344 45.97728186198993 0.8302620977464105 152.68804931640622 0.0 45.929445511653356 1.0996159938486856
A439 12CO10 ../products_1pc/A439_12CO10_12p7sT_2024_0.2_4asec_grid_K.fits 39 9.86532253689236 7.3989919026692705 12.61663741068892 8.411091607125947 11.098487854003904 7.39899190266927 2734.703125 47.740256837427275 1.5441468636599776 621.5153198242186 0.0 47.69671813423349 1.78129500303331
A439 12CO10 ../products_1pc/A439_12CO10_12p7sT_2024_0.2_4asec_grid_K.fits 40 9.64900814194277 7.087324564435841 11.861492352182733 8.292547750641026 10.137565516218354 7.08732456443584 3900.30517578125 48.118552026834585 1.6605128114544274 800.8676757812499 0.0 48.08541842066909 1.9414392732508028
A439 12CO10 ../products_1pc/A439_12CO10_12p7sT_2024_0.2_4asec_grid_K.fits 41 7.893647043328536 5.768434377817007 8.248959927925757 6.028086101176514 7.551321716411714 5.518273561993175 526.1493530273438 48.20957523034521 1.339264359975904 143.47511261182257 0.0 48.21121536882637 1.5101792685748252
A439 12CO10 ../products_1pc/A439_12CO10_12p7sT_2024_0.2_4asec_grid_K.fits 42 5.958198879076087 3.8066270616319446 7.1037337603717985 3.9465187557621104 5.727041242965846 3.658943016339291 538.481201171875 49.479195112007105 1.5120422977223666 131.72194858821447 0.0 49.53395901161172 1.6760741848343095
A439 12CO10 ../products_1pc/A439_12CO10_12p7sT_2024_0.2_4asec_grid_K.fits 43 3.9677391052246094 2.7052766626531426 4.538759949101857 3.0946090562058117 3.9677391052246054 2.7052766626531404 171.5305938720703 49.7075392283312 1.0051321953621133 59.516086578369084 0.0 49.82076891807033 1.1861705398187865
A439 12CO10 ../products_1pc/A439_12CO10_12p7sT_2024_0.2_4asec_grid_K.fits 44 10.04614951393821 7.367176310221354 13.378439389498686 8.918959592999125 11.05076446533203 7.367176310221353 344.3990783691406 49.79039768569097 1.0269908895396591 110.5076446533203 0.0 49.890440301756016 1.2936583231064527
A439 12CO10 ../products_1pc/A439_12CO10_12p7sT_2024_0.2_4asec_grid_K.fits 45 7.917905061141305 5.6034405048076925 8.248672479078568 5.837522062117141 7.73903739915498 5.4768572363250625 8396.7763671875 59.558339889832425 2.9427915899413803 1067.9871610833873 0.0 59.87146075968316 3.2138379552105536
A439 12CO10 ../products_1pc/A439_12CO10_12p7sT_2024_0.2_4asec_grid_K.fits 46 8.715658436650815 7.159290858677456 13.309105178051636 8.080528143817064 11.79177317899816 7.159290858677454 677.0067749023438 52.5584971858071 1.1937277835405442 200.46014404296872 0.0 52.56514971894952 1.4060143932150975
A439 12CO10 ../products_1pc/A439_12CO10_12p7sT_2024_0.2_4asec_grid_K.fits 47 9.901624274976326 9.076488918728298 10.687741588347244 9.797096455984974 9.901624274976315 9.07648891872829 591.0502319335938 51.014274223037376 0.6685510470109693 326.7536010742184 0.0 51.01967959463976 0.7400649951402961
A439 12CO10 ../products_1pc/A439_12CO10_12p7sT_2024_0.2_4asec_grid_K.fits 48 11.151420593261719 4.848443736200747 10.013007227399719 4.353481403217269 9.280188751342443 4.034864674496714 949.9209594726562 55.17612424968701 1.8923567374251844 185.60377502684887 0.0 55.174554966923374 2.100816863699161
A439 12CO10 ../products_1pc/A439_12CO10_12p7sT_2024_0.2_4asec_grid_K.fits 49 3.969363579383263 3.8223501134801796 4.663618418466142 4.490891810374803 3.9693635793832627 3.8223501134801787 150.8450469970703 53.73633822216475 0.49630055823333735 103.20345306396483 0.0 53.775461274788675 0.5712034706877099
A439 12CO10 ../products_1pc/A439_12CO10_12p7sT_2024_0.2_4asec_grid_K.fits 50 6.109952613370582 2.6912886511275182 6.718121242330466 2.919183635060262 6.193650594375658 2.691288651127518 84571.46875 67.76567895213026 5.292000653117034 5877.774414062499 0.0 67.68947771964159 5.892831592547827
A439 12CO10 ../products_1pc/A439_12CO10_12p7sT_2024_0.2_4asec_grid_K.fits 51 6.284278869628906 2.8698847437245156 6.909336798246829 3.0637731979993585 6.448630281643166 2.8594843756521686 78284.953125 67.774770070173 5.195564563493762 5610.308345029554 0.0 67.69680995666924 5.713485843844958
A439 12CO10 ../products_1pc/A439_12CO10_12p7sT_2024_0.2_4asec_grid_K.fits 52 4.2036180022013125 2.506935283026153 4.84534749278031 2.4985070267549214 4.689498342053478 2.4181432966437213 14379.7685546875 62.60748226703333 3.7826198355385694 1467.8129810627388 0.0 62.614340437924 3.9536696414206727
A439 12CO10 ../products_1pc/A439_12CO10_12p7sT_2024_0.2_4asec_grid_K.fits 53 9.104988529997051 6.521140433646537 10.489360587864946 6.520413338402534 9.894232431350703 6.150468808677464 2603.34521484375 58.87293205179315 2.152459458038747 455.1346918421323 0.0 59.20726175139371 2.320173189676974
A439 12CO10 ../products_1pc/A439_12CO10_12p7sT_2024_0.2_4asec_grid_K.fits 54 6.304831664486708 2.9226382755145517 6.924508827938937 3.119115408075274 6.47497852233365 2.9166264030857922 77189.3359375 67.79259400092909 5.17708425974373 5562.006550684606 0.0 67.72161463021824 5.67751322646294
A439 12CO10 ../products_1pc/A439_12CO10_12p7sT_2024_0.2_4asec_grid_K.fits 55 6.392913095194016 2.9810047803004145 7.017467571711592 3.194692419386935 6.5480808887666635 2.981004780300404 74008.15625 67.73911450310844 5.106014274304985 5395.618652343731 0.0 67.67692585485922 5.604359087513942
A439 12CO10 ../products_1pc/A439_12CO10_12p7sT_2024_0.2_4asec_grid_K.fits 56 6.631873959400615 3.142091739987864 6.169094635328263 2.6353413976159574 6.306706136541783 2.6941268932799853 17119.27734375 66.75382405451055 5.03212453370492 1387.4753500391923 0.0 66.64738624127632 4.825127212178865
A439 12CO10 ../products_1pc/A439_12CO10_12p7sT_2024_0.2_4asec_grid_K.fits 57 6.6825253326113865 3.161288330649883 6.058800525154252 2.681764166871554 6.084256778750352 2.693031688955074 14656.138671875 66.62842929007665 5.106004259531116 1149.9245311838165 0.0 66.55016622682942 5.030458469623648
A439 12CO10 ../products_1pc/A439_12CO10_12p7sT_2024_0.2_4asec_grid_K.fits 58 6.510334667597434 3.0197848634534834 6.3070621619640646 2.6029145430327887 6.080296461518412 2.509328698404424 19880.484375 67.35198886761225 5.373955409084035 1422.7893719953083 0.0 67.15793916524771 5.616814087273173
A439 12CO10 ../products_1pc/A439_12CO10_12p7sT_2024_0.2_4asec_grid_K.fits 59 6.622214137917698 3.5576788719664227 6.102694560872143 2.856580432748663 7.905460833889233 3.0276232980852384 6497.99609375 67.3935742215444 4.82708788012844 569.1931800400248 0.0 67.94136214540248 4.42612211713663
A439 12CO10 ../products_1pc/A439_12CO10_12p7sT_2024_0.2_4asec_grid_K.fits 60 6.874620056152343 3.559673815483414 6.775475301268108 3.0040133212742095 6.993745230972678 3.1007867205283395 10335.38671875 66.69917633702562 4.441978615361739 958.1430966432569 0.0 66.8962128846946 4.219261344313757
A439 12CO10 ../products_1pc/A439_12CO10_12p7sT_2024_0.2_4asec_grid_K.fits 61 6.38934449815838 3.1171734613656783 7.2879546556369466 3.5555789559846023 6.389344498158379 3.117173461365678 48237.61328125 67.79556372482641 4.862844539839892 3469.4140624999995 0.0 67.77006670163907 5.588358062294483
A439 12CO10 ../products_1pc/A439_12CO10_12p7sT_2024_0.2_4asec_grid_K.fits 62 10.386344877745817 8.302128514318563 11.636149637337896 9.301136332186479 10.386344877745767 8.302128514318522 14114.701171875 60.618120953886695 2.024764675051881 2482.336425781238 0.0 60.57334843231466 2.2677122988468312
A439 12CO10 ../products_1pc/A439_12CO10_12p7sT_2024_0.2_4asec_grid_K.fits 63 7.02905641753098 4.087070398163378 7.616500899135135 4.428642126815417 7.029056417530979 4.087070398163377 41441.61328125 67.38573060228093 4.678140288162417 3261.4821777343745 0.0 67.28542157190137 5.160082156319982
A439 12CO10 ../products_1pc/A439_12CO10_12p7sT_2024_0.2_4asec_grid_K.fits 64 7.44133003351047 4.830121965738262 7.708642806480219 5.003633057254047 7.353029839541768 4.772806848071593 32916.5390625 66.98900208849702 4.323645591092438 2897.0937567794567 0.0 66.99056064375087 4.610969611109171
A439 12CO10 ../products_1pc/A439_12CO10_12p7sT_2024_0.2_4asec_grid_K.fits 65 6.6848366029800905 3.859928934898865 7.602054467109229 4.212547062100108 6.965712090500261 3.8599289348988646 43226.46484375 67.4725042684332 4.76564683958077 3315.6789550781245 0.0 67.34371314127473 5.285062575311716
A439 12CO10 ../products_1pc/A439_12CO10_12p7sT_2024_0.2_4asec_grid_K.fits 66 4.6632199968610495 3.2642539978027343 5.581212497632911 4.092889164930801 4.451255451549183 3.264253997802734 279.7505187988281 57.98072978057384 0.9089285132969168 97.92761993408202 0.0 58.093626892775504 1.1385463374550993
A439 12CO10 ../products_1pc/A439_12CO10_12p7sT_2024_0.2_4asec_grid_K.fits 67 8.557928399725276 5.503685401943463 9.177124199564554 5.674900123405643 8.539552002409629 5.2806416976031265 13007.4599609375 65.62971433792589 3.2311558462122036 1494.4216004216848 0.0 65.92041043259428 3.5592918693481734
A439 12CO10 ../products_1pc/A439_12CO10_12p7sT_2024_0.2_4asec_grid_K.fits 68 2.281520029132286 1.6244422607421876 3.660630782263344 1.757102775486405 3.2261091637891766 1.5485323986188049 885.4572143554688 60.46152845930102 1.6083126165233426 193.5665498273506 0.0 60.316477679464306 1.914870400568831
A439 12CO10 ../products_1pc/A439_12CO10_12p7sT_2024_0.2_4asec_grid_K.fits 69 4.685706615447998 3.945858202482525 6.086453734181885 5.125434723521587 4.685706615447997 3.945858202482524 399.5750427246094 60.022801438142864 0.8184537011306677 149.9426116943359 0.0 60.07107209764145 1.0647675657681488
A439 12CO10 ../products_1pc/A439_12CO10_12p7sT_2024_0.2_4asec_grid_K.fits 70 9.020037457659528 5.758327484130859 10.81209174462889 6.178338139787938 9.219669146736981 5.638815504923957 11317.623046875 65.46713402720505 3.2624630293028414 1263.0946731029665 0.0 65.6505962031053 3.7031368687779174
A439 12CO10 ../products_1pc/A439_12CO10_12p7sT_2024_0.2_4asec_grid_K.fits 71 6.754911064581059 3.2429237605640724 6.115742279357856 2.6924651544342764 6.316351557607448 2.7807837046070527 15947.9345703125 66.64355600984052 4.953886368398475 1326.433827097564 0.0 66.59411428645525 4.683303203411657
A439 12CO10 ../products_1pc/A439_12CO10_12p7sT_2024_0.2_4asec_grid_K.fits 72 5.133444133557771 4.240671240765115 5.002942237882458 4.132865326946378 6.095964908599853 4.240671240765115 278.2398986816406 61.240673840523 1.1677513624746734 97.53543853759764 0.0 61.51715859388869 1.021010891526539
A439 12CO10 ../products_1pc/A439_12CO10_12p7sT_2024_0.2_4asec_grid_K.fits 73 4.7658455984933035 2.7049393937394424 5.565556049876775 2.978324588852977 5.054684725674591 2.7049393937393753 3957.646728515625 67.09531750822507 2.865519284678636 500.4137878417844 0.0 67.0863783448386 3.280473318416361
A439 12CO10 ../products_1pc/A439_12CO10_12p7sT_2024_0.2_4asec_grid_K.fits 74 10.993877542429956 10.627414957682292 17.298737846183815 10.955867302583082 10.846056177100136 10.484520971196797 725.9469604492188 60.5059922447739 0.8811441025267438 314.53562913590395 0.0 60.38400968620296 0.9249585351926943
A439 12CO10 ../products_1pc/A439_12CO10_12p7sT_2024_0.2_4asec_grid_K.fits 75 8.729273828966864 8.166094872259325 11.861938421994243 7.6528634980608015 10.892761262772998 7.02758791146645 767.5821533203125 62.09382515764469 1.2907712202975905 217.85522525545997 0.0 62.24357005659309 1.4480486114337077
A439 12CO10 ../products_1pc/A439_12CO10_12p7sT_2024_0.2_4asec_grid_K.fits 76 4.4756927490234375 4.195961952209473 4.734738620356009 4.438817456583759 4.475692749023437 4.195961952209472 210.53590393066406 61.1121995790452 0.5913151027976611 134.2707824707031 0.0 61.118569934957 0.6239826233865569
A439 12CO10 ../products_1pc/A439_12CO10_12p7sT_2024_0.2_4asec_grid_K.fits 77 7.341869877833946 3.3732915654912725 8.338643788643529 3.8312687677551347 7.730113366103534 3.3427517258826094 3396.023681640625 65.48406538376072 3.185775571746058 371.04544157296965 0.0 65.65290912929035 3.8506312653424577
A439 12CO10 ../products_1pc/A439_12CO10_12p7sT_2024_0.2_4asec_grid_K.fits 78 6.626015014648438 4.247445522210537 13.413412845462346 4.127203952449952 5.747437544091099 3.6842548359558327 500.4237365722656 61.56335663105333 1.240301958291213 143.68593860227747 0.0 61.351813053455075 1.445234917802972
A439 12CO10 ../products_1pc/A439_12CO10_12p7sT_2024_0.2_4asec_grid_K.fits 79 7.7824814255173145 4.6443840765183975 9.328873591312622 4.814902498741998 7.7824814255165125 4.644384076517919 1740.9627685546875 67.17785780355543 2.3265927089926968 287.95181274411095 0.0 67.5740575938608 2.411768921798846
A439 12CO10 ../products_1pc/A439_12CO10_12p7sT_2024_0.2_4asec_grid_K.fits 80 3.650015536221591 1.509404920993891 3.6097698631957837 1.492761973502016 3.4208169587987203 1.4146235543904482 1590.055419921875 66.43248085146296 3.195068128131679 188.1449327339296 0.0 66.06633634023208 3.4232911856494943
A439 12CO10 ../products_1pc/A439_12CO10_12p7sT_2024_0.2_4asec_grid_K.fits 81 10.275037841796875 8.562531534830729 11.02979693228076 9.1914974435673 10.275037841796873 8.562531534830727 452.68841552734375 62.060064202483886 0.6549406119100537 256.8759460449218 0.0 62.07034778507724 0.7137742395027992
A439 12CO10 ../products_1pc/A439_12CO10_12p7sT_2024_0.2_4asec_grid_K.fits 82 6.765574398203793 3.997839417120423 7.009615410693714 3.4340035092792434 6.801670803573971 3.3321316562963395 5513.89794921875 69.00868189625129 3.235212894547617 659.7620679466752 0.0 68.80148618744278 3.3484401951598035
A439 12CO10 ../products_1pc/A439_12CO10_12p7sT_2024_0.2_4asec_grid_K.fits 83 7.284068792638644 5.070283179189644 7.831935336036257 5.451641263319355 10.030342517986256 4.916834567640321 2338.68798828125 65.50174536467617 1.677856864705504 501.51712589931276 0.0 65.41276200380882 1.9374358305896238
A439 12CO10 ../products_1pc/A439_12CO10_12p7sT_2024_0.2_4asec_grid_K.fits 84 7.2964630126953125 4.191585134952627 10.789249021689782 4.36161130664055 9.82135127328041 3.970333493453783 1105.751708984375 67.05577580048525 2.1519038728333117 186.6056741923278 0.0 67.34671573790254 2.443292345998101
A439 12CO10 ../products_1pc/A439_12CO10_12p7sT_2024_0.2_4asec_grid_K.fits 85 4.057800572946531 2.4038057741911514 3.165634481241961 1.875294339431379 3.3330551292465045 1.974472875477549 2572.593017578125 71.70734740801782 2.9743624292826913 363.303009087869 0.0 72.07411976222573 2.748492069201047
A439 12CO10 ../products_1pc/A439_12CO10_12p7sT_2024_0.2_4asec_grid_K.fits 86 2.735914768316807 1.9053692136492049 2.996253802171518 2.0866767550837357 2.735914768316803 1.905369213649202 306.84521484375 66.685723145107 1.0475776293042371 106.70067596435531 0.0 66.84120751202505 1.155604729322541
A439 12CO10 ../products_1pc/A439_12CO10_12p7sT_2024_0.2_4asec_grid_K.fits 87 7.007697472205529 4.480331170754354 8.96919150590792 5.293293347748937 7.591672261555944 4.480331170754328 1552.71337890625 68.12419939955163 1.918428259493289 273.300201416014 0.0 68.09652484350423 2.3382226496501133
A439 12CO10 ../products_1pc/A439_12CO10_12p7sT_2024_0.2_4asec_grid_K.fits 88 6.5518026044291835 5.077647018432617 7.661921381649343 5.937989070778241 6.551802604429183 5.077647018432616 770.01708984375 66.86366707329447 1.2933350420013465 203.10588073730466 0.0 66.74666234845748 1.5452258754827681
A439 12CO10 ../products_1pc/A439_12CO10_12p7sT_2024_0.2_4asec_grid_K.fits 89 1.5837088554136214 1.0228119691212971 1.653286468607163 1.0677475109754595 1.560209650372913 1.007635399199173 254.03695678710938 68.86656778727969 1.977411985768042 48.366499161560306 0.0 69.1742076138782 2.1242096196213365
A439 12CO10 ../products_1pc/A439_12CO10_12p7sT_2024_0.2_4asec_grid_K.fits 90 nan 0.0 0.0 0.0 1.3105110522772045e-08 1.1913736838883677e-09 0.0 nan nan 1.0484088418217636e-07 0.0 68.94889041317239 1.9218714112308504
A439 12CO10 ../products_1pc/A439_12CO10_12p7sT_2024_0.2_4asec_grid_K.fits 91 3.097053859544837 2.374407958984375 6.310604862311696 2.944948935745458 3.0970538595448365 2.3744079589843747 137.62481689453125 68.44813924294131 0.6214522955481617 71.23223876953124 0.0 68.56420374178961 0.7356970538491507
A439 12CO10 ../products_1pc/A439_12CO10_12p7sT_2024_0.2_4asec_grid_K.fits 92 0.9435102674696181 0.6531994159405048 1.1281772940001764 0.6074800813847104 1.0214623424782128 0.5500181844113453 51.0820198059082 70.66976965419285 1.290246639250871 14.30047279469498 0.0 70.90461820258339 1.4774312677766095
A439 12CO10 ../products_1pc/A439_12CO10_12p7sT_2024_0.2_4asec_grid_K.fits 93 10.54693603515625 10.54693603515625 14.974261292743538 10.36679627959168 13.624364801377803 9.432252554800018 557.1361083984375 71.2954498807969 1.6492384664682456 122.61928321240023 0.0 71.45697253573958 1.8755210959636461
A439 12CO10 ../products_1pc/A439_12CO10_12p7sT_2024_0.2_4asec_grid_K.fits 94 4.953845716502569 2.260192108154297 6.154545432803777 2.3848863552114636 5.7722798435696845 2.2367584393832525 3238.657470703125 77.8752042604218 3.3860035772199253 357.8813503013204 0.0 78.3287146591567 3.694462450321875
A439 12CO10 ../products_1pc/A439_12CO10_12p7sT_2024_0.2_4asec_grid_K.fits 95 4.497596509528883 3.8056585849859776 4.209166081612776 3.5616020690569643 4.28114300995876 3.6225056238112585 493.2125549316406 71.41730241918044 1.416557432272321 141.27771932863908 0.0 71.23173800374009 1.3881728175779338
A439 12CO10 ../products_1pc/A439_12CO10_12p7sT_2024_0.2_4asec_grid_K.fits 96 8.860334508559284 6.025027465820313 6.599178782066517 4.487441571805231 8.74142535831752 5.944169243655913 408.6687927246094 73.40674738135152 1.453258008953814 148.60423109139782 0.0 72.87869856689754 0.9039314318616211
A439 12CO10 ../products_1pc/A439_12CO10_12p7sT_2024_0.2_4asec_grid_K.fits 97 4.863785842369342 4.148523218491498 5.402731867411028 4.6082124751447004 4.863785842369341 4.148523218491498 436.73529052734375 73.02831647979566 1.1120311175557336 141.0497894287109 0.0 73.04407538510956 1.2558601115851247
A439 12CO10 ../products_1pc/A439_12CO10_12p7sT_2024_0.2_4asec_grid_K.fits 98 3.7607103657518697 2.6347491784010106 4.7660235650986 2.5114375672375853 4.885600700903998 2.5744482735302503 2718.374755859375 78.48050431349945 2.5857142973389604 429.9328616795518 0.0 77.96778736361955 2.46686907594093
A439 12CO10 ../products_1pc/A439_12CO10_12p7sT_2024_0.2_4asec_grid_K.fits 99 2.2220869220671107 1.5761314214662063 1.7480812262606318 1.2399180790918434 2.2220869220671102 1.576131421466206 490.919677734375 75.44715784896934 1.8366612469206474 135.54730224609372 0.0 74.84377972945923 1.2400904605604708
A439 12CO10 ../products_1pc/A439_12CO10_12p7sT_2024_0.2_4asec_grid_K.fits 100 6.796346706814236 4.564710474725979 7.058421911763407 4.740731134766468 6.7963467068142345 4.564710474725978 1402.5277099609375 75.06823695742558 1.7615760133626708 305.83560180664057 0.0 75.05483518114197 1.8375986098758406
A439 12CO10 ../products_1pc/A439_12CO10_12p7sT_2024_0.2_4asec_grid_K.fits 101 4.492919921875 3.33759765625 6.855461064242454 3.3297953740606205 4.936602782526374 2.961961669515824 497.0975646972656 75.4166164100286 1.7016338308628494 103.66865843305385 0.0 75.62639896168483 2.0007300628502285
A439 12CO10 ../products_1pc/A439_12CO10_12p7sT_2024_0.2_4asec_grid_K.fits 102 3.3012955405495386 1.9112763655813116 4.27497515574921 1.743739866160862 4.140871797229156 1.6890398120276822 643.0809936523438 75.92078954685586 1.9358889949635747 128.36702571410385 0.0 75.65754270112602 2.0273267106151898
A439 12CO10 ../products_1pc/A439_12CO10_12p7sT_2024_0.2_4asec_grid_K.fits 103 3.222387186686198 2.0139919916788735 2.8380057579464384 1.892003838630959 3.02098798751831 2.0139919916788735 121.70714569091797 77.03005988315613 1.0692835564888366 48.33580780029296 0.0 77.40437812656538 0.8790281842396925
A439 12CO10 ../products_1pc/A439_12CO10_12p7sT_2024_0.2_4asec_grid_K.fits 104 5.425152049345129 3.4158364755135997 6.915241759746937 4.097921042813 5.764224052429198 3.415836475513599 589.4212646484375 75.22608990945552 1.062621306336246 184.45516967773435 0.0 75.06777194614769 1.2809452278568192
A439 12CO10 ../products_1pc/A439_12CO10_12p7sT_2024_0.2_4asec_grid_K.fits 105 3.37112788150185 3.37112788150185 6.148538956117204 3.5596804482783817 5.492466295305025 3.179848907808173 158.52142333984375 75.62969081785683 0.935046943244054 60.41712924835528 0.0 75.54703614126247 1.0899481405343092
A439 12CO10 ../products_1pc/A439_12CO10_12p7sT_2024_0.2_4asec_grid_K.fits 106 5.289356413341704 4.829412377398947 6.001677663880565 5.479792649630081 5.289356413341703 4.8294123773989455 371.3975524902344 76.6921774926448 1.175593406852618 111.07648468017575 0.0 76.60233173305126 1.34898966048838
A439 12CO10 ../products_1pc/A439_12CO10_12p7sT_2024_0.2_4asec_grid_K.fits 107 1.9039018154144287 1.015414301554362 1.4888782703809151 1.1166587027856862 1.3538857354058156 1.0154143015543617 481.16143798828125 79.66650801740478 1.4325150023713078 121.84971618652341 0.0 79.88651966849855 1.5599034119691941
A439 12CO10 ../products_1pc/A439_12CO10_12p7sT_2024_0.2_4asec_grid_K.fits 108 6.390254773591694 5.518856395374645 9.98612034311624 8.624376659964026 6.3902547735916935 5.518856395374645 237.74478149414062 76.51069890831317 0.499885641396332 121.41484069824217 0.0 76.51711478909635 0.7386357716325859
A439 12CO10 ../products_1pc/A439_12CO10_12p7sT_2024_0.2_4asec_grid_K.fits 109 3.064924621582031 3.064924621582031 3.848274247719532 3.848274247719532 3.0649246215820307 3.0649246215820307 157.1432342529297 77.68263692549012 0.46544856352295527 107.27236175537108 0.0 77.74573102364764 0.5744723183115138
A439 12CO10 ../products_1pc/A439_12CO10_12p7sT_2024_0.2_4asec_grid_K.fits 110 5.448754254509421 5.448754254509421 7.099299692248813 7.099299692248813 5.44875425450942 5.44875425450942 219.4642791748047 77.84414110704785 0.3627266640043978 185.25764465332028 0.0 77.98898297939638 0.5380210852804012
A439 12CO10 ../products_1pc/A439_12CO10_12p7sT_2024_0.2_4asec_grid_K.fits 111 6.0290077209472654 4.823206176757813 6.965705043203966 4.458051227650539 6.681045528697457 4.275869138366372 386.9515380859375 80.28661522049386 1.3851014367118597 106.8967284591593 0.0 80.00140947544853 1.4588123931359869
A439 12CO10 ../products_1pc/A439_12CO10_12p7sT_2024_0.2_4asec_grid_K.fits 112 0.21528199000388198 0.08331827016977164 0.12914245964223722 0.052153685624749646 0.110779245201392 0.04473777210056215 174.80636596679688 88.22720826621122 3.214318995208269 18.610913193833856 0.0 87.87023983266786 3.982998406123039
A439 12CO10 ../products_1pc/A439_12CO10_12p7sT_2024_0.2_4asec_grid_K.fits 113 0.1315174102783203 0.036497654526997984 0.03960221426296265 0.029370063209374214 0.03486889177631603 0.02585970442741141 40.38612747192383 90.08130403275494 2.624769133467773 5.4046782253289845 0.0 90.37742077291875 3.127405636478158
A439 12CO10 ../products_1pc/A439_12CO10_12p7sT_2024_0.2_4asec_grid_K.fits 114 nan 0.0 0.0 0.0 2.557525575574151e-09 1.9418249740470405e-09 0.0 nan nan 1.0485854859854019e-07 0.0 84.36957592866843 1.1222670345505044
A439 12CO10 ../products_1pc/A439_12CO10_12p7sT_2024_0.2_4asec_grid_K.fits 115 nan 0.0 0.0 0.0 9.501982823732737e-09 2.903383640585003e-09 0.0 nan nan 1.0452181106106011e-07 0.0 84.23057062228533 0.82264361588128
A439 12CO10 ../products_1pc/A439_12CO10_12p7sT_2024_0.2_4asec_grid_K.fits 116 0.07492159880124606 0.022135926918549972 0.0 0.0 -0.14113577674399003 -0.08179459788572149 -6.643290996551514 91.7800975758777 nan -7.197924613943491 0.0 91.72168139398876 0.5054233132119198
A439 12CO10 ../products_1pc/A439_12CO10_12p7sT_2024_0.2_4asec_grid_K.fits 117 2.8462867736816406 1.8975245157877605 3.1740839625959105 2.1160559750639405 2.759126395516811 1.8394175970112074 218.93084716796875 92.43476284812527 1.0583401317653252 71.73728628343709 0.0 92.34650790777727 1.2831042669937622
A439 12CO10 ../products_1pc/A439_12CO10_12p7sT_2024_0.2_4asec_grid_K.fits 118 0.8080702463785807 0.5637699393338935 0.6517406517110604 0.45470278026353056 0.6843332789173368 0.4774418225004675 153.27325439453125 96.61799411139924 1.5636890091216815 41.05999673504021 0.0 97.12331280835693 1.4052103667309037
A439 12CO10 ../products_1pc/A439_12CO10_12p7sT_2024_0.2_4asec_grid_K.fits 119 0.11558126581126246 0.07795015601224678 0.0 0.0 0.11558126581126245 0.07795015601224677 2.8557393550872803 102.50410867102154 nan 3.351856708526611 0.0 103.10348861283772 0.4280626266725461
A439 12CO10 ../products_1pc/A439_12CO10_12p7sT_2024_0.2_4asec_grid_K.fits 120 0.08946360482109918 0.07001499507738196 0.09382966251816428 0.07343190979682422 0.08946360482109916 0.07001499507738196 1.8974781036376953 133.17844787203467 0.4482024017194547 1.610344886779785 0.0 133.11364877636302 0.4394630457832143
A439 C18O10 ../products_1pc/A439_C18O10_12_2024_0.2_4asec_grid_K.fits 0 0.021429129526124777 0.006022938066146699 0.005616542782653637 0.00122257768478228 0.003937650334919624 0.0009774791794856955 313.4111022949219 58.649387273785756 13.59068898192778 7.355530825629859 0.0 60.63246237039387 19.813227705066556
A439 C18O10 ../products_1pc/A439_C18O10_12_2024_0.2_4asec_grid_K.fits 1 0.02531880266984737 0.00706831019308838 0.007276575563062926 0.0014136903992136552 0.005234665572244839 0.0011284833585685284 305.1878967285156 57.459070676066034 13.102658776668624 7.417521115870937 0.0 58.69949112703496 18.78399711685193
A439 C18O10 ../products_1pc/A439_C18O10_12_2024_0.2_4asec_grid_K.fits 2 0.019098538952881303 0.006048513345908183 0.006065411226660171 0.0019209176598998755 0.010282716277164454 0.003226880677691066 137.67413330078125 45.55408911690255 8.247072758583995 11.187595309554926 0.0 44.74420340976677 4.620904393621386
A439 C18O10 ../products_1pc/A439_C18O10_12_2024_0.2_4asec_grid_K.fits 3 0.025153907681078218 0.007007809018313634 0.007110943706522296 0.0014127702728189992 0.005154829530177792 0.0011288797360639203 307.851806640625 57.497594015952295 13.084303237764674 7.500276966408687 0.0 58.65873214656945 18.717608113889558
A439 C18O10 ../products_1pc/A439_C18O10_12_2024_0.2_4asec_grid_K.fits 4 0.02866750014455695 0.006920071917208331 0.009159633319229263 0.002517291403679858 0.012628007987111237 0.003926461861589251 160.2811279296875 47.01007173544415 8.49263677641702 11.74404742801345 0.0 44.86545504446251 4.54077252173966
A439 C18O10 ../products_1pc/A439_C18O10_12_2024_0.2_4asec_grid_K.fits 5 0.024264364803538604 0.006589364243772464 0.008668901448570552 0.00235417451478753 0.012152306989855229 0.003742755251827617 156.1892547607422 46.61957762751197 8.45625804432578 11.71482393822044 0.0 44.84447574474994 4.588914681016958
A439 C18O10 ../products_1pc/A439_C18O10_12_2024_0.2_4asec_grid_K.fits 6 0.018264051649305557 0.0057813894500474815 0.0054422166763554445 0.0017227050537140898 0.00989705863262151 0.003132861835030725 135.18154907226562 45.704715284670286 8.808442696912007 11.134190961699197 0.0 44.723498980509284 4.643423007843775
A439 C18O10 ../products_1pc/A439_C18O10_12_2024_0.2_4asec_grid_K.fits 7 0.024612174314611098 0.006886345318886045 0.007143354728729396 0.0014087262374658119 0.005280443736848958 0.0011313573796217164 314.2929382324219 57.822569368029434 13.079464274576605 7.69888696832578 0.0 59.306050378284716 18.550638086731308
A439 C18O10 ../products_1pc/A439_C18O10_12_2024_0.2_4asec_grid_K.fits 8 0.02804928424413663 0.0067520937113143345 0.008487365709867661 0.002332980328131111 0.012159869116687939 0.0037737524844893605 157.20494079589844 47.182995661970764 8.828316275309618 11.491076315270103 0.0 44.8583798613827 4.56353436115329
A439 C18O10 ../products_1pc/A439_C18O10_12_2024_0.2_4asec_grid_K.fits 9 0.03330962653974593 0.007980017800344377 0.011788943330591915 0.002791501877247827 0.01385529499533556 0.004255122380371231 175.10586547851562 49.134093666528976 9.942363101630598 10.710143031394388 0.0 45.02051144786613 4.828311423098481
A439 C18O10 ../products_1pc/A439_C18O10_12_2024_0.2_4asec_grid_K.fits 10 0.03851748206759193 0.008308030885431264 0.013811894292216579 0.003183548729237364 0.014637496518554999 0.004319046057941341 173.0432891845703 49.34113632951709 9.724078642156284 9.63147270920919 0.0 45.142425124940445 5.43218183411474
A439 C18O10 ../products_1pc/A439_C18O10_12_2024_0.2_4asec_grid_K.fits 11 0.03222746446908238 0.007844221556990726 0.010305189892707723 0.0027576204624914363 0.01379638189338039 0.0043290699782747855 168.4453582763672 47.75154182153686 8.932854388620733 11.809702900733614 0.0 44.93039281169592 4.496955847027234
A439 C18O10 ../products_1pc/A439_C18O10_12_2024_0.2_4asec_grid_K.fits 12 0.023255831275890076 0.006849166862774171 0.014585022880304206 0.00346025807506736 0.015090787800678938 0.004582428826866414 165.56141662597656 48.7770154833599 9.185761508560514 9.52228710222841 0.0 45.10958956938229 5.403549440529762
A439 C18O10 ../products_1pc/A439_C18O10_12_2024_0.2_4asec_grid_K.fits 13 0.029522903999033914 0.007746437648395161 0.014572143308179934 0.003823546611267933 0.014030074084178857 0.003697114116776861 160.7315216064453 49.39437098092055 9.442821313383615 6.566074671395705 0.0 45.63721336612474 9.475421525470646
A439 C18O10 ../products_1pc/A439_C18O10_12_2024_0.2_4asec_grid_K.fits 14 0.019157086730634095 0.005124825749596382 0.0066096759947249836 0.0019412707273962265 0.009733473445214236 0.002858734239040275 148.11973571777344 45.115772832418415 7.180810598793923 12.118174439291725 0.0 44.97770096549129 4.673168666646085
A439 C18O10 ../products_1pc/A439_C18O10_12_2024_0.2_4asec_grid_K.fits 15 0.12337121618799417 0.028365127267599766 0.06544526666826014 0.01667857211490286 0.05845839919008215 0.014574116141571728 66.43988800048828 42.954251905130576 4.4022316160715045 5.261255927107394 0.0 42.23248052094556 5.2883270234171365
A439 C18O10 ../products_1pc/A439_C18O10_12_2024_0.2_4asec_grid_K.fits 16 0.1514671891927719 0.04142692353990343 0.07605087520428284 0.023075265553436246 0.06514362093490852 0.020322582599351807 57.307579040527344 42.62929812679202 4.234084907589879 4.755484328248323 0.0 41.850509111989965 5.012742244810733
A439 C18O10 ../products_1pc/A439_C18O10_12_2024_0.2_4asec_grid_K.fits 17 0.15786233441583042 0.08803860957805927 0.1038812605071009 0.05793377989819089 0.10371587122056232 0.057841543565313604 37.59756088256836 40.27505767916163 2.4894564473143466 6.015520530792615 0.0 39.87594546800941 2.4661751906968212
A439 C18O10 ../products_1pc/A439_C18O10_12_2024_0.2_4asec_grid_K.fits 18 0.06562542915344238 0.019565345337672263 0.0 0.0 0.022776321313988893 0.008488070054902694 1.44234037399292 42.91581833258287 nan 1.3665792788393336 0.0 45.251014355938594 1.3563996377292142
A439 C18O10 ../products_1pc/A439_C18O10_12_2024_0.2_4asec_grid_K.fits 19 0.025486306806581212 0.007184166309058127 0.007375393381798756 0.0014465614085286615 0.005306383828835034 0.0011557558791522517 302.52569580078125 57.3900142299844 13.007879464041677 7.4130182088825425 0.0 58.792437950334794 18.70038794674934
A439 C18O10 ../products_1pc/A439_C18O10_12_2024_0.2_4asec_grid_K.fits 20 0.0194216787815094 0.012449794090711154 0.0 0.0 -0.035825986415144145 -0.029395681161143914 -1.2450214624404907 38.903960787235 nan -1.1464315652846127 0.0 38.303110178117564 0.5037784569833359
A439 C18O10 ../products_1pc/A439_C18O10_12_2024_0.2_4asec_grid_K.fits 21 0.027336611331087873 0.012367515228852346 0.0 0.0 0.01672718043540709 0.005510418152220491 14.353620529174805 40.56332185907359 nan 3.763615597966595 0.0 52.9371840574099 2.96723935911236
A439 C18O10 ../products_1pc/A439_C18O10_12_2024_0.2_4asec_grid_K.fits 22 0.04132872157626682 0.021879911422729492 0.0 0.0 -0.0725125325353522 -0.027014472905327287 -0.7606539726257324 45.56118257693202 nan -1.3777381181716917 0.0 41.43859545523978 0.6362442341037248
A439 C18O10 ../products_1pc/A439_C18O10_12_2024_0.2_4asec_grid_K.fits 23 0.02824195011242016 0.013144052253579194 0.0 0.0 0.01850165985883759 0.005701769390459383 13.226786613464355 40.82845014617185 nan 3.626325332332168 0.0 52.8739090690045 2.9647199068095342
A439 C18O10 ../products_1pc/A439_C18O10_12_2024_0.2_4asec_grid_K.fits 24 0.015450184759886368 0.013161268499162462 0.0 0.0 -0.012044487397722233 -0.007806612202227374 -1.2229642868041992 39.76905203817772 nan -0.42155705892027817 0.0 40.95075437432789 1.3813214757628374
A439 C18O10 ../products_1pc/A439_C18O10_12_2024_0.2_4asec_grid_K.fits 25 0.029104399080036068 0.0074602552299930895 0.015173114895629563 0.003840260635942862 0.015252669303272537 0.0040575221517590914 165.96096801757812 49.243857748450594 9.284177196645691 7.534818635816634 0.0 45.55146194530826 7.935732121147265
A439 C18O10 ../products_1pc/A439_C18O10_12_2024_0.2_4asec_grid_K.fits 26 0.02979202412847263 0.013671682305531958 0.0 0.0 0.01902222143571915 0.005504718189446124 9.772539138793945 35.96939549330308 nan 3.2147554226365367 0.0 53.462994251159316 2.811855031843658
A439 C18O10 ../products_1pc/A439_C18O10_12_2024_0.2_4asec_grid_K.fits 27 0.034980310457889165 0.016168005265633438 0.0 0.0 0.018113252140227687 0.005789981245688331 6.018288612365723 38.84103118102416 nan 2.6807613167536974 0.0 54.36025147336046 2.738189311839327
A439 C18O10 ../products_1pc/A439_C18O10_12_2024_0.2_4asec_grid_K.fits 28 0.017148945194024306 0.012739216429846628 0.0 0.0 -0.060086414557895415 -0.034335094033083095 -1.0845446586608887 46.94392866917569 nan -1.2017282911579084 0.0 44.69632782693158 0.6839523380008716
A439 C18O10 ../products_1pc/A439_C18O10_12_2024_0.2_4asec_grid_K.fits 29 0.03580256728528374 0.018681721076653505 0.029277656909812246 0.00610283584087367 0.022812646439332077 0.005656541760161359 69.6304931640625 55.177674876816056 6.201286395242464 4.151901651958438 0.0 56.249757344715256 6.832649593079126
A439 C18O10 ../products_1pc/A439_C18O10_12_2024_0.2_4asec_grid_K.fits 30 0.03396510094711461 0.01727189930207139 0.027679894110291647 0.005840711601254201 0.021965547470150767 0.005584949160169396 73.68490600585938 55.38765904551277 6.596268105752662 4.261316209209249 0.0 56.06604851795239 6.995487586585706
A439 C18O10 ../products_1pc/A439_C18O10_12_2024_0.2_4asec_grid_K.fits 31 0.05682075023651123 0.020861724724516202 0.0 0.0 0.01249020370218092 0.00434441867901945 2.3373234272003174 43.828491591476265 nan 0.8992946665570262 0.0 48.31742691254307 1.8216745628851052
A439 C18O10 ../products_1pc/A439_C18O10_12_2024_0.2_4asec_grid_K.fits 32 0.029474727178024032 0.007652404415856625 0.015426798189668184 0.003971254979518542 0.015843628235051782 0.004244140236782298 167.78382873535156 49.28210893917629 9.271254761817929 7.715846950470218 0.0 45.61271859083672 7.777230014130776
A439 C18O10 ../products_1pc/A439_C18O10_12_2024_0.2_4asec_grid_K.fits 33 0.13739541724876123 0.09511990424914238 0.229154759871585 0.15864560298802038 0.13358485259209796 0.09248182102529859 6.484492778778076 46.543650424881534 0.4181127681219761 3.606791019986645 0.0 46.779070929950464 0.6841420866589092
A439 C18O10 ../products_1pc/A439_C18O10_12_2024_0.2_4asec_grid_K.fits 34 0.03515093276898066 0.021631343242449638 0.0 0.0 -0.04498550161497123 -0.026818279808925156 -5.25903844833374 52.90222794843741 nan -4.183651650192324 0.0 48.025594026219466 0.9178371657643615
A439 C18O10 ../products_1pc/A439_C18O10_12_2024_0.2_4asec_grid_K.fits 35 0.057090524124772585 0.037887347828258165 0.0 0.0 -0.054324563878141406 -0.03358245767012378 -2.6714694499969482 53.75803805660085 nan -3.6940703437136158 0.0 47.939976937682644 0.8593031965488582
A439 C18O10 ../products_1pc/A439_C18O10_12_2024_0.2_4asec_grid_K.fits 36 0.08725349108378093 0.02838366577424199 0.08273560478926106 0.013456995959699089 0.06715631064654747 0.010923014382269768 18.391630172729492 50.46189270778379 3.284536414655009 1.8132203874567814 0.0 49.97041905746077 4.387136144206482
A439 C18O10 ../products_1pc/A439_C18O10_12_2024_0.2_4asec_grid_K.fits 37 0.10113746779305595 0.053431115060482384 0.13616578533220328 0.10790496196136863 0.06742497852870395 0.05343111506048238 7.284374237060547 47.34350423143415 0.508141926706777 2.831849098205566 0.0 47.20096321746602 1.0516749828672414
A439 C18O10 ../products_1pc/A439_C18O10_12_2024_0.2_4asec_grid_K.fits 38 0.0801956057548523 0.05728257553918021 0.0 0.0 0.0783136734624825 0.055938338187487495 0.7520891427993774 45.913229252077315 nan 1.5662734692496498 0.0 46.029310672987 0.40569426979492
A439 C18O10 ../products_1pc/A439_C18O10_12_2024_0.2_4asec_grid_K.fits 39 0.09622303644816081 0.06185766628810337 0.05177499712464349 0.034516664749762324 0.08278198068960162 0.053216987586172465 11.13425064086914 48.050574384943594 1.5320147575065222 4.470226957238487 0.0 49.04477807066537 0.7592805826427576
A439 C18O10 ../products_1pc/A439_C18O10_12_2024_0.2_4asec_grid_K.fits 40 0.08302035743807569 0.0595101677210985 0.047213262438171796 0.033007502058544885 0.07019791607489229 0.050318860195276774 13.504493713378906 48.23782249771335 1.4444325623727745 5.6860312020662755 0.0 49.06337219132262 0.8232685800101825
A439 C18O10 ../products_1pc/A439_C18O10_12_2024_0.2_4asec_grid_K.fits 41 0.07635001838207245 0.03523847002249498 0.013723439633208614 0.010028667424267834 0.011510601824810666 0.008411593641207794 1.1037681102752686 48.29923258827715 1.688773210448376 0.21870143467140266 0.0 47.81376626972861 2.15074052689934
A439 C18O10 ../products_1pc/A439_C18O10_12_2024_0.2_4asec_grid_K.fits 42 0.07427994064662767 0.04745662874645657 0.0 0.0 0.05945748023308364 0.03798672348224788 2.130337953567505 50.74732867012636 nan 1.3675220453609238 0.0 50.22543317021719 0.8115626943634393
A439 C18O10 ../products_1pc/A439_C18O10_12_2024_0.2_4asec_grid_K.fits 43 0.04271634419759115 0.029124780134721237 0.0 0.0 -0.13136684803755147 -0.09553952584549198 -1.6189031600952148 51.6790008412158 nan -2.1018695686008235 0.0 50.79116467339755 0.5118906449666861
A439 C18O10 ../products_1pc/A439_C18O10_12_2024_0.2_4asec_grid_K.fits 44 0.03386774063110352 0.02257849375406901 0.0 0.0 -0.04182550117736955 -0.030672034196737672 -0.11383772641420364 44.83221996720867 nan -0.46008051295106506 0.0 48.83397571809068 0.5115347475969145
A439 C18O10 ../products_1pc/A439_C18O10_12_2024_0.2_4asec_grid_K.fits 45 0.09187859429253473 0.04240550505809295 0.0 0.0 -0.028677530367601876 -0.018971289320105857 1.7426166534423828 27.882522737778054 nan -3.699401417420642 0.0 61.346812028304754 1.4905907308831376
A439 C18O10 ../products_1pc/A439_C18O10_12_2024_0.2_4asec_grid_K.fits 46 0.08148673001457662 0.049474086080278666 0.0 0.0 0.06948978346195599 0.04219022567333042 -0.1072683334350586 24.643263131340074 nan 1.1813263188532517 0.0 53.167979375039444 0.5942921449869918
A439 C18O10 ../products_1pc/A439_C18O10_12_2024_0.2_4asec_grid_K.fits 47 0.047980705897013344 0.0439823137389289 0.0 0.0 0.04798070589701334 0.04398231373892889 1.0977184772491455 51.4756374662941 nan 1.5833632946014402 0.0 51.070181278461554 0.3275271845261883
A439 C18O10 ../products_1pc/A439_C18O10_12_2024_0.2_4asec_grid_K.fits 48 0.10958251357078552 0.03811565689418627 0.14221743176445992 0.04946693278763823 0.10958251190398224 0.038115656314428606 4.032495498657227 53.95368635499091 0.7069865355039622 1.753320190463716 0.0 53.79920339677714 0.9518072214576195
A439 C18O10 ../products_1pc/A439_C18O10_12_2024_0.2_4asec_grid_K.fits 49 0.016247056424617767 0.0006017428305413988 0.0 0.0 -0.005336553938065107 -0.005138903792210845 -0.11346793919801712 53.9364345983485 nan -0.1387504023896928 0.0 53.99131176953538 0.24265200398898173
A439 C18O10 ../products_1pc/A439_C18O10_12_2024_0.2_4asec_grid_K.fits 50 0.02810311466145664 0.012378752886593998 0.036306456858663655 0.015327176384472478 0.01481921028558809 0.0064392997074281585 155.68417358398438 68.92251423368081 1.8554093557866063 14.063430561023099 0.0 67.59933683592266 4.932591026710205
A439 C18O10 ../products_1pc/A439_C18O10_12_2024_0.2_4asec_grid_K.fits 51 0.028997423393385752 0.013242452273432025 0.028458628378036935 0.012445210575104837 0.01584670546391714 0.007026826581859281 156.47312927246094 68.65167434050613 2.556516390485546 13.78663375360791 0.0 67.6590674912678 5.010794384097429
A439 C18O10 ../products_1pc/A439_C18O10_12_2024_0.2_4asec_grid_K.fits 52 0.03705086193018259 0.017518282329427353 0.0 0.0 0.025923021395137153 0.012256848666234535 26.560985565185547 59.30816577154255 nan 7.439907140404363 0.0 59.523403802911226 1.7415920158793996
A439 C18O10 ../products_1pc/A439_C18O10_12_2024_0.2_4asec_grid_K.fits 53 0.05833896001180013 0.03547639460177035 0.0 0.0 -0.05625288870996024 -0.03344766355727365 -0.26061153411865234 168.91312076227672 nan -2.4751271032382505 0.0 60.50722289737186 1.0975551015911544
A439 C18O10 ../products_1pc/A439_C18O10_12_2024_0.2_4asec_grid_K.fits 54 0.02952265200032368 0.013685382468949205 0.02724901676809977 0.012117024761063766 0.01609503348678513 0.007249939048321146 157.705078125 68.62601692000811 2.7227580786341528 13.825633765148426 0.0 67.68143786323148 5.013299140067007
A439 C18O10 ../products_1pc/A439_C18O10_12_2024_0.2_4asec_grid_K.fits 55 0.03053601658174777 0.014238893919886805 0.02406091696836829 0.010767592676452109 0.016376503012898082 0.007455380377142552 160.35726928710938 68.82241793797853 3.2824757369921613 13.494238482628019 0.0 67.84087345618217 5.152692986688044
A439 C18O10 ../products_1pc/A439_C18O10_12_2024_0.2_4asec_grid_K.fits 56 0.03487040996551514 0.014896097460996757 0.0 0.0 0.03167171955043879 0.011684712067152174 42.618045806884766 70.02949800951637 nan 6.01762671458337 0.0 69.52625086707667 3.2065722521030486
A439 C18O10 ../products_1pc/A439_C18O10_12_2024_0.2_4asec_grid_K.fits 57 0.048286781109199324 0.021372837540137406 0.0 0.0 0.045541819548904246 0.015891641950320216 44.647117614746094 69.91103129750122 nan 6.785731112786733 0.0 69.29837413593536 3.015406621047089
A439 C18O10 ../products_1pc/A439_C18O10_12_2024_0.2_4asec_grid_K.fits 58 0.06421026789156117 0.01506166777703287 0.0 0.0 0.03181167886656404 0.011445471761515103 42.8195915222168 69.48902185138815 nan 6.489582488779064 0.0 69.34156414339624 3.0126577167881794
A439 C18O10 ../products_1pc/A439_C18O10_12_2024_0.2_4asec_grid_K.fits 59 0.0847642162058613 0.04553822253612762 0.0 0.0 0.06567459913445128 0.026898639007195472 35.717124938964844 70.86120227389665 nan 5.056944133352749 0.0 68.50946895996378 3.365133663067752
A439 C18O10 ../products_1pc/A439_C18O10_12_2024_0.2_4asec_grid_K.fits 60 0.047868353128433225 0.024786202267149893 0.0 0.0 0.044570922897015745 0.017309096270685727 37.31496047973633 70.81797672543418 nan 5.34851074764189 0.0 69.41995903147436 3.112964491268701
A439 C18O10 ../products_1pc/A439_C18O10_12_2024_0.2_4asec_grid_K.fits 61 0.03312723298639173 0.01553676156235084 0.01771295313209668 0.008641629425632073 0.01580206973696568 0.007311829213420777 108.9199447631836 68.33304605611976 4.517796609481612 8.138065914537325 0.0 67.22471339123115 5.598841757468049
A439 C18O10 ../products_1pc/A439_C18O10_12_2024_0.2_4asec_grid_K.fits 62 0.06230847198184174 0.04209468675696332 0.0 0.0 0.04757043420920003 0.032137885318589986 13.5223970413208 57.25202670779175 nan 9.609227710258406 0.0 59.25938060640247 0.9849617499109893
A439 C18O10 ../products_1pc/A439_C18O10_12_2024_0.2_4asec_grid_K.fits 63 0.032295521822842684 0.01780705463916138 0.017987660110822895 0.010774563324527999 0.014739395145149655 0.008828860751104681 92.44509887695312 68.30565639536954 4.289349040189096 7.045430879381535 0.0 67.6410937911308 5.616092195305663
A439 C18O10 ../products_1pc/A439_C18O10_12_2024_0.2_4asec_grid_K.fits 64 0.03393084551836993 0.02068272296836388 0.018687181787117528 0.01212973578933164 0.026761469784894323 0.01547491910131451 74.5305404663086 67.10311284151638 4.038353236372176 9.393275894497908 0.0 65.34387832714243 2.4844222907988467
A439 C18O10 ../products_1pc/A439_C18O10_12_2024_0.2_4asec_grid_K.fits 65 0.03184410994750444 0.016978582486562317 0.01839708305303132 0.010622762740749168 0.014778921607137462 0.008533579880256322 93.74545288085938 68.10977761488894 4.098544283262989 7.330345117140181 0.0 67.51837424584659 5.495785863845176
A439 C18O10 ../products_1pc/A439_C18O10_12_2024_0.2_4asec_grid_K.fits 66 0.035449021740963586 0.02245104710261027 0.0 0.0 -0.10192626998476734 -0.07134838898933714 -1.3567225933074951 60.22234585160865 nan -2.140451669680114 0.0 58.85159361982988 0.4428484616225499
A439 C18O10 ../products_1pc/A439_C18O10_12_2024_0.2_4asec_grid_K.fits 67 0.04967735290527344 0.030719211160504776 0.03330801420886189 0.020596828574384562 0.03598989213562686 0.022255233652772793 45.80302047729492 65.78474951162404 3.1348545426256047 6.2982311237347 0.0 66.05735769344692 2.790136729830484
A439 C18O10 ../products_1pc/A439_C18O10_12_2024_0.2_4asec_grid_K.fits 68 0.04832978475661505 0.016238807678222656 0.0 0.0 -0.02312444451791627 -0.016464604496756383 -2.5421385765075684 55.34535286605339 nan -2.058075562094548 0.0 58.84224170876929 1.0989461372440754
A439 C18O10 ../products_1pc/A439_C18O10_12_2024_0.2_4asec_grid_K.fits 69 0.03140036647136395 0.021484461269880597 0.0 0.0 -0.054010776678721104 -0.042640086851621926 -1.5069479942321777 58.36660423092087 nan -1.620323300361633 0.0 59.231168030865305 0.5450323638255044
A439 C18O10 ../products_1pc/A439_C18O10_12_2024_0.2_4asec_grid_K.fits 70 0.07455359410195456 0.04559751067842756 0.043788735143583835 0.026781503190495468 0.048839053504749715 0.029870313973887102 45.44578170776367 65.78750709210281 3.022182428244521 6.690950330150711 0.0 66.14929985077153 2.569137784326002
A439 C18O10 ../products_1pc/A439_C18O10_12_2024_0.2_4asec_grid_K.fits 71 0.03150311515841422 0.015124137046702003 0.0 0.0 0.0349101307709406 0.012441765683563736 39.62515640258789 70.13602171328395 nan 5.934722231059902 0.0 69.49017378955229 3.0972594385173515
A439 C18O10 ../products_1pc/A439_C18O10_12_2024_0.2_4asec_grid_K.fits 72 0.010278033582787765 0.00849054948143337 -0.07581797683763238 -0.009889301326647702 -0.12142546778576634 -0.015838104493795607 -1.020627737045288 60.26222860650861 1.790127591726596 -0.364276403357299 0.0 60.05242071006042 0.7664538321809085
A439 C18O10 ../products_1pc/A439_C18O10_12_2024_0.2_4asec_grid_K.fits 73 0.06629925785642682 0.023652708208238758 0.012805184935780124 0.006852504371039093 0.02692346975822353 0.014116630089446932 10.582685470581055 66.91255309550094 3.330311865958483 2.6115765665476824 0.0 69.61481760793028 1.3798522966279814
A439 C18O10 ../products_1pc/A439_C18O10_12_2024_0.2_4asec_grid_K.fits 74 0.0925254328497525 0.08944125175476074 0.08786827111241922 0.08493932874200526 0.09252543284975248 0.08944125175476073 4.136690616607666 60.23712240219871 0.6476390510522695 2.683237552642822 0.0 60.15777646813475 0.5829695522500928
A439 C18O10 ../products_1pc/A439_C18O10_12_2024_0.2_4asec_grid_K.fits 75 0.032446485141227985 0.030353163519213276 0.0 0.0 -0.06409320599373784 -0.04135045547983087 -0.7312735319137573 61.0122835921783 nan -1.281864119874757 0.0 61.87129146923807 0.6269885508934746
A439 C18O10 ../products_1pc/A439_C18O10_12_2024_0.2_4asec_grid_K.fits 76 0.022558275858561197 0.021148383617401123 0.0 0.0 0.02255827585855958 0.021148383617399607 -0.15819051861763 65.70784946400646 nan 0.6767482757567874 0.0 60.95102749256406 0.27668336629580353
A439 C18O10 ../products_1pc/A439_C18O10_12_2024_0.2_4asec_grid_K.fits 77 0.08627540309254716 0.031867491232382285 0.0 0.0 -0.045754307680081104 -0.021022249474631858 -0.4722573757171631 52.301985766039934 nan -2.333469691684136 0.0 65.36010860153543 1.5866403397908309
A439 C18O10 ../products_1pc/A439_C18O10_12_2024_0.2_4asec_grid_K.fits 78 0.12471417819752413 0.05436259049635667 0.0 0.0 0.1247141781967028 0.054362590495998654 1.1146012544631958 64.51809800541244 nan 2.1201410293439475 0.0 62.77106836591329 0.6136516286004127
A439 C18O10 ../products_1pc/A439_C18O10_12_2024_0.2_4asec_grid_K.fits 79 0.10642528533935547 0.04806303208874118 0.0 0.0 -0.09016598531119224 -0.04362870256993173 -3.4417123794555664 62.57269654083367 nan -2.7049795593357673 0.0 65.1603534173538 1.1017811925472398
A439 C18O10 ../products_1pc/A439_C18O10_12_2024_0.2_4asec_grid_K.fits 80 0.07049275398254394 0.013250517665891718 0.0 0.0 0.02674429908661394 0.011260757510153239 5.1269707679748535 61.861045077435094 nan 1.4976807488503807 0.0 63.44924546717485 1.6792486773210702
A439 C18O10 ../products_1pc/A439_C18O10_12_2024_0.2_4asec_grid_K.fits 81 0.016005756333470345 0.0042682016889254255 -0.5683098063956258 -0.20838026234506277 -0.10261408849195998 -0.03762516578038533 -1.6054670810699463 62.782825207085374 0.10245511278652564 -1.1287549734115598 0.0 62.716867770454606 0.5932346403078039
A439 C18O10 ../products_1pc/A439_C18O10_12_2024_0.2_4asec_grid_K.fits 82 0.04667280865954114 0.018150536700932668 0.010738070866533807 0.0038505203612318197 0.01763202181520322 0.0047196826070998515 8.191579818725586 71.2970567118098 4.28640416924981 0.9344971562057706 0.0 72.67285777749788 3.1080833753926136
A439 C18O10 ../products_1pc/A439_C18O10_12_2024_0.2_4asec_grid_K.fits 83 0.07039593978666923 0.049001095341701134 0.0 0.0 0.07039593978666922 0.04900109534170113 5.812684059143066 68.414176164381 nan 4.998111724853515 0.0 66.28367162510565 0.8361155149305691
A439 C18O10 ../products_1pc/A439_C18O10_12_2024_0.2_4asec_grid_K.fits 84 0.05448700487613678 0.0278231514261124 -0.05378046158746445 -0.027462363363811634 -0.048101984683705495 -0.020468929652640636 -4.797915458679199 68.42238201333429 1.4829513031309656 -0.9620396936741099 0.0 68.53927783550864 2.209711539299227
A439 C18O10 ../products_1pc/A439_C18O10_12_2024_0.2_4asec_grid_K.fits 85 0.09311214515141078 0.028338478959125023 0.007822345914753833 0.0023807139740555146 -0.04346542341746339 -0.025748538872301684 7.7544965744018555 69.21357858666622 7.062177520634689 -4.7377311525035095 0.0 71.60792507730639 1.455325982972033
A439 C18O10 ../products_1pc/A439_C18O10_12_2024_0.2_4asec_grid_K.fits 86 0.0866474986076355 0.03094553521701268 0.0 0.0 0.07801303066712159 0.02786179666682914 1.0729546546936035 68.92856634160671 nan 1.560260613342432 0.0 67.59075571238795 0.49146425551872686
A439 C18O10 ../products_1pc/A439_C18O10_12_2024_0.2_4asec_grid_K.fits 87 0.05356102723341722 0.03424393544431593 0.04234124370931361 0.02498827497598836 0.05356102723341653 0.03424393544431549 5.896966934204102 68.44628650620498 1.5433792143228833 2.088880062103245 0.0 67.32301059077534 0.9429441184291149
A439 C18O10 ../products_1pc/A439_C18O10_12_2024_0.2_4asec_grid_K.fits 88 0.04284884114014475 0.020353199541568757 -0.03920680628429387 -0.018623232985039588 -0.02052343340365006 -0.009748630866733778 -1.6532771587371826 68.46703202551012 0.8854023363881722 -0.3899452346693511 0.0 68.15468422098421 2.1799528924742817
A439 C18O10 ../products_1pc/A439_C18O10_12_2024_0.2_4asec_grid_K.fits 89 0.0792882211746708 0.05120697617530823 0.0 0.0 0.07334783026854036 0.044314314120576466 2.307436943054199 69.65441964180543 nan 2.1270870777876705 0.0 68.34487536312507 0.8723767548204879
A439 C18O10 ../products_1pc/A439_C18O10_12_2024_0.2_4asec_grid_K.fits 90 0.14022167026996613 0.01274742456999692 -0.01304157498338944 -0.0011855977257626763 0.07582424440021887 0.0068931131272926245 -0.7635360360145569 69.2982042986855 2.9195745889998324 0.606593955201751 0.0 68.88379001652319 0.9910896883872359
A439 C18O10 ../products_1pc/A439_C18O10_12_2024_0.2_4asec_grid_K.fits 91 0.0207780727318355 0.009696433941523233 0.0 0.0 -0.015802511702413143 -0.012115258971850075 -0.01864238828420639 90.38866226056986 nan -0.36345776915550226 0.0 69.08690362673707 0.3253323562014566
A439 C18O10 ../products_1pc/A439_C18O10_12_2024_0.2_4asec_grid_K.fits 92 0.11054838448762894 0.01700744376732753 0.0 0.0 -0.03993710451590293 -0.021504594739332347 -1.2159452438354492 71.56272950782386 nan -0.559119463222641 0.0 70.69679242750908 1.1676224030970674
A439 C18O10 ../products_1pc/A439_C18O10_12_2024_0.2_4asec_grid_K.fits 93 0.11114018493228489 0.0769432049531203 0.02703117209137518 0.01871388837095205 0.015171844417183002 0.015171844417183002 1.4973056316375732 71.17389644443489 2.455348469225661 0.19723397742337903 0.0 71.89592283152943 3.3011380968619495
A439 C18O10 ../products_1pc/A439_C18O10_12_2024_0.2_4asec_grid_K.fits 94 0.09229160272158109 0.029994770884513855 0.0 0.0 -0.06316096113065271 -0.0288171885158603 -4.522891044616699 100.56982442497198 nan -4.610750162537648 0.0 79.61322843705209 1.806995198301539
A439 C18O10 ../products_1pc/A439_C18O10_12_2024_0.2_4asec_grid_K.fits 95 0.0632306026375812 0.037289842581137635 -0.008695147299273584 -0.005127907381622883 -0.0792786354282081 -0.04268849599980436 -1.218450665473938 72.42075428732998 2.4305985571746564 -1.66485134399237 0.0 70.17319472599551 0.6904411277228324
A439 C18O10 ../products_1pc/A439_C18O10_12_2024_0.2_4asec_grid_K.fits 96 0.09148263079779488 0.025615136623382568 0.0 0.0 0.06422883804539674 0.017984074652711086 0.45748698711395264 73.76318629046358 nan 0.44960186631777715 0.0 73.98564228777846 0.7313090412077592
A439 C18O10 ../products_1pc/A439_C18O10_12_2024_0.2_4asec_grid_K.fits 97 0.041002581859457085 0.03497279040953692 -inf -0.009706404598640368 0.040039019925239394 0.03415092875976301 -0.2866668105125427 68.56683666457288 0.34653744805986675 1.1611315778319424 0.0 73.15751349633518 0.5326751844221412
A439 C18O10 ../products_1pc/A439_C18O10_12_2024_0.2_4asec_grid_K.fits 98 0.055544712326743385 0.02926906996858334 0.04183034961692817 0.023294745595055805 0.03183992558818941 0.016777924860842324 16.2906494140625 78.61626322211752 1.670605936409173 2.8019134517606683 0.0 77.79262866092442 2.431362725502072
A439 C18O10 ../products_1pc/A439_C18O10_12_2024_0.2_4asec_grid_K.fits 99 0.11850045938960842 0.08405265142751295 0.0 0.0 0.0962775064142836 0.06828985920082907 9.54172134399414 73.83594436282385 nan 5.8729278912713 0.0 74.20618182715039 0.8340865414627724
A439 C18O10 ../products_1pc/A439_C18O10_12_2024_0.2_4asec_grid_K.fits 100 0.07365158200263977 0.02638265623975156 0.0 0.0 -0.06427188240593476 -0.047964091347712505 -2.351863384246826 75.99214862135977 nan -3.213594120296738 0.0 75.53331181808537 0.8223055230421468
A439 C18O10 ../products_1pc/A439_C18O10_12_2024_0.2_4asec_grid_K.fits 101 0.080253371825585 0.059616790499006 0.0 0.0 0.06102619641071521 0.04533374590510273 -0.0003943443298339844 -23444.967503022974 nan 1.5866811066785955 0.0 77.03216473784029 0.8510117616845747
A439 C18O10 ../products_1pc/A439_C18O10_12_2024_0.2_4asec_grid_K.fits 102 0.05075523257255554 0.021370624241076018 0.018623054839208602 0.007596246052835088 0.01544488296382151 0.00629988647208509 3.0286037921905518 75.66381931520871 2.0928587185750787 0.4787913718784668 0.0 75.82670101678339 2.700273023831221
A439 C18O10 ../products_1pc/A439_C18O10_12_2024_0.2_4asec_grid_K.fits 103 0.08912748098373413 0.011140935122966766 0.0 0.0 -0.10724371671658697 -0.022342440982622284 -0.4700078070163727 79.26407449949575 nan -0.5362185835829348 0.0 76.2599256158211 0.5506014571089167
A439 C18O10 ../products_1pc/A439_C18O10_12_2024_0.2_4asec_grid_K.fits 104 0.12271241843700409 0.07271847018489132 0.0 0.0 0.12271241843516342 0.07271847018380055 5.199085235595703 74.3871205129983 nan 3.9267973899252295 0.0 74.67726920439623 0.5674094403636618
A439 C18O10 ../products_1pc/A439_C18O10_12_2024_0.2_4asec_grid_K.fits 105 0.026285274462266403 0.015217790478154233 0.0 0.0 0.026285274462264332 0.015217790478153035 -0.00953131914138794 91.80403229336686 nan 0.28913801908490766 0.0 75.54321469406581 0.5325511219840802
A439 C18O10 ../products_1pc/A439_C18O10_12_2024_0.2_4asec_grid_K.fits 106 0.05320557951927185 0.03238600492477417 0.0 0.0 -0.12895897456577843 -0.11774515069049336 -3.6475393772125244 77.71761640665541 nan -2.708138465881347 0.0 77.2604617485348 0.6336066781728935
A439 C18O10 ../products_1pc/A439_C18O10_12_2024_0.2_4asec_grid_K.fits 107 0.020417988300323486 0.006635846197605133 0.0 0.0 -0.006244255655198693 -0.0038506243207058607 -0.24415063858032227 74.2696434814197 nan -0.4620749184847033 0.0 79.09916053041893 0.7270712539962919
A439 C18O10 ../products_1pc/A439_C18O10_12_2024_0.2_4asec_grid_K.fits 108 0.1343606396725303 0.11603873426263983 0.17040143357552423 0.1471648744515891 0.1343606396725303 0.1160387342626398 3.8220767974853516 76.66791566714191 0.4709584894741493 2.5528521537780757 0.0 76.73136627303282 0.5870010525052969
A439 C18O10 ../products_1pc/A439_C18O10_12_2024_0.2_4asec_grid_K.fits 109 nan 0.0 -0.13319146809135407 -0.13319146809135407 -0.10058663231985908 -0.10058663231985908 -4.119821071624756 77.85453742992823 0.3525688751930638 -3.520532131195068 0.0 77.87478646872778 0.45168864473611103
A439 C18O10 ../products_1pc/A439_C18O10_12_2024_0.2_4asec_grid_K.fits 110 0.07752288579940796 0.011400424382265876 0.0 0.0 -0.010198937470231664 -0.010198937470231664 0.04084974527359009 68.51121551919107 nan -0.3467638739878766 0.0 78.0007685002012 0.16234306409855445
A439 C18O10 ../products_1pc/A439_C18O10_12_2024_0.2_4asec_grid_K.fits 111 0.09659363241756663 0.06568367004394532 0.0 0.0 0.09659363241756662 0.0656836700439453 1.174999713897705 83.8635967346082 nan 1.6420917510986326 0.0 80.81448708116697 0.6865644067478797
A439 C18O10 ../products_1pc/A439_C18O10_12_2024_0.2_4asec_grid_K.fits 112 0.022904392471887115 0.0073227985547139095 -0.0005046175378462724 -0.0002607999294157417 0.008458047673653837 0.0037613913933316344 -1.8234844207763672 85.03460008095972 6.705193616405464 1.56473881962596 0.0 87.09683072998881 1.5735571990629482
A439 C18O10 ../products_1pc/A439_C18O10_12_2024_0.2_4asec_grid_K.fits 113 0.024513707016453598 0.007741170636774821 0.0 0.0 0.010860588913057443 0.003013943334724075 2.8761863708496094 84.14718273359527 nan 0.6299141569573317 0.0 86.31042711078342 2.567937524931572
A439 C18O10 ../products_1pc/A439_C18O10_12_2024_0.2_4asec_grid_K.fits 114 0.0919171671072642 0.0408520742698952 0.009969809874465612 0.00756967046024241 0.0811831533130941 0.03608140147248627 2.122736692428589 83.75379896877632 2.071740994433708 1.9483956795142585 0.0 83.2121066408474 0.578746710183779
A439 C18O10 ../products_1pc/A439_C18O10_12_2024_0.2_4asec_grid_K.fits 115 0.02645822004838423 0.016168912251790363 0.0 0.0 -0.07756170431612967 -0.032317376798387365 -1.721431851387024 82.99957812852634 nan -1.1634255647419451 0.0 83.4567443945261 0.6501113972290046
A439 C18O10 ../products_1pc/A439_C18O10_12_2024_0.2_4asec_grid_K.fits 116 0.0892132043838501 0.02027572826905684 0.0 0.0 0.08382366457397927 0.019050832857722563 1.258104681968689 89.59432872514378 nan 1.6764732914795855 0.0 90.84149374356758 0.49747539577186034
A439 C18O10 ../products_1pc/A439_C18O10_12_2024_0.2_4asec_grid_K.fits 117 0.023683112401228685 0.015788741600819122 0.0 0.0 0.023683112401228227 0.015788741600818817 -0.7994176149368286 95.91233124629716 nan 0.6157609224319339 0.0 91.75897458295384 0.5278738382374183
A439 C18O10 ../products_1pc/A439_C18O10_12_2024_0.2_4asec_grid_K.fits 118 0.09753310680389404 0.06804635358411212 0.0 0.0 0.07761478460191903 0.05414984972226909 7.378170967102051 97.48955415643981 nan 4.656887076115142 0.0 97.12616081876915 0.7404027698818395
A439 C18O10 ../products_1pc/A439_C18O10_12_2024_0.2_4asec_grid_K.fits 119 0.11982008814811707 0.008359541033589563 -0.20343293133412488 -0.1419299520935755 -0.09494556585847873 -0.06624109245940377 -3.9589972496032715 103.5378713256022 0.2587931364736703 -2.8483669757543617 0.0 103.6989776271301 0.5618174392964894
A439 C18O10 ../products_1pc/A439_C18O10_12_2024_0.2_4asec_grid_K.fits 120 0.028112596935696073 0.022001162819240406 0.0 0.0 0.028112596935696066 0.0220011628192404 0.5844175815582275 133.05033372981876 nan 0.5060267448425292 0.0 133.1619573027203 0.4882019451490165
A439 CS21 ../products_1pc/A439_CS21_12_2024_0.2_4asec_grid_K.fits 0 0.11093789963495164 0.024767531081291528 0.10329746923215732 0.022018490451612006 0.09412525647598102 0.020063376928567914 3933.052734375 55.78581419649106 9.469908653340529 150.97691138747356 0.0 56.19427206556072 10.784919240072778
A439 CS21 ../products_1pc/A439_CS21_12_2024_0.2_4asec_grid_K.fits 1 0.12538962758621597 0.02836670869020282 0.11798885862120566 0.02504099464119609 0.10755673496872034 0.022826965659723853 3841.451904296875 55.550652364327334 9.310869900813055 150.04164528136488 0.0 55.99248150961555 10.59765634843471
A439 CS21 ../products_1pc/A439_CS21_12_2024_0.2_4asec_grid_K.fits 2 0.21024372601749922 0.048027987022168844 0.16149307705969948 0.0421549566596562 0.14500455310201366 0.03785091449591069 3054.11669921875 53.192391279056274 8.336681402480552 131.22912055732235 0.0 53.47205520541606 9.70999148880048
A439 CS21 ../products_1pc/A439_CS21_12_2024_0.2_4asec_grid_K.fits 3 0.12465523274739583 0.02814311395561315 0.1165624568339073 0.024789697698120262 0.10630313515213036 0.02260781607013248 3848.961669921875 55.56189496336568 9.322938030683126 150.2063299699602 0.0 55.998806296000694 10.605095548032049
A439 CS21 ../products_1pc/A439_CS21_12_2024_0.2_4asec_grid_K.fits 4 0.2267391017225922 0.05549081326009278 0.1730586663656116 0.0482550744730592 0.15302423260170236 0.04318035851415473 2992.177978515625 53.20125589066789 8.27062033573677 129.1524523158368 0.0 53.598726060290225 9.674303551258538
A439 CS21 ../products_1pc/A439_CS21_12_2024_0.2_4asec_grid_K.fits 5 0.22263697681811032 0.05299186828418281 0.1668920966550008 0.04606861709582131 0.14555590098395288 0.041295092675319535 3002.291015625 53.21303692076801 8.306409529694811 129.25364007375015 0.0 53.58792014949212 9.693309337138306
A439 CS21 ../products_1pc/A439_CS21_12_2024_0.2_4asec_grid_K.fits 6 0.20328818892966843 0.04684665918216051 0.1566569509396784 0.04116983460260541 0.1406292100127823 0.036957704600995685 3060.41162109375 53.173937137652345 8.34436633978865 131.34768215193867 0.0 53.45025021766613 9.721204572897788
A439 CS21 ../products_1pc/A439_CS21_12_2024_0.2_4asec_grid_K.fits 7 0.12420362495331175 0.02748723867445812 0.11662922985548467 0.024285616268217746 0.10627635017098165 0.022129843966536517 3894.3681640625 55.728024143417855 9.400908247477128 150.593588192281 0.0 56.164119228878796 10.70392474976496
A439 CS21 ../products_1pc/A439_CS21_12_2024_0.2_4asec_grid_K.fits 8 0.22618040576638174 0.054446711798606835 0.17072078929014975 0.04748785173358189 0.15105843793109092 0.042465032140891236 2992.593505859375 53.1842591308048 8.256347710593499 129.30602286901382 0.0 53.590068519588314 9.665660262160022
A439 CS21 ../products_1pc/A439_CS21_12_2024_0.2_4asec_grid_K.fits 9 0.2509736415985715 0.06511155660066237 0.20444199208942032 0.056451006953574544 0.1851288896344022 0.05030916190303182 2888.749755859375 53.16062778840961 8.110825892916514 126.62816050993109 0.0 53.653843397616676 9.541838281926092
A439 CS21 ../products_1pc/A439_CS21_12_2024_0.2_4asec_grid_K.fits 10 0.26505955073330095 0.07262393968522281 0.2344025950992428 0.062332169907556495 0.21277616114863834 0.055531715600227585 2792.8359375 53.192470619381 8.015643273264725 123.83572578850752 0.0 53.75770379230644 9.434342445650902
A439 CS21 ../products_1pc/A439_CS21_12_2024_0.2_4asec_grid_K.fits 11 0.2417426165412454 0.06025842347802305 0.18382161472652156 0.05249158279763941 0.1672004038586356 0.046948500496962926 2954.30908203125 53.201737904734934 8.230608815037465 128.07550935571487 0.0 53.618945301955286 9.63552035237535
A439 CS21 ../products_1pc/A439_CS21_12_2024_0.2_4asec_grid_K.fits 12 0.2690883135041857 0.07782583080655227 0.24118797999856248 0.06627446418632299 0.22356520095151633 0.05906510843233035 2748.4150390625 53.12848149826208 7.961604753647262 122.73729532238247 0.0 53.70639996212901 9.366126913556291
A439 CS21 ../products_1pc/A439_CS21_12_2024_0.2_4asec_grid_K.fits 13 0.2736977025082237 0.09077024030255841 0.25352204029009284 0.07622791076289955 0.23573490384676732 0.06822507915385045 2684.48876953125 53.26425235137726 7.910695701215436 121.1677405772384 0.0 53.90646420717514 9.251757080697882
A439 CS21 ../products_1pc/A439_CS21_12_2024_0.2_4asec_grid_K.fits 14 0.16438715631270656 0.04106770430175896 0.13459062267484062 0.03683064928115479 0.11137316452884234 0.03315709687081836 3237.89501953125 53.383345984960066 8.273705113817847 140.55293363539903 0.0 53.82303748167017 9.597828129099614
A439 CS21 ../products_1pc/A439_CS21_12_2024_0.2_4asec_grid_K.fits 15 0.5131629883773684 0.18053102361198278 0.4433794529979654 0.13387357445090922 0.44627330250158276 0.15699919506288368 528.6884155273438 44.92251107182059 4.364231694763721 56.67670941770101 0.0 46.68208531147177 3.251682187444059
A439 CS21 ../products_1pc/A439_CS21_12_2024_0.2_4asec_grid_K.fits 16 0.6126989959388651 0.24350857530903613 0.6593215003692369 0.1662391817170298 0.5465157444726924 0.2172049753673521 412.7156982421875 44.4245362567037 4.232644602835599 50.82596423596039 0.0 46.74376149545783 2.5366290268189293
A439 CS21 ../products_1pc/A439_CS21_12_2024_0.2_4asec_grid_K.fits 17 0.3019500005812872 0.18291201958289513 0.3775654010647016 0.21056531982454513 0.32679326525369273 0.18225009023763633 164.41744995117188 40.305719637025994 2.9952825088252886 18.95400938471418 0.0 40.28863368828087 3.678442786146775
A439 CS21 ../products_1pc/A439_CS21_12_2024_0.2_4asec_grid_K.fits 18 0.09018236474145817 0.04425097400357264 0.0 0.0 0.08484346200792721 0.041631263966622666 18.426101684570312 41.80707178180817 nan 6.702633498626249 0.0 42.189590883724165 1.3563996377292142
A439 CS21 ../products_1pc/A439_CS21_12_2024_0.2_4asec_grid_K.fits 19 0.12738786993738235 0.029016787960479518 0.1206760683097578 0.025662949356799133 0.11005865069617113 0.023405051379728314 3840.07666015625 55.5445758248147 9.30710123133364 150.11999954957741 0.0 56.00086039207767 10.586512916082011
A439 CS21 ../products_1pc/A439_CS21_12_2024_0.2_4asec_grid_K.fits 20 0.0563531331717968 0.04623846824352558 0.0 0.0 0.056151429090242705 0.04607296745866068 1.4343335628509521 37.607113500682594 nan 1.7968457308877666 0.0 37.979195675980286 0.38891026843902593
A439 CS21 ../products_1pc/A439_CS21_12_2024_0.2_4asec_grid_K.fits 21 0.05812249908941078 0.026295537655384962 0.05358412825866229 0.01835825184850216 0.0721694800453899 0.020604756381919515 175.48849487304688 57.07830392415593 5.5835021515750585 14.073048608851028 0.0 58.51468097522678 4.6251623589223545
A439 CS21 ../products_1pc/A439_CS21_12_2024_0.2_4asec_grid_K.fits 22 0.02369590699672699 0.009292512547736075 0.0 0.0 -0.0545132557551066 -0.028859958929174083 -1.4814176559448242 37.59741323390814 nan -1.4718579053878782 0.0 39.320106878762104 0.6362442341037248
A439 CS21 ../products_1pc/A439_CS21_12_2024_0.2_4asec_grid_K.fits 23 0.06026884671804067 0.028049651931666728 0.055173172718611475 0.018911559202291355 0.07637370221934946 0.021134860991518088 165.70565795898438 57.20056033774753 5.496205356632216 13.441771590605503 0.0 58.61916118417669 4.615621152584699
A439 CS21 ../products_1pc/A439_CS21_12_2024_0.2_4asec_grid_K.fits 24 0.1207852562268575 0.10736467220165112 0.1362054680898333 0.12107152719096294 0.12078525622685748 0.10736467220165109 13.053664207458496 42.282260129287785 0.7965384086555451 5.797692298889159 0.0 42.219109155779016 0.9089135861774752
A439 CS21 ../products_1pc/A439_CS21_12_2024_0.2_4asec_grid_K.fits 25 0.2731300483315678 0.08677799058461227 0.2523676129194866 0.07311458037193527 0.2339539780453694 0.06538616833901277 2692.29638671875 53.24003382021099 7.910738683487678 121.42211460554672 0.0 53.871935869968226 9.262239909313037
A439 CS21 ../products_1pc/A439_CS21_12_2024_0.2_4asec_grid_K.fits 26 0.06413988568889561 0.029434057131205518 0.05428460528716361 0.019241289887744636 0.07836803533834481 0.02241003750257463 158.30368041992188 57.23482099541102 5.620229471192558 13.087461901503584 0.0 58.7491957253946 4.52075250446118
A439 CS21 ../products_1pc/A439_CS21_12_2024_0.2_4asec_grid_K.fits 27 0.07370420705492252 0.03406630736447822 0.07144700355627304 0.0237642301245487 0.08881791022776343 0.026664556202287512 145.93679809570312 57.09284234478293 5.29139446830592 12.345689521659118 0.0 58.425134763115956 4.498042481367992
A439 CS21 ../products_1pc/A439_CS21_12_2024_0.2_4asec_grid_K.fits 28 0.08878128616898148 0.06848842075892857 0.0 0.0 0.08878128616898094 0.06848842075892815 1.8306596279144287 40.442514493361394 nan 2.3970947265624853 0.0 42.221663524607585 0.6839523380008716
A439 CS21 ../products_1pc/A439_CS21_12_2024_0.2_4asec_grid_K.fits 29 0.371504183537655 0.19385027560616058 0.3287990356328113 0.12632333521587574 0.32374176551848544 0.16892792396945494 1296.1875 57.15380124341293 5.576969268684464 123.99309619357993 0.0 59.65241074527652 3.518578094203919
A439 CS21 ../products_1pc/A439_CS21_12_2024_0.2_4asec_grid_K.fits 30 0.3683098426231971 0.18825797984671935 0.3135259387547163 0.12245180832097702 0.3182180480756174 0.1626540481644702 1334.865478515625 57.198285812137556 5.699776502435076 124.10503874949077 0.0 59.60653070300751 3.6209321803741434
A439 CS21 ../products_1pc/A439_CS21_12_2024_0.2_4asec_grid_K.fits 31 0.05429183112250434 0.02124462956967561 0.04534477928539267 0.013581528095141765 0.041865078220349954 0.012539298790636217 26.962356567382812 49.12138368682769 3.8260349402323452 2.595634849661697 0.0 48.52454434831725 4.234756335212338
A439 CS21 ../products_1pc/A439_CS21_12_2024_0.2_4asec_grid_K.fits 32 0.2736977025082237 0.0886732380513442 0.2538288608960351 0.07455699214437995 0.23548555669942345 0.06670795473058476 2687.6923828125 53.25681872129591 7.910562541901252 121.27506170020308 0.0 53.890739292733734 9.256089355175817
A439 CS21 ../products_1pc/A439_CS21_12_2024_0.2_4asec_grid_K.fits 33 0.03466935017529656 0.01511228084564209 0.021772369184183436 0.009490519900797908 0.011960623394911362 0.008280431581092481 1.8745107650756836 45.86534804588192 2.0204280694709023 0.3229368316626068 0.0 46.786292824733366 2.736568346549797
A439 CS21 ../products_1pc/A439_CS21_12_2024_0.2_4asec_grid_K.fits 34 0.11991160403015794 0.07148576394105569 0.13355541527659737 0.07961957449181767 0.11991160403015791 0.07148576394105567 26.908170700073242 47.85799383481713 0.8642706984926681 11.151779174804686 0.0 47.5836130327196 0.8686640762076621
A439 CS21 ../products_1pc/A439_CS21_12_2024_0.2_4asec_grid_K.fits 35 0.15007577222936294 0.092774113741788 0.37746895233542377 0.23334444326189835 0.1500757722293629 0.09277411374178798 21.55091094970703 47.61697449085458 0.3349542940516983 10.205152511596678 0.0 47.54182938136055 0.8143999073249858
A439 CS21 ../products_1pc/A439_CS21_12_2024_0.2_4asec_grid_K.fits 36 0.7234234619140625 0.21789863310664534 1.7778185788647676 0.16064625712633443 1.4825739839429808 0.13396752866954645 277.4075622558594 51.3252820502567 4.150014960380019 22.238609759144712 0.0 51.4967859970515 5.3532848314159045
A439 CS21 ../products_1pc/A439_CS21_12_2024_0.2_4asec_grid_K.fits 37 0.4933217366536458 0.39093420640477594 0.5069306781708657 0.40171865062596906 0.48496552731228426 0.3843123046625649 74.66802978515625 47.32666063001845 1.399093996491076 20.36855214711594 0.0 47.23801329334675 1.4809457551798042
A439 CS21 ../products_1pc/A439_CS21_12_2024_0.2_4asec_grid_K.fits 38 0.0884108692407608 0.0031575310443128857 -0.1607469237209189 -0.11481923122922778 -0.10718244314193723 -0.0765588879585266 -4.037971496582031 45.60965323077759 0.5010725927916416 -2.1436488628387447 0.0 45.62888767760769 0.7429547913868135
A439 CS21 ../products_1pc/A439_CS21_12_2024_0.2_4asec_grid_K.fits 39 0.7424392700195312 0.5568294525146484 0.7685032138245588 0.576377410368419 0.7309372457023093 0.5482029342767321 173.78350830078125 47.325356706532865 1.4319649526778544 46.04904647924549 0.0 47.16744660958749 1.5320021547593097
A439 CS21 ../products_1pc/A439_CS21_12_2024_0.2_4asec_grid_K.fits 40 0.6476054823542216 0.47567482332212735 0.6712225414982008 0.49302186676416526 0.6367101208286006 0.46767203565286586 206.46939086914062 47.46960395489033 1.4784992790570401 52.846940028773844 0.0 47.33524987504328 1.5901320983446419
A439 CS21 ../products_1pc/A439_CS21_12_2024_0.2_4asec_grid_K.fits 41 0.06365397373835245 0.03672344638751103 0.03303806229047196 0.024143199366114122 0.026426563682392747 0.019311719614056238 2.3697991371154785 48.00734673479208 1.5060987019059653 0.5021047099654622 0.0 48.278000276889856 2.0548675513658203
A439 CS21 ../products_1pc/A439_CS21_12_2024_0.2_4asec_grid_K.fits 42 0.05554033319155375 0.018513444397184584 0.0 0.0 -0.06728190609386989 -0.026165185703171622 -2.2531821727752686 52.22487453350505 nan -0.9419466853141784 0.0 50.530398950177364 1.3742125691494202
A439 CS21 ../products_1pc/A439_CS21_12_2024_0.2_4asec_grid_K.fits 43 0.0745377779006958 0.05082121220501987 0.07570858644997087 0.041295592609075026 0.0745377779006955 0.050821212205019665 2.1410751342773438 49.46855240125073 0.9401899183785116 1.1180666685104326 0.0 49.89377764249589 0.6038106243806638
A439 CS21 ../products_1pc/A439_CS21_12_2024_0.2_4asec_grid_K.fits 44 0.1665384661067616 0.12212820847829182 0.15661500735242784 0.11485100539178042 0.16653846610676154 0.1221282084782918 3.424708843231201 48.83416512812694 0.7930629490901481 1.831923127174377 0.0 48.72654324268482 0.6912074957146593
A439 CS21 ../products_1pc/A439_CS21_12_2024_0.2_4asec_grid_K.fits 45 0.11517531783492477 0.06378940680088141 0.1153790713851948 0.06804406773998668 0.09706576285533312 0.057243911427504145 106.48147583007812 59.06525721776607 3.201542327667064 11.162562728363309 0.0 58.910036468805835 4.081237185129049
A439 CS21 ../products_1pc/A439_CS21_12_2024_0.2_4asec_grid_K.fits 46 0.0987638064793178 0.0493819032396589 0.024604671783699975 0.02021098039375355 0.089730324054604 0.044865162027302 2.242774486541748 51.92833256554406 1.5810669509057822 1.256224536764456 0.0 51.3015553523431 0.5942921449869912
A439 CS21 ../products_1pc/A439_CS21_12_2024_0.2_4asec_grid_K.fits 47 0.16223437858350348 0.1487148470348782 0.16879973002904153 0.15473308585995474 0.16223437858053383 0.148714847032156 8.463327407836914 50.994846408371366 0.6061296380691841 5.353734493157616 0.0 50.99457200956876 0.6355774448628659
A439 CS21 ../products_1pc/A439_CS21_12_2024_0.2_4asec_grid_K.fits 48 0.8594697952270508 0.3736825196639351 0.7356577961625401 0.31985121572284353 1.0720538657789216 0.3728883011404945 58.591835021972656 54.640119271598266 1.5886979243951191 17.152861852462745 0.0 54.47271982983246 1.2461395849987822
A439 CS21 ../products_1pc/A439_CS21_12_2024_0.2_4asec_grid_K.fits 49 0.0482326837686392 0.04644628807350441 0.08369840571715516 0.08059846476466792 0.04823268376863919 0.046446288073504406 1.4076390266418457 53.793794628142706 0.2580541402279478 1.254049777984619 0.0 53.85717671027085 0.43998365447858667
A439 CS21 ../products_1pc/A439_CS21_12_2024_0.2_4asec_grid_K.fits 50 0.06315600896823431 0.02781871823600797 0.05281150446562488 0.022560958638474366 0.05461545501411441 0.023331602348062613 600.8804321289062 67.1892952554348 4.865057121492433 50.956219528168745 0.0 66.81511873667812 4.619004369782199
A439 CS21 ../products_1pc/A439_CS21_12_2024_0.2_4asec_grid_K.fits 51 0.06846727643694196 0.031267420839704387 0.0563334630194172 0.024979670146224753 0.058634004369715276 0.025999787870363045 584.360595703125 67.2152000230938 4.756694795826357 51.01158380165229 0.0 66.79290537962204 4.472967567823252
A439 CS21 ../products_1pc/A439_CS21_12_2024_0.2_4asec_grid_K.fits 52 0.08980621422193327 0.05355823648820403 0.10048692723568087 0.052974986351594526 0.08860491738397164 0.04671099433751388 205.5908203125 60.66238953528219 2.5506698029456065 28.353573562870924 0.0 60.52988395886469 2.956400839094064
A439 CS21 ../products_1pc/A439_CS21_12_2024_0.2_4asec_grid_K.fits 53 0.2349644899368286 0.10160626591862859 0.16714259701460957 0.10164076845483014 0.22769965579226706 0.09846471601827765 44.251216888427734 57.790122246155256 2.3471217845422108 7.286388985352546 0.0 57.30133630360739 2.418934785357746
A439 CS21 ../products_1pc/A439_CS21_12_2024_0.2_4asec_grid_K.fits 54 0.06921889447518603 0.0320867869512661 0.05712560334988639 0.025821851120924 0.05914880267828215 0.026736375410948723 586.5120849609375 67.23957816003116 4.75169946960318 50.98626790867922 0.0 66.83019010467684 4.502849727677911
A439 CS21 ../products_1pc/A439_CS21_12_2024_0.2_4asec_grid_K.fits 55 0.07371740205593019 0.03437430239514093 0.06040021283636386 0.02713004035136123 0.06275117468151666 0.028186024870758584 578.6153564453125 67.23785747407723 4.7007916955751945 51.01670501607304 0.0 66.78632421749633 4.431416551726485
A439 CS21 ../products_1pc/A439_CS21_12_2024_0.2_4asec_grid_K.fits 56 0.08819479691354852 0.03253788623994994 0.06172943830301729 0.023133556490256967 0.06808015422111498 0.024720366678346605 158.88095092773438 68.02707993724947 5.320252716018762 12.730988839348502 0.0 68.92472450949349 4.791097587608406
A439 CS21 ../products_1pc/A439_CS21_12_2024_0.2_4asec_grid_K.fits 57 0.1091494268300582 0.037576032187397086 0.07499068100040997 0.02722144158094507 0.08496229046405766 0.029647262948816373 152.5196075439453 67.82629320957066 5.2347596870225015 12.659381279144592 0.0 68.73710856080872 4.576966391961589
A439 CS21 ../products_1pc/A439_CS21_12_2024_0.2_4asec_grid_K.fits 58 0.08632571661650244 0.030602238165638434 0.058046146347496566 0.021805695188742095 0.06545284360431756 0.023549171243881454 165.7041473388672 68.02770202034387 5.346757019335257 13.352380095280784 0.0 69.04564994245746 4.738175237746237
A439 CS21 ../products_1pc/A439_CS21_12_2024_0.2_4asec_grid_K.fits 59 0.1379825478733176 0.07412892199577169 0.10935140507394653 0.051185764077166455 0.13572158373139961 0.051978478875855175 107.44650268554688 67.03980592475408 4.45446252897256 9.771954028660772 0.0 67.88590441198754 4.366845392586632
A439 CS21 ../products_1pc/A439_CS21_12_2024_0.2_4asec_grid_K.fits 60 0.09088768362998963 0.04706158375662893 0.08104047737107199 0.0359305676370125 0.09621180920635279 0.03954336494888934 120.27302551269531 67.25255816481996 4.3217112239432405 12.218899769206805 0.0 68.36700411737324 3.7877100035907096
A439 CS21 ../products_1pc/A439_CS21_12_2024_0.2_4asec_grid_K.fits 61 0.09046227173786967 0.04242704927867742 0.07314564168805432 0.03384546762744652 0.08125087773671229 0.03810688066357935 401.97869873046875 66.83348165196178 4.257135000280886 42.41295817856381 0.0 65.97463587123531 3.564851672489564
A439 CS21 ../products_1pc/A439_CS21_12_2024_0.2_4asec_grid_K.fits 62 0.4902200100312173 0.39184810166374895 0.5107584692390815 0.40826513093023575 0.4902200100312164 0.3918481016637482 569.6402587890625 60.63463411899003 1.8616466931768536 117.16258239746072 0.0 60.53423535087332 1.9687241405625606
A439 CS21 ../products_1pc/A439_CS21_12_2024_0.2_4asec_grid_K.fits 63 0.10942690589211204 0.06033563733399661 0.08403768128784263 0.046336566123622504 0.09909366903195678 0.05463811325070298 373.3194580078125 66.36276918704976 4.027763433928697 43.60121437406098 0.0 65.65600004413024 3.1884881839290298
A439 CS21 ../products_1pc/A439_CS21_12_2024_0.2_4asec_grid_K.fits 64 0.13005983507311022 0.07927864740865039 0.09955263125945375 0.06068282300823376 0.11415280773946723 0.0695824363486044 359.52423095703125 66.22348865905664 3.893890767858562 42.236538863602874 0.0 65.63159293713387 3.2008515302343103
A439 CS21 ../products_1pc/A439_CS21_12_2024_0.2_4asec_grid_K.fits 65 0.10437139152959965 0.055648541700298766 0.07998425915721125 0.0426458564540195 0.09528929269975467 0.05080616537425802 371.1932678222656 66.38230808654542 4.042408070180625 43.64249605648764 0.0 65.64750709798756 3.1597006395079164
A439 CS21 ../products_1pc/A439_CS21_12_2024_0.2_4asec_grid_K.fits 66 0.0764055365607852 0.05348387559254964 0.03976642203983258 0.029162042829210554 0.07640553184198982 0.05348387228939288 2.296135425567627 58.275709113261875 1.0470522797405148 1.6045161686817864 0.0 58.85159361982988 0.4428484616225499
A439 CS21 ../products_1pc/A439_CS21_12_2024_0.2_4asec_grid_K.fits 67 0.20654294695172992 0.12772090359205912 0.22041611558015464 0.12305917406948563 0.20501167667982081 0.11445881595551834 240.58203125 65.02607909067876 2.755959440160942 32.39184491541169 0.0 65.11332903533088 3.0444708508816554
A439 CS21 ../products_1pc/A439_CS21_12_2024_0.2_4asec_grid_K.fits 68 0.10079504722772642 0.03467349624633789 0.030156581926018864 0.014475159324489053 0.024247138173261944 0.011638626323165733 9.791181564331055 60.28819074420769 2.158796992024999 1.4548282903957166 0.0 60.194467237604115 2.995584974487001
A439 CS21 ../products_1pc/A439_CS21_12_2024_0.2_4asec_grid_K.fits 69 0.08108351780818059 0.05547819639507093 0.04106790917726822 0.03458350246506797 0.08108351780818057 0.05547819639507092 3.1043360233306885 60.38973237953696 0.9423803441439286 2.108171463012695 0.0 60.767334381748086 0.40648957378235956
A439 CS21 ../products_1pc/A439_CS21_12_2024_0.2_4asec_grid_K.fits 70 0.2203911690816392 0.13479281323296682 0.25122670409595005 0.14355811662625717 0.23380062555813352 0.13360035746179058 221.63926696777344 64.90435231161754 2.7496726919421364 29.92648007144109 0.0 64.90221700454778 3.0347782882440297
A439 CS21 ../products_1pc/A439_CS21_12_2024_0.2_4asec_grid_K.fits 71 0.09161425733018196 0.03341903726509782 0.06381169198251464 0.024213660899025474 0.07371165817013466 0.026270402282857215 151.91036987304688 67.84195343735567 5.247091673057845 12.530981888922891 0.0 68.74398190934907 4.616702801691533
A439 CS21 ../products_1pc/A439_CS21_12_2024_0.2_4asec_grid_K.fits 72 0.08257553726434708 0.057443852009980576 0.041066645920551814 0.03392462054306455 0.07970681222459472 0.05544821719971806 2.0639705657958984 61.43297921994774 1.055287346423259 1.2753089955935155 0.0 61.98335244998842 0.5512126456145789
A439 CS21 ../products_1pc/A439_CS21_12_2024_0.2_4asec_grid_K.fits 73 0.04162355150495257 0.023624177881189295 0.0 0.0 0.021033383473106886 0.01159678440138866 6.443867206573486 59.30133649243228 nan 2.1454051142569024 0.0 64.4943438512021 2.126602577438632
A439 CS21 ../products_1pc/A439_CS21_12_2024_0.2_4asec_grid_K.fits 74 1.3558078634327855 1.3106142679850261 1.303998168508048 1.2605315628911131 1.3558078634327841 1.3106142679850246 80.25701904296875 60.35581950212597 0.8466776804802343 39.31842803955074 0.0 60.20730804567576 0.7827474813130556
A439 CS21 ../products_1pc/A439_CS21_12_2024_0.2_4asec_grid_K.fits 75 0.1553921863950532 0.14536688404698525 0.17931581441869643 0.1156876222056106 0.14600527588889098 0.13658558067025284 10.680922508239746 62.34034327490886 1.1881471793331888 4.234153000777838 0.0 62.66526768817916 0.8818597487799498
A439 CS21 ../products_1pc/A439_CS21_12_2024_0.2_4asec_grid_K.fits 76 0.1179992827502164 0.04056225344538689 0.0 0.0 -0.055513610390553456 -0.052044009741143864 0.05352422595024109 77.38599702111667 nan -1.6654083117166036 0.0 60.96775448725335 0.27668336629580353
A439 CS21 ../products_1pc/A439_CS21_12_2024_0.2_4asec_grid_K.fits 77 0.1698219060897827 0.06119708327559738 0.0 0.0 0.09680102768113055 0.03488325321842542 10.731486320495605 69.94990557721341 nan 3.872041107245222 0.0 68.89806308898196 1.5866403386318502
A439 CS21 ../products_1pc/A439_CS21_12_2024_0.2_4asec_grid_K.fits 78 0.03543563800699571 0.015446303746639153 0.0 0.0 -0.054396475354830415 -0.016737377032255512 -0.3823695778846741 59.64165272949107 nan -0.652757704257965 0.0 61.56265638205171 0.6136516286004127
A439 CS21 ../products_1pc/A439_CS21_12_2024_0.2_4asec_grid_K.fits 79 0.18316781520843506 0.10635550560489777 0.07633539073133337 0.04432377526335486 0.1372897950682942 0.07971665520094501 12.314237594604492 68.71625445760472 1.7876774456668554 4.942432622458591 0.0 68.95924716547884 1.1017811925472398
A439 CS21 ../products_1pc/A439_CS21_12_2024_0.2_4asec_grid_K.fits 80 0.07293000654740767 0.030159025263965578 0.05611439864804976 0.02320520244844163 0.057830402300837205 0.0204363075799951 25.460866928100586 66.3609220407765 3.291139191629947 2.7180289081393485 0.0 66.6270965815161 3.9208649089682313
A439 CS21 ../products_1pc/A439_CS21_12_2024_0.2_4asec_grid_K.fits 81 0.5373019409179688 0.4477516174316406 0.580446779803102 0.4837056498359183 0.5373019409179687 0.44775161743164055 20.05558204650879 62.1619404631104 0.5513697320623495 13.432548522949217 0.0 62.15890755766033 0.5866218234008308
A439 CS21 ../products_1pc/A439_CS21_12_2024_0.2_4asec_grid_K.fits 82 0.08200908157060731 0.043903851749921084 0.07225602063656328 0.026274916595113922 0.06571404878025501 0.023896017738274548 44.04302215576172 69.78397572121327 3.3773855528262544 4.731411512178361 0.0 70.13633686680184 3.881121308421102
A439 CS21 ../products_1pc/A439_CS21_12_2024_0.2_4asec_grid_K.fits 83 0.17638446807861327 0.08646297454833984 0.09029244970081454 0.044261004755301245 0.13432912286667198 0.06584760924836862 17.126075744628906 65.38497641989984 1.5133747582503094 6.716456143333599 0.0 65.0762520383901 0.8212482902419201
A439 CS21 ../products_1pc/A439_CS21_12_2024_0.2_4asec_grid_K.fits 84 0.020021107461717393 0.011501487265241908 -0.009770797070183879 -0.003949896687946674 -0.02468973926176987 -0.010506272026285051 -1.4237501621246338 67.14537391711089 3.0595690419974786 -0.4937947852353974 0.0 68.97395184597268 1.100406789136959
A439 CS21 ../products_1pc/A439_CS21_12_2024_0.2_4asec_grid_K.fits 85 0.08944240369294819 0.03694360152534817 0.03906718162611626 0.02314305868068844 0.08036435637144246 0.03319397328385667 28.714277267456055 72.14159744368995 2.6901058934669493 6.107691084229627 0.0 71.45431400886837 1.4553259829706224
A439 CS21 ../products_1pc/A439_CS21_12_2024_0.2_4asec_grid_K.fits 86 0.059281710920662714 0.030699457441057478 0.058606603208086354 0.03034984808990186 0.05714027902593591 0.029590501638431098 3.866971015930176 66.45728213144479 0.9076876659267383 1.6570680917521414 0.0 66.32566955497393 0.9256280288431638
A439 CS21 ../products_1pc/A439_CS21_12_2024_0.2_4asec_grid_K.fits 87 0.0666353702545166 0.015293363664971023 0.0 0.0 -0.01772482423864938 -0.007264272228954665 -0.7484337091445923 77.54746546725818 nan -0.44312060596623454 0.0 69.81293999858603 1.8004101249285696
A439 CS21 ../products_1pc/A439_CS21_12_2024_0.2_4asec_grid_K.fits 88 0.16120282241276332 0.11284197568893432 0.16718646736302004 0.12956951220634053 0.1326828332925356 0.1028291958017151 10.429868698120117 67.15485403364511 0.8028346197848746 4.113167832068604 0.0 66.91168573577407 1.0915648394434692
A439 CS21 ../products_1pc/A439_CS21_12_2024_0.2_4asec_grid_K.fits 89 0.13723649978637695 0.07147734363873799 0.07836683209508698 0.05061191239474367 0.0624848575894737 0.05337248252434212 11.55279541015625 69.17093595096378 1.897156522325628 2.5618791611684215 0.0 69.85176779421079 1.7152602077739938
A439 CS21 ../products_1pc/A439_CS21_12_2024_0.2_4asec_grid_K.fits 90 0.04292605320612589 0.011707105419852516 -0.007841300757627791 -0.0022276422606897135 -0.010152533613925842 -0.0019612849026902197 -1.1304913759231567 68.10537326131582 2.300642821517677 -0.17259307143673933 0.0 70.93112141619396 0.9910896871688286
A439 CS21 ../products_1pc/A439_CS21_12_2024_0.2_4asec_grid_K.fits 91 nan 0.0 -0.10144239848376849 -0.04733978595909196 -0.0524078141088071 -0.04017932415008544 -2.4845542907714844 68.35626432687303 0.697928627024259 -1.2053797245025633 0.0 68.51996887747217 0.7945878807635719
A439 CS21 ../products_1pc/A439_CS21_12_2024_0.2_4asec_grid_K.fits 92 0.09558436605665419 0.06617379188537598 0.09428546621990283 0.05076909719533229 0.07992440952170417 0.04303622051168686 4.232593059539795 70.68950668548737 1.2792157346967672 1.1189417333038583 0.0 71.01586342305141 1.5916491364488021
A439 CS21 ../products_1pc/A439_CS21_12_2024_0.2_4asec_grid_K.fits 93 0.14307872454325357 0.09905450160686786 0.1523047031113348 0.10544171753861639 0.13356734977299192 0.0924697036889944 6.206254005432129 71.061672541604 1.8062746550524436 1.2021061479569273 0.0 71.25550387376222 2.166280362209824
A439 CS21 ../products_1pc/A439_CS21_12_2024_0.2_4asec_grid_K.fits 94 0.11703342115375358 0.05193358063697815 0.08264220577263713 0.03667247881160773 0.10155129511116236 0.0450633872055783 34.58032989501953 79.28635987054808 2.351142483479038 7.210141952892528 0.0 79.2190831007887 1.806995198301539
A439 CS21 ../products_1pc/A439_CS21_12_2024_0.2_4asec_grid_K.fits 95 0.16869703928629556 0.0908368673080053 0.09778980044856184 0.05767090795684416 0.08865570668591324 0.05228413471220524 7.112277507781982 72.27796745486265 1.2615293631972386 2.0390812537760046 0.0 72.3900620776652 1.4450982576981999
A439 CS21 ../products_1pc/A439_CS21_12_2024_0.2_4asec_grid_K.fits 96 0.06810929626226425 0.02179497480392456 0.02904607706136522 0.008132901577182262 0.02410328027117262 0.006748918475928334 1.0801541805267334 73.85835564049844 2.1193871234023853 0.16872296189820835 0.0 74.2803024981536 2.9252361648225897
A439 CS21 ../products_1pc/A439_CS21_12_2024_0.2_4asec_grid_K.fits 97 0.0582661717026322 0.046270195175619686 0.10663924965137658 0.08468411001726964 0.05826617170263219 0.04627019517561968 3.86324405670166 74.23033182939984 0.5352804305920461 1.5731866359710691 0.0 74.17219034421001 1.0037781796853988
A439 CS21 ../products_1pc/A439_CS21_12_2024_0.2_4asec_grid_K.fits 98 0.020384784437652327 0.014281555564103727 0.0 0.0 -0.014620581878130201 -0.008142000686623406 -1.6446495056152344 90.33978221185069 nan -1.3597141146661087 0.0 79.38281532852058 1.9460611914903216
A439 CS21 ../products_1pc/A439_CS21_12_2024_0.2_4asec_grid_K.fits 99 0.13247150671286662 0.09396234778470772 0.05369214786733874 0.038083965347763524 0.10888769741036408 0.07723429700037453 15.243680000305176 75.19741930048298 1.8567749852811182 6.642149542032209 0.0 74.16637231091329 0.8340865414627724
A439 CS21 ../products_1pc/A439_CS21_12_2024_0.2_4asec_grid_K.fits 100 0.04669844508171082 0.027879668705498996 0.0 0.0 -0.03180342072350244 -0.021360506456083728 1.1636621952056885 68.0140634549628 nan -1.4311539325576097 0.0 75.46969596018653 0.8223055232333072
A439 CS21 ../products_1pc/A439_CS21_12_2024_0.2_4asec_grid_K.fits 101 0.012297292550404867 0.00737837553024292 -0.018776328263031425 -0.009119930870615264 -0.03687038842369528 -0.01790847437722342 -1.4933860301971436 74.32790692105245 1.8664766428567023 -0.6267966032028197 0.0 73.80067363184858 0.8661650364167119
A439 CS21 ../products_1pc/A439_CS21_12_2024_0.2_4asec_grid_K.fits 102 0.0787717645818537 0.045604705810546875 0.05447404865610345 0.023653205337518607 0.05992290015753766 0.03469220535436391 7.872430324554443 77.65912763323499 1.7470900773132179 2.636607606931657 0.0 75.45843810971785 0.9784931875287776
A439 CS21 ../products_1pc/A439_CS21_12_2024_0.2_4asec_grid_K.fits 103 0.010132999159395695 0.006755332772930463 0.0 0.0 0.009181293808875021 0.006120862539250014 -0.43547186255455017 74.18082999492678 nan 0.14690070094200033 0.0 76.91825386923753 0.5506014571121153
A439 CS21 ../products_1pc/A439_CS21_12_2024_0.2_4asec_grid_K.fits 104 0.04022037982940674 0.018620546217317933 0.0 0.0 -0.07705388963212265 -0.04566156422644305 -3.0824286937713623 74.22787293637468 nan -2.4657244682279247 0.0 74.6243183134632 0.558432758614109
A439 CS21 ../products_1pc/A439_CS21_12_2024_0.2_4asec_grid_K.fits 105 0.06341555244044254 0.06341555244044254 0.07899449850234852 0.07899449850234852 0.06341555244044253 0.06341555244044253 2.9801278114318848 75.31010212597849 0.7921264388630815 1.204895496368408 0.0 75.35693410912116 0.9544563987302005
A439 CS21 ../products_1pc/A439_CS21_12_2024_0.2_4asec_grid_K.fits 106 0.13503049549303556 0.11154693105946416 0.15755608142116306 0.1301550237826999 0.13503049549303556 0.11154693105946414 9.038400650024414 76.4838987741956 1.204516857869892 2.5655794143676753 0.0 76.31815565368764 1.4318245153132452
A439 CS21 ../products_1pc/A439_CS21_12_2024_0.2_4asec_grid_K.fits 107 0.10160721093416214 0.05419051249821981 0.059676514273126834 0.04475738570484512 0.07225401666429307 0.0541905124982198 20.358991622924805 79.58658716644923 1.5122387841351008 6.502861499786376 0.0 80.39066864974646 0.9643786777348119
A439 CS21 ../products_1pc/A439_CS21_12_2024_0.2_4asec_grid_K.fits 108 0.06149091985490587 0.05031075260855935 0.0 0.0 -0.07419750700428275 -0.06407966514006237 -0.30292463302612305 80.65380447016193 nan -1.4097526330813723 0.0 77.01059664073257 0.2499426265030501
A439 CS21 ../products_1pc/A439_CS21_12_2024_0.2_4asec_grid_K.fits 109 0.03003117655004774 0.012012470620019096 0.0 0.0 -0.05180772713240491 -0.05180772713240491 -1.3928340673446655 78.30185181983576 nan -1.8132704496341718 0.0 78.00823215033611 0.21920832434666165
A439 CS21 ../products_1pc/A439_CS21_12_2024_0.2_4asec_grid_K.fits 110 0.011990568041801453 0.0017633188296766842 0.0 0.0 -0.020227038176495665 -0.020227038176495665 -0.6277685761451721 78.09550335072159 nan -0.6877192980008526 0.0 78.00021685968291 0.16234306405930682
A439 CS21 ../products_1pc/A439_CS21_12_2024_0.2_4asec_grid_K.fits 111 0.02860100567340851 0.022880804538726807 0.0 0.0 -0.04624841585324472 -0.03144892278020641 -0.41139402985572815 81.044238944203 nan -0.7862230695051602 0.0 80.72498736871816 0.6865644067478804
A439 CS21 ../products_1pc/A439_CS21_12_2024_0.2_4asec_grid_K.fits 112 0.01851759681218787 0.010549688568482032 0.0 0.0 0.0171116427400524 0.00974870031103947 7.4639482498168945 98.56996341731578 nan 4.055459329392419 0.0 90.14780093526302 1.5735571940388864
A439 CS21 ../products_1pc/A439_CS21_12_2024_0.2_4asec_grid_K.fits 113 0.02616290738505702 0.019403113132458554 0.016621965798010896 0.012327295209051141 0.022345167869108895 0.016571775213932435 15.97016716003418 89.76280698244796 2.47289368337646 3.4635010197118787 0.0 90.13222743395228 1.7441356020294179
A439 CS21 ../products_1pc/A439_CS21_12_2024_0.2_4asec_grid_K.fits 114 0.04828106484762052 0.03665784553245262 0.07486011796827077 0.019408178732514644 0.048281064847620514 0.03665784553245261 2.6385693550109863 84.53494269701116 1.004384581397894 1.9795236587524412 0.0 84.3207938295465 0.5787467101839274
A439 CS21 ../products_1pc/A439_CS21_12_2024_0.2_4asec_grid_K.fits 115 nan 0.0 -0.13854460443731098 -0.04233307357806724 -0.1182439173200199 -0.036130085847783856 -3.1434664726257324 84.19222499126636 0.8228801692015885 -1.300683090520219 0.0 84.35148575094757 1.0216166879951853
A439 CS21 ../products_1pc/A439_CS21_12_2024_0.2_4asec_grid_K.fits 116 0.05175463052896353 0.015291140838102861 0.01070940859186673 0.0062065890702864 0.05175463040094582 0.015291140800279447 2.034794807434082 92.00498212346747 1.486260795206224 1.3456203904245914 0.0 92.74116327059889 0.49747539577186073
A439 CS21 ../products_1pc/A439_CS21_12_2024_0.2_4asec_grid_K.fits 117 0.03407597771057716 0.022717318473718107 -0.002255506435412043 -0.0010410029701901737 0.03407597771057715 0.022717318473718103 -0.31471699476242065 92.95955341543444 3.092528321907282 0.885975420475006 0.0 92.29031570992464 0.5278738382374183
A439 CS21 ../products_1pc/A439_CS21_12_2024_0.2_4asec_grid_K.fits 118 0.06487364604555328 0.021875996922337732 0.5263756609182191 0.09180970829968937 0.05962299666078256 0.020105429106542956 3.4138779640197754 95.57167627888484 0.1724928108824354 1.7290669031626942 0.0 95.12629849453604 0.7404027698818395
A439 CS21 ../products_1pc/A439_CS21_12_2024_0.2_4asec_grid_K.fits 119 0.09482477108637492 0.006615681703700576 0.0 0.0 -0.030911660194391382 -0.021566274554226546 -0.6663485765457153 103.53786300679263 nan -0.9273498058317414 0.0 103.96025271136857 0.28039945844988834
A439 CS21 ../products_1pc/A439_CS21_12_2024_0.2_4asec_grid_K.fits 120 0.09671745092972465 0.09671745092972465 0.0 0.0 0.0967174509297245 0.0967174509297245 2.1156859397888184 134.06495958833446 nan 2.2245013713836634 0.0 134.01701924443955 0.2623031031163477
GMC225 13CO10 ../products_1pc/GMC225_13CO10_12p7fT_2024_0.2_4asec_grid_K.fits 0 0.9649788992745536 0.4275222971469541 0.9318304192716931 0.4128362617026488 0.9414428285605398 0.427522297146954 56734.578125 92.14813849790596 7.229058421793358 3242.329101562499 0.0 91.16623697881586 6.89559079292983
GMC225 13CO10 ../products_1pc/GMC225_13CO10_12p7fT_2024_0.2_4asec_grid_K.fits 1 0.9800274850985127 0.4396573983912849 0.9465947058403564 0.4246588713365528 0.9520870537022478 0.4390419320415373 55289.28125 92.07370311634578 7.1455578574703225 3191.3958040099346 0.0 91.1343486333299 6.834122757759699
GMC225 13CO10 ../products_1pc/GMC225_13CO10_12p7fT_2024_0.2_4asec_grid_K.fits 2 0.98564453125 0.4432102082098787 0.9525524778933817 0.42832985794843226 0.9578572640324776 0.4423345312988798 54810.671875 92.05855276874541 7.117976690695363 3172.423258475566 0.0 91.12257139262567 6.81833121326996
GMC225 13CO10 ../products_1pc/GMC225_13CO10_12p7fT_2024_0.2_4asec_grid_K.fits 3 0.9908321829965538 0.4605032510374199 0.9660073496290048 0.4489655591170331 0.9629354375355081 0.4588945380101511 54008.28515625 91.94366281127687 6.987585589211452 3151.687687053718 0.0 91.08481338762121 6.784248004183691
GMC225 13CO10 ../products_1pc/GMC225_13CO10_12p7fT_2024_0.2_4asec_grid_K.fits 4 1.032684918443565 0.5138057945906742 1.0654337732397738 0.5358754654834641 1.0215545993495283 0.5138057945906741 49199.73828125 91.21490217226372 6.204920212279665 3032.9956054687495 0.0 90.8769896779424 6.523534385703257
GMC225 13CO10 ../products_1pc/GMC225_13CO10_12p7fT_2024_0.2_4asec_grid_K.fits 5 0.9959031503411788 0.5114665943569194 1.008637219956594 0.5291534123224257 0.9749237779052431 0.5114665943569193 51370.015625 91.2925901178064 6.294355204463783 3147.0539550781245 0.0 90.91506175118316 6.555040817946504
GMC225 13CO10 ../products_1pc/GMC225_13CO10_12p7fT_2024_0.2_4asec_grid_K.fits 6 1.0894720657329802 0.5493687184809946 1.2084022034481121 0.5780077745594994 1.1485284439708905 0.5493687184809943 43567.74609375 91.4116185111005 6.237410791904986 2648.5065917968736 0.0 91.22320745420991 6.651135375687641
GMC225 13CO10 ../products_1pc/GMC225_13CO10_12p7fT_2024_0.2_4asec_grid_K.fits 7 1.1893830215889194 0.5712582076300456 1.3789625214772325 0.6006869417198997 1.3114046663851349 0.5712582076300455 37758.17578125 91.137926924962 6.025190781515524 2377.5766601562495 0.0 90.95165430313403 6.438605319158351
GMC225 13CO10 ../products_1pc/GMC225_13CO10_12p7fT_2024_0.2_4asec_grid_K.fits 8 1.2115906923064217 0.5699476851923794 1.4362353783634725 0.6056328199165713 1.351609427973909 0.5699476851923793 36553.0859375 91.07738577079584 5.986633133780645 2292.3295898437495 0.0 90.8803115798688 6.450551408849371
GMC225 13CO10 ../products_1pc/GMC225_13CO10_12p7fT_2024_0.2_4asec_grid_K.fits 9 1.2427358203344823 0.5710735848808831 1.4896172200690065 0.6132584986681816 1.3871492165416925 0.571073584880883 34868.046875 90.9402850206232 5.865701244318428 2208.3415527343745 0.0 90.78333335614052 6.388891685666622
GMC225 13CO10 ../products_1pc/GMC225_13CO10_12p7fT_2024_0.2_4asec_grid_K.fits 10 0.9946312181877367 0.5102820565536437 1.0062537181100442 0.5273258351099762 0.9737304385719247 0.5102820565536434 51541.99609375 91.31575142255883 6.314737304823883 3150.991699218748 0.0 90.92586382265064 6.568945917446517
GMC225 13CO10 ../products_1pc/GMC225_13CO10_12p7fT_2024_0.2_4asec_grid_K.fits 11 1.6684600360576922 0.7060540517171224 1.7564061969435978 0.744795509728253 1.6832932209066411 0.696988599281656 22485.494140625 89.79498660710048 5.227487192353589 1605.8617327449356 0.0 89.49521169007993 5.743368652448157
GMC225 13CO10 ../products_1pc/GMC225_13CO10_12p7fT_2024_0.2_4asec_grid_K.fits 12 1.6393414085455436 0.6738194758957327 1.7310814581636376 0.73313111674241 1.591033819510456 0.6738194758957325 24019.765625 89.91788560792536 5.261936306206655 1673.7675781249998 0.0 89.69396028380707 5.851384915495215
GMC225 13CO10 ../products_1pc/GMC225_13CO10_12p7fT_2024_0.2_4asec_grid_K.fits 13 1.6992096625434028 0.8100046060853086 1.7656962460973475 0.7369537298330031 1.6342721259033008 0.7357687007509565 18009.92578125 88.8497038389749 5.163923236830589 1389.1313070178057 0.0 88.02550230411781 5.167997559336965
GMC225 13CO10 ../products_1pc/GMC225_13CO10_12p7fT_2024_0.2_4asec_grid_K.fits 14 1.8237593095381182 1.1082610829246662 1.756684797547248 1.0675012793108485 1.7174840044830064 1.0436797623235632 11830.625 86.9256108013699 3.6905622249927887 1250.3283552636287 0.0 86.67969381451499 3.793551997368018
GMC225 13CO10 ../products_1pc/GMC225_13CO10_12p7fT_2024_0.2_4asec_grid_K.fits 15 2.005744610053692 1.1195858922497979 2.048296320066205 1.1146440103808553 2.014240150892627 1.0961112890094575 8665.0537109375 86.45336989852449 3.341928561642868 1017.1912762007767 0.0 86.3077366982977 3.419043277239965
GMC225 13CO10 ../products_1pc/GMC225_13CO10_12p7fT_2024_0.2_4asec_grid_K.fits 16 1.7699275230293843 0.8719495885512408 1.71255633547592 0.7681318857649346 1.7325761650457354 0.7771113681455136 15321.7265625 88.40194667240857 4.87597898848393 1268.2457528134782 0.0 87.5409387428282 4.773297527195574
GMC225 13CO10 ../products_1pc/GMC225_13CO10_12p7fT_2024_0.2_4asec_grid_K.fits 17 1.6324441599291424 0.6354893900591758 1.7032886277423733 0.7144688623347866 1.5150021340349593 0.6354893900591757 25077.001953125 90.0629771113162 5.281930051481077 1684.6823730468748 0.0 89.89452831754984 5.982493023870636
GMC225 13CO10 ../products_1pc/GMC225_13CO10_12p7fT_2024_0.2_4asec_grid_K.fits 18 2.1852489080954722 1.2243821088005515 2.1038346350012653 1.178766170493356 2.056219137371308 1.1520874872624534 5992.3125 86.03271382208895 2.9824140966814574 783.4194913384683 0.0 85.97656865253134 3.0740952609938534
GMC225 13CO10 ../products_1pc/GMC225_13CO10_12p7fT_2024_0.2_4asec_grid_K.fits 19 1.6311887523422388 0.5966215670045543 1.712170810156099 0.6789329600937344 1.5045933719195672 0.59662156700454 25611.8671875 90.18120164962318 5.323516513460181 1686.6491699218348 0.0 90.03977694926213 6.091144637817501
GMC225 13CO10 ../products_1pc/GMC225_13CO10_12p7fT_2024_0.2_4asec_grid_K.fits 20 0.7570270650527057 0.35748500294155544 0.7186110785112132 0.4191897957982077 0.612831433614095 0.3574850029415554 34.88291931152344 79.60338673134487 0.9221672323272657 12.869460105895994 0.0 79.57534428341943 1.0934216408456117
GMC225 13CO10 ../products_1pc/GMC225_13CO10_12p7fT_2024_0.2_4asec_grid_K.fits 21 0.8686753074721535 0.4386810302734375 1.4544900336573843 0.47270926093864984 1.3497877854404476 0.4386810302681454 3469.68701171875 88.16586951468733 3.660296516049107 350.94482421451636 0.0 88.32796700577293 4.0597236370210465
GMC225 13CO10 ../products_1pc/GMC225_13CO10_12p7fT_2024_0.2_4asec_grid_K.fits 22 2.24673088815145 1.4053081437653185 2.723113114750466 1.372235432335039 2.053423739619435 1.2843964175266664 4677.34033203125 85.45527491606678 2.6663074850305892 655.0421729385998 0.0 85.53690947756041 2.91715460699267
GMC225 13CO10 ../products_1pc/GMC225_13CO10_12p7fT_2024_0.2_4asec_grid_K.fits 23 2.2736091483575085 1.4113717806541313 2.8897941298035836 1.3959175033796973 2.703796599994881 1.3060712389805782 4351.50439453125 85.38188892954389 2.63480052155733 616.4656247988329 0.0 85.45998524776452 2.8851392767500754
GMC225 13CO10 ../products_1pc/GMC225_13CO10_12p7fT_2024_0.2_4asec_grid_K.fits 24 1.6362081010903997 0.6741965910517068 1.725486863740119 0.7331586754365647 1.5867197653296312 0.6741965910517067 24183.974609375 89.94490676375749 5.284944355107208 1678.7495117187498 0.0 89.70770261060964 5.870296549388208
GMC225 13CO10 ../products_1pc/GMC225_13CO10_12p7fT_2024_0.2_4asec_grid_K.fits 25 2.3597560975609757 1.6125 3.020104443442251 1.4932738637020018 2.1149527966687733 1.4452177443903285 3231.533935546875 85.44234899711027 2.3981526407234344 520.2783879805182 0.0 85.56503859772852 2.4988970579869085
GMC225 13CO10 ../products_1pc/GMC225_13CO10_12p7fT_2024_0.2_4asec_grid_K.fits 26 1.7699275230293843 0.8624374112215909 1.7392245753959599 0.7747454926763822 1.7473708253676588 0.7783742767546843 15559.0751953125 88.44096976124686 4.855688776649748 1284.3175566452292 0.0 87.64753159627442 4.807285169272633
GMC225 13CO10 ../products_1pc/GMC225_13CO10_12p7fT_2024_0.2_4asec_grid_K.fits 27 1.2116803328196208 0.7292872222613391 1.7550257862232512 0.7207159184803946 1.6206710898778593 0.6655420463134782 2023.4510498046875 88.17131809068484 3.5111385810674864 212.30791277399956 0.0 88.11869820130507 3.9226458636818857
GMC225 13CO10 ../products_1pc/GMC225_13CO10_12p7fT_2024_0.2_4asec_grid_K.fits 28 2.135228006463302 1.560358927800105 2.5908672555551333 1.8933260713672126 2.1352280064633016 1.5603589278001049 123.4869613647461 82.33732053506793 1.0007656877515898 40.56933212280273 0.0 82.27519416079366 1.2317121472333792
GMC225 13CO10 ../products_1pc/GMC225_13CO10_12p7fT_2024_0.2_4asec_grid_K.fits 29 2.0334411248928164 1.1116144816080729 2.4659106402052173 1.0192430646181565 2.3185568664399816 0.9583368381285258 1141.776611328125 88.3422655184716 2.9793545219619073 143.75052571927887 0.0 88.23237199790384 3.2289598854156147
GMC225 13CO10 ../products_1pc/GMC225_13CO10_12p7fT_2024_0.2_4asec_grid_K.fits 30 0.8207517351422992 0.3706620739352319 1.1656770681334085 0.3948261037226061 1.0750704642291677 0.36413677014213747 96.96866607666016 87.97511623243875 1.580316008922557 22.576479748812524 0.0 88.27674881832898 1.756688394224267
GMC225 13CO10 ../products_1pc/GMC225_13CO10_12p7fT_2024_0.2_4asec_grid_K.fits 31 2.0598929910098804 1.094318151473999 4.068153464368245 1.0170383660920612 3.370777735729455 0.8426944339323638 149.92127990722656 87.36534629277796 1.8377483116955902 26.96622188583564 0.0 87.24023943446775 2.3930281949625423
GMC225 13CO10 ../products_1pc/GMC225_13CO10_12p7fT_2024_0.2_4asec_grid_K.fits 32 1.9304868712905765 1.19440194914381 2.108811106457688 1.2642752436796691 1.9922624511718747 1.1944019491438098 4331.70556640625 93.70608466434456 3.2778668348204896 498.0656127929687 0.0 93.68678992981053 3.5179252731102904
GMC225 13CO10 ../products_1pc/GMC225_13CO10_12p7fT_2024_0.2_4asec_grid_K.fits 33 0.6864696849476207 0.520770105822333 1.0052393960433117 0.7625954038949261 0.6864696849476206 0.520770105822333 27.592937469482422 87.5473290422673 0.49775521769321934 15.102333068847654 0.0 87.57530130749518 0.7051071239248949
GMC225 13CO10 ../products_1pc/GMC225_13CO10_12p7fT_2024_0.2_4asec_grid_K.fits 34 1.6647592062478538 0.8807737660962481 1.5581140042502712 0.756409996249405 1.5429760674904516 0.843254362465712 2234.6904296875 95.33483862974944 3.4261922844818002 290.0795006882049 0.0 95.73440261059932 2.913762708320825
GMC225 13CO10 ../products_1pc/GMC225_13CO10_12p7fT_2024_0.2_4asec_grid_K.fits 35 1.9017624726166595 1.234477394505551 3.620948032557858 1.206982677519286 3.098211371182909 1.0327371237276362 181.14077758789062 88.95536070225424 1.0503895699025658 58.86601605247527 0.0 89.05376696818148 1.3071640674019338
GMC225 13CO10 ../products_1pc/GMC225_13CO10_12p7fT_2024_0.2_4asec_grid_K.fits 36 2.090426358309659 1.4150578425480769 3.948325978105945 1.0326391019661703 2.398733808665752 0.9225899264099047 385.5360412597656 92.30810707433047 2.29146446501471 59.968345216643804 0.0 92.81796544199345 2.653903716461917
GMC225 13CO10 ../products_1pc/GMC225_13CO10_12p7fT_2024_0.2_4asec_grid_K.fits 37 2.4393781774184284 2.073471450805664 1.9474341393471248 1.6553190184450561 1.744626735448188 1.4829327251309596 107.24602508544922 90.2418034456761 1.2923482825615376 29.658654502619193 0.0 90.10012842107162 1.494101704895893
GMC225 13CO10 ../products_1pc/GMC225_13CO10_12p7fT_2024_0.2_4asec_grid_K.fits 38 1.3920162929577773 0.8663597907219733 1.634291474442901 0.6400022557258913 1.6363003499735551 0.5950183090812928 713.8439331054688 93.64422448482632 3.111686219306448 85.08761819862487 0.0 93.09930780599804 3.417149972657349
GMC225 13CO10 ../products_1pc/GMC225_13CO10_12p7fT_2024_0.2_4asec_grid_K.fits 39 0.823730574713813 0.5295410837445941 1.1392097725194412 0.5289188229554548 1.0278734235812301 0.477226946662714 115.45137786865234 90.68422023793515 1.5550062411496892 26.724709013111983 0.0 90.90600907865182 1.7851044095147888
GMC225 13CO10 ../products_1pc/GMC225_13CO10_12p7fT_2024_0.2_4asec_grid_K.fits 40 1.458887676860011 1.2546434020996093 1.588155680214247 1.1434720897542576 1.503480600035634 1.0825060320256563 214.04571533203125 91.1351289546754 1.4935543516950718 54.12530160128282 0.0 91.16852800783268 1.6081005964429658
GMC225 13CO10 ../products_1pc/GMC225_13CO10_12p7fT_2024_0.2_4asec_grid_K.fits 41 1.5246126810709635 1.1434595108032226 2.4731379815731755 0.9892551926292702 1.6965563147931941 0.8906920652664269 367.4631652832031 92.64529790420598 1.8523606726286306 71.25536522131415 0.0 92.40862339677275 2.137045217358106
GMC225 13CO10 ../products_1pc/GMC225_13CO10_12p7fT_2024_0.2_4asec_grid_K.fits 42 2.257351628056279 1.6472565934464738 3.9654824822500014 1.6076280333445951 3.533638315038582 1.4325560736642902 205.32008361816406 90.75540846264938 1.37706424943222 53.004574725578735 0.0 90.54687382778252 1.615455761654326
GMC225 13CO10 ../products_1pc/GMC225_13CO10_12p7fT_2024_0.2_4asec_grid_K.fits 43 1.0037258372587317 0.6094049726213727 0.9107212738327826 0.552937916255618 0.938236885364027 0.5696438232567307 95.45877075195312 92.20558798105526 1.229876504361237 31.90005410237692 0.0 91.90224596685987 1.1476377984995079
GMC225 13CO10 ../products_1pc/GMC225_13CO10_12p7fT_2024_0.2_4asec_grid_K.fits 44 2.743997611251532 2.1365477583790553 3.1178421644617145 2.4276328303442356 2.7439976112515314 2.136547758379055 1635.968994140625 94.92198936613863 2.0522527036761176 279.8877563476562 0.0 94.88821760821133 2.3114855527513956
GMC225 13CO10 ../products_1pc/GMC225_13CO10_12p7fT_2024_0.2_4asec_grid_K.fits 45 0.8054853870022681 0.5806987673737282 0.9937391550554041 0.7164166001562216 0.805485387002268 0.5806987673737282 34.6362190246582 90.2790744924076 0.4485454412706795 24.97004699707031 0.0 90.2204227865517 0.544263995442983
GMC225 13CO10 ../products_1pc/GMC225_13CO10_12p7fT_2024_0.2_4asec_grid_K.fits 46 0.6347577454613857 0.4163464782058552 0.6468631458581953 0.42428657954139687 0.7744044494628904 0.4163464782058551 111.75453186035156 93.47443616025926 1.1298816771932725 38.720222473144524 0.0 93.58378052296464 1.1575446982953423
GMC225 13CO10 ../products_1pc/GMC225_13CO10_12p7fT_2024_0.2_4asec_grid_K.fits 47 1.2367678782978997 0.8112133395287299 1.9628013142308063 0.7175832761704023 1.8094127038428953 0.6615057196844993 283.23101806640625 93.8684941079079 1.6931507296200903 61.52003193065844 0.0 93.630067632468 1.8847276309703218
GMC225 13CO10 ../products_1pc/GMC225_13CO10_12p7fT_2024_0.2_4asec_grid_K.fits 48 1.6506843566894531 1.218362263270787 1.6004208483558815 1.1812630071198174 1.650684356689453 1.2183622632707867 128.31890869140625 92.8602906637047 1.0318221087135966 51.17121505737304 0.0 92.65460696932476 0.9211161205497699
GMC225 13CO10 ../products_1pc/GMC225_13CO10_12p7fT_2024_0.2_4asec_grid_K.fits 49 1.1107783701228 0.8259634034246461 0.8575478751423582 0.6376638045930356 1.0735094175275843 0.7982505925205114 217.9544677734375 95.61823977566574 1.165462257790219 93.39531932489984 0.0 96.03121206005821 0.7539625311178899
GMC225 13CO10 ../products_1pc/GMC225_13CO10_12p7fT_2024_0.2_4asec_grid_K.fits 50 1.1007692035875822 0.6115384464375457 1.397772056646117 0.4168793853155086 1.5641558393695192 0.4665026187593303 403.8016052246094 97.09401617515901 2.259808181703895 79.77194780784548 0.0 96.59646548466507 1.875830813291989
GMC225 13CO10 ../products_1pc/GMC225_13CO10_12p7fT_2024_0.2_4asec_grid_K.fits 51 2.3781527201334636 1.0809785091515742 3.1013667670155725 1.4097121668252603 2.378152720133463 1.0809785091515742 90.13335418701172 94.1664074253178 0.7729496608189226 35.672290802001946 0.0 94.25519751964347 1.0076217683268498
GMC225 13CO10 ../products_1pc/GMC225_13CO10_12p7fT_2024_0.2_4asec_grid_K.fits 52 0.6499574133690368 0.6499574133690368 0.7503845331780309 0.7503845331780309 0.6499574133690367 0.6499574133690367 46.92103576660156 95.74068450271982 0.5307572368928551 30.547998428344723 0.0 95.7663236930857 0.6000903686669296
GMC225 13CO10 ../products_1pc/GMC225_13CO10_12p7fT_2024_0.2_4asec_grid_K.fits 53 0.6615012108862817 0.3666460199873577 0.9907128311444532 0.37631727694634265 0.8810645055225418 0.33466791295042286 249.94146728515625 96.78531137188249 1.0270096335732717 86.3443215412091 0.0 96.69562604886438 1.210968274201128
GMC225 13CO10 ../products_1pc/GMC225_13CO10_12p7fT_2024_0.2_4asec_grid_K.fits 54 0.654922001798388 0.26571121215820315 1.3366182588000912 0.17948873761029796 0.5641069511207093 0.15633821216773944 575.2791137695312 101.50152093781858 3.653283918217983 54.7183742587088 0.0 101.03145310568722 4.420413106580214
GMC225 13CO10 ../products_1pc/GMC225_13CO10_12p7fT_2024_0.2_4asec_grid_K.fits 55 0.6129313151041667 0.34305857188666045 1.1791207492958535 0.3035795959007981 1.0112972852136697 0.26037131596919105 231.59628295898438 97.00679929639777 1.1356232570251932 69.7795126797432 0.0 96.89601014446949 1.4075791193532528
GMC225 13CO10 ../products_1pc/GMC225_13CO10_12p7fT_2024_0.2_4asec_grid_K.fits 56 0.6852985382080078 0.40913345564657183 0.7280701003139448 0.2499345120480706 0.9548958136103589 0.29929570277339607 356.0360107421875 100.6095695352403 2.8273638774671817 60.158436257452614 0.0 99.19497220950723 1.9663821132950534
GMC225 13CO10 ../products_1pc/GMC225_13CO10_12p7fT_2024_0.2_4asec_grid_K.fits 57 2.0958485073513455 1.7147851423783735 3.79672138801701 1.7257824490986409 3.282668445293625 1.4921220205880112 173.1510467529297 97.74381293551507 0.9096963720267507 65.6533689058725 0.0 97.63251115504006 1.1109002094131553
GMC225 13CO10 ../products_1pc/GMC225_13CO10_12p7fT_2024_0.2_4asec_grid_K.fits 58 0.6893306111180505 0.6893306111180505 0.8311157767482176 0.8311157767482176 0.6893306111180504 0.6893306111180504 46.946754455566406 98.30655039516739 0.5240656052290561 29.64121627807617 0.0 98.27275717569137 0.6208583471893474
GMC225 13CO10 ../products_1pc/GMC225_13CO10_12p7fT_2024_0.2_4asec_grid_K.fits 59 1.3568236892287795 0.9296754907678675 1.1108337371627763 0.7611268199078283 1.3568236892287793 0.9296754907678674 157.2921905517578 99.73900810012242 1.5267447710121564 50.20247650146484 0.0 100.45821831963215 0.9369219326049997
GMC225 13CO10 ../products_1pc/GMC225_13CO10_12p7fT_2024_0.2_4asec_grid_K.fits 60 1.1791786780724158 0.7963284579190341 2.2199693012293302 0.4901230924792027 1.0594891925362007 0.7154991949595121 156.05502319335938 99.16018706008337 1.6496504435333421 55.093438011882434 0.0 98.07653987742518 0.8248252217666712
GMC225 13CO10 ../products_1pc/GMC225_13CO10_12p7fT_2024_0.2_4asec_grid_K.fits 61 1.4537373860677083 0.9911845814098011 1.3044530191234773 0.8893997857660072 1.4266207600560734 0.9726959727655046 87.39786529541016 98.30053043482587 0.8909661283827282 42.7986228016822 0.0 98.08645911461994 0.7559907722655087
GMC225 13CO10 ../products_1pc/GMC225_13CO10_12p7fT_2024_0.2_4asec_grid_K.fits 62 0.7424829227408183 0.3311303149694684 0.9963367378831253 0.31149838241863226 0.9438217736261365 0.2950799108348381 1673.63232421875 107.39668798845462 4.927482247116391 128.35976121315457 0.0 107.19292474180317 5.294524668563332
GMC225 13CO10 ../products_1pc/GMC225_13CO10_12p7fT_2024_0.2_4asec_grid_K.fits 63 0.6931734357561384 0.32434585897680274 0.7920645836155413 0.24566709010535506 0.7945372733148204 0.2464340206003186 2110.153564453125 107.16674670801483 4.581160928460019 184.33264740903832 0.0 106.75751571419222 4.529640074398145
GMC225 13CO10 ../products_1pc/GMC225_13CO10_12p7fT_2024_0.2_4asec_grid_K.fits 64 0.8709103393554688 0.3853585572369331 0.8504537547632323 0.35749162257746486 0.8299809534126001 0.3672482094746018 619.68310546875 105.15250913667064 3.0598871774078384 82.99809534126001 0.0 105.66077234703778 2.9254651651551105
GMC225 13CO10 ../products_1pc/GMC225_13CO10_12p7fT_2024_0.2_4asec_grid_K.fits 65 1.1973277052787885 0.816868434442538 1.2890765252083467 0.7830838704536686 1.318777021806285 0.8011262282000797 275.6232604980469 101.95618812089477 1.3123022557920745 85.72050641740853 0.0 102.25342923187142 1.2608366383104008
GMC225 13CO10 ../products_1pc/GMC225_13CO10_12p7fT_2024_0.2_4asec_grid_K.fits 66 0.6277814118758492 0.27767254756047177 0.5499109759615642 0.24322985475223036 0.4729903656065849 0.20920727709522025 92.44192504882812 103.64447996038146 2.915807324377399 10.878778408951453 0.0 104.03391087784388 3.5876029251018924
GMC225 13CO10 ../products_1pc/GMC225_13CO10_12p7fT_2024_0.2_4asec_grid_K.fits 67 1.2279900037325346 1.2279900037325346 1.2739564325011834 1.2739564325011834 1.2279900037313252 1.2279900037313252 46.75431823730469 101.00290126827173 0.5631237838868831 31.927740097014453 0.0 101.0031818907899 0.5850991395433692
GMC225 13CO10 ../products_1pc/GMC225_13CO10_12p7fT_2024_0.2_4asec_grid_K.fits 68 0.6616395038107167 0.4908938254079511 0.7079647223953071 0.5252641488739375 0.6616395038107167 0.49089382540795107 45.01368713378906 102.23791394676708 1.1028468329468473 15.217708587646483 0.0 102.41733963715414 1.1316582463102802
GMC225 13CO10 ../products_1pc/GMC225_13CO10_12p7fT_2024_0.2_4asec_grid_K.fits 69 0.7237120597593246 0.6598551133099724 0.6277096346680472 0.5723234904326313 0.7237120597593245 0.6598551133099724 29.37985610961914 100.31069999583212 0.6023365842288094 22.43507385253906 0.0 100.1446938928461 0.47216263080116827
GMC225 13CO10 ../products_1pc/GMC225_13CO10_12p7fT_2024_0.2_4asec_grid_K.fits 70 0.6910856861179158 0.39205822577843297 0.5986698703713095 0.33963002261449293 0.6910856861179127 0.3920582257784312 109.9536361694336 103.8349917494938 1.2418817602150916 40.77405548095685 0.0 103.57557496736881 0.9807070465011507
GMC225 13CO10 ../products_1pc/GMC225_13CO10_12p7fT_2024_0.2_4asec_grid_K.fits 71 0.6656258900960287 0.2969334825707191 0.5267302399452071 0.23497259774507379 0.5119782938413446 0.22839180394409425 369.4240417480469 106.08612040755415 2.3316626879287545 61.43739526096135 0.0 105.72842915101603 2.3886249846312784
GMC225 13CO10 ../products_1pc/GMC225_13CO10_12p7fT_2024_0.2_4asec_grid_K.fits 72 0.7311063356037382 0.4657854880056074 0.5838885895772243 0.31077941058142583 0.7311063356037381 0.4657854880056073 183.42901611328125 107.02344529352051 1.898909112329979 57.757400512695305 0.0 106.09914008717797 0.976773197014175
GMC225 13CO10 ../products_1pc/GMC225_13CO10_12p7fT_2024_0.2_4asec_grid_K.fits 73 0.9187072256337041 0.7162802098161083 1.283998310742271 1.0010834287143129 0.918707225633704 0.7162802098161082 73.12032318115234 105.5779642523962 0.4938850543705023 42.26053237915038 0.0 105.62150586055738 0.674184803815201
GMC225 13CO10 ../products_1pc/GMC225_13CO10_12p7fT_2024_0.2_4asec_grid_K.fits 74 0.5948343044374047 0.44342193603515623 0.5091618813951245 0.3795570388581837 0.5948343044371956 0.4434219360350004 102.16216278076172 107.79760988474078 0.9761811321646173 48.77641296385004 0.0 108.13080612251852 0.7370682250319643
GMC225 13CO10 ../products_1pc/GMC225_13CO10_12p7fT_2024_0.2_4asec_grid_K.fits 75 0.7356887817382812 0.6688079833984375 0.949589294236432 0.8632629947603927 0.7356887817382811 0.6688079833984374 43.93721008300781 107.83720238436322 0.3691787784757328 36.784439086914055 0.0 107.98731571866364 0.54552678987349
GMC225 13CO10 ../products_1pc/GMC225_13CO10_12p7fT_2024_0.2_4asec_grid_K.fits 76 0.807540230129076 0.42697529409123564 0.6756859733452337 0.3572592502744914 0.6819619883637884 0.3605776030429226 123.18492126464844 112.27039729585682 1.58112017747862 31.370251464734267 0.0 112.14001648063568 1.5534605111053577
GMC225 CS21 ../products_1pc/GMC225_CS21_12p7fT_2024_0.2_4asec_grid_K.fits 0 0.1521067015560862 0.06351818615877175 0.11209111879594895 0.050902137807654034 0.11498861339994838 0.052217930452191745 6560.2822265625 91.4307012164518 6.779509013026201 396.0207845494222 0.0 90.54964139993227 6.576013509980906
GMC225 CS21 ../products_1pc/GMC225_CS21_12p7fT_2024_0.2_4asec_grid_K.fits 1 0.15561017837349828 0.06548514728910872 0.11460513142945658 0.05284858997820037 0.11741763748958887 0.054145538707539125 6479.2275390625 91.37468442854575 6.728607947081633 393.5839208651019 0.0 90.52282141411538 6.538846843472597
GMC225 CS21 ../products_1pc/GMC225_CS21_12p7fT_2024_0.2_4asec_grid_K.fits 2 0.15665200166219279 0.06598517805653714 0.11571342637838318 0.05343598273357573 0.1185419823640892 0.0547421982138683 6444.19873046875 91.38791103914257 6.708183114277798 392.6110455898634 0.0 90.53603041545351 6.520681672826314
GMC225 CS21 ../products_1pc/GMC225_CS21_12p7fT_2024_0.2_4asec_grid_K.fits 3 0.15817324213836065 0.06865381986232573 0.11895555541626412 0.056689215619894075 0.12531885541270574 0.056929940140891366 6324.10791015625 91.19053624123704 6.480053675590571 390.9948288876419 0.0 90.47178023437594 6.461215859437588
GMC225 CS21 ../products_1pc/GMC225_CS21_12p7fT_2024_0.2_4asec_grid_K.fits 4 0.16691581559007185 0.07747744108365186 0.13518407930386653 0.06799280559938671 0.13653182061766062 0.0655250970370714 5965.93017578125 90.70877680456043 5.9299698713640545 386.7946478098325 0.0 90.3008879491036 6.230842395093668
GMC225 CS21 ../products_1pc/GMC225_CS21_12p7fT_2024_0.2_4asec_grid_K.fits 5 0.15959316219857703 0.07610049372511377 0.12553821874673057 0.06586012841125406 0.1281412610395185 0.06401856597358685 6147.5615234375 90.80294401029607 6.0520632941024814 393.9062364354799 0.0 90.33566337169492 6.2905590815918
GMC225 CS21 ../products_1pc/GMC225_CS21_12p7fT_2024_0.2_4asec_grid_K.fits 6 0.1653016315447627 0.0727930644616327 0.15050243522944853 0.07198892670381836 0.1422111264791431 0.0680229947440166 5202.255859375 90.98666612283293 5.97996915290211 327.93885766090403 0.0 90.83805918064269 6.462522413436712
GMC225 CS21 ../products_1pc/GMC225_CS21_12p7fT_2024_0.2_4asec_grid_K.fits 7 0.15773189907515264 0.07371180771291971 0.17540972783260633 0.07640985981751929 0.16633862748510808 0.07245841701838082 4659.17431640625 90.76437323011096 5.844771622491048 301.57193163050096 0.0 90.65344125057243 6.285360028231312
GMC225 CS21 ../products_1pc/GMC225_CS21_12p7fT_2024_0.2_4asec_grid_K.fits 8 0.167362046554099 0.07623253836079298 0.18469486155486659 0.0778822688207493 0.17520703568442417 0.07388143523639568 4571.02783203125 90.73675016871962 5.821612179911654 297.1511325207834 0.0 90.6122325751962 6.25760318105798
GMC225 CS21 ../products_1pc/GMC225_CS21_12p7fT_2024_0.2_4asec_grid_K.fits 9 0.1728090786325406 0.07704237175135764 0.19303317152497507 0.07946956531361787 0.1820471660167028 0.0749467515641559 4392.61962890625 90.6174114543266 5.702412817282948 289.8190882985908 0.0 90.55128155717242 6.17845675326051
GMC225 CS21 ../products_1pc/GMC225_CS21_12p7fT_2024_0.2_4asec_grid_K.fits 10 0.15927096044673175 0.07595999652074899 0.1252031704666089 0.06561254406962694 0.12790649931498974 0.06377718403090744 6147.83642578125 90.80135885624756 6.053527646945697 393.82411139085343 0.0 90.33834057584181 6.292473683722084
GMC225 CS21 ../products_1pc/GMC225_CS21_12p7fT_2024_0.2_4asec_grid_K.fits 11 0.2717173995784225 0.09599737988577949 0.24679815893674426 0.10465355958385379 0.22459951301531472 0.09524033169095594 3129.052001953125 89.92555943093397 5.177097775982739 219.43372421596249 0.0 89.84850472491756 5.903357264293278
GMC225 CS21 ../products_1pc/GMC225_CS21_12p7fT_2024_0.2_4asec_grid_K.fits 12 0.2465761600698463 0.09648632350559204 0.23926066090481166 0.10132939423182845 0.21875357002281656 0.09264442659581443 3274.947509765625 89.97881637407353 5.190717238343468 230.12875566400302 0.0 89.92549698630317 5.880630725935669
GMC225 CS21 ../products_1pc/GMC225_CS21_12p7fT_2024_0.2_4asec_grid_K.fits 13 0.2552877525727912 0.10100633006984905 0.23576361581063107 0.09840133964977611 0.2087895490356988 0.0939995321400127 2410.228271484375 88.86894114126247 5.175654068622853 177.47111668034398 0.0 88.07845673913016 5.471589399884137
GMC225 CS21 ../products_1pc/GMC225_CS21_12p7fT_2024_0.2_4asec_grid_K.fits 14 0.2603957681094899 0.14780394183176387 0.25132320737532654 0.14265424124809856 0.2510678416290476 0.14250929241047777 1489.200439453125 86.44959126595195 3.476335755148384 170.72613230775238 0.0 86.19056937622588 3.444568966941781
GMC225 CS21 ../products_1pc/GMC225_CS21_12p7fT_2024_0.2_4asec_grid_K.fits 15 0.3030142000406095 0.16489458084106445 0.29348651920109853 0.1597097976255978 0.29847441106601813 0.1624241137805379 1174.8819580078125 86.17574895361838 3.1624579885811532 150.72957758833917 0.0 86.04544476936745 3.061950408514463
GMC225 CS21 ../products_1pc/GMC225_CS21_12p7fT_2024_0.2_4asec_grid_K.fits 16 0.24462412241342904 0.11092025158452053 0.23782580428331637 0.10667186809766396 0.22964183068104935 0.10300111523194126 2110.19482421875 88.46392931735973 4.835735788049285 168.09782005852813 0.0 87.65127470395393 5.012082153183663
GMC225 CS21 ../products_1pc/GMC225_CS21_12p7fT_2024_0.2_4asec_grid_K.fits 17 0.2499904558925555 0.09769525171810166 0.23803262570684525 0.09984620135270159 0.21954303669608752 0.0920904778596942 3440.052490234375 90.11425634701048 5.184822112168209 244.1318568060493 0.0 90.10467833855397 5.8000216460703635
GMC225 CS21 ../products_1pc/GMC225_CS21_12p7fT_2024_0.2_4asec_grid_K.fits 18 0.33139042090869014 0.18567610347972197 0.2978687005683821 0.16689408075963763 0.3123118563920705 0.17498649600791008 854.7463989257812 85.93632283730133 3.0046749693356785 118.99081728537885 0.0 85.89392630414335 2.8001349794306973
GMC225 CS21 ../products_1pc/GMC225_CS21_12p7fT_2024_0.2_4asec_grid_K.fits 19 0.24725759527982413 0.09201096223359569 0.2374727350265556 0.09416587759631016 0.21886990286326563 0.08678923279438301 3474.447509765625 90.16280341479808 5.206866634250362 245.3531611097208 0.0 90.1628966961765 5.828126780301312
GMC225 CS21 ../products_1pc/GMC225_CS21_12p7fT_2024_0.2_4asec_grid_K.fits 20 0.2386110850742885 0.1391897996266683 5.533104698663312 3.2276444075535986 0.23861108507428846 0.13918979962666828 7.697160243988037 80.09741719099387 0.026427276646962358 5.010832786560058 0.0 79.87920995277766 0.6695274418197772
GMC225 CS21 ../products_1pc/GMC225_CS21_12p7fT_2024_0.2_4asec_grid_K.fits 21 0.21827532741556338 0.1072277545928955 0.25582753684858195 0.08314394947578913 0.2799211972585919 0.09097438910904236 543.5970458984375 87.52285843202746 3.260367207678684 72.77951128723389 0.0 87.52580314556097 2.856140697226939
GMC225 CS21 ../products_1pc/GMC225_CS21_12p7fT_2024_0.2_4asec_grid_K.fits 22 0.31497964888904534 0.19701668234432446 0.3950121364169811 0.19905513541012576 0.37446043407041457 0.1886986893256795 644.5032958984375 85.11309389658913 2.532746045482918 96.23633155609654 0.0 85.29204577684743 2.7185141549797613
GMC225 CS21 ../products_1pc/GMC225_CS21_12p7fT_2024_0.2_4asec_grid_K.fits 23 0.31306290870640463 0.19433778019274695 0.42033107165191197 0.20304128037422867 0.3966272244235638 0.19159111688256897 601.2293090820312 85.06509499726494 2.5027868671987443 90.43100716857255 0.0 85.22472844289668 2.705819752000823
GMC225 CS21 ../products_1pc/GMC225_CS21_12p7fT_2024_0.2_4asec_grid_K.fits 24 0.24653280330411975 0.09673194732053213 0.2390208252451033 0.1015598526543451 0.21873150527308727 0.09293892874655675 3301.399169921875 90.00968946138798 5.208188501148565 231.41793257892633 0.0 89.94576474979834 5.8928681389995505
GMC225 CS21 ../products_1pc/GMC225_CS21_12p7fT_2024_0.2_4asec_grid_K.fits 25 0.33388178135321395 0.22815255059136286 0.4437022428753232 0.21938610897724314 0.44148984312694517 0.21829220021276735 443.00701904296875 85.28945132682497 2.2377370203453526 78.58519207659624 0.0 85.47283917045596 2.2415802112173644
GMC225 CS21 ../products_1pc/GMC225_CS21_12p7fT_2024_0.2_4asec_grid_K.fits 26 0.24405411734432989 0.1096024854255445 0.23797265919272292 0.10600600273130384 0.2291131750894201 0.10205950526710532 2119.248291015625 88.47383355743513 4.83367564769588 168.39818369072378 0.0 87.68322560546079 5.034025471025452
GMC225 CS21 ../products_1pc/GMC225_CS21_12p7fT_2024_0.2_4asec_grid_K.fits 27 0.3698211118399379 0.192446095816394 0.35773436330098574 0.14690658806404117 0.4063193513890246 0.16685841702809473 363.6905212402344 87.86631194083388 3.0960651635761205 53.22783503196222 0.0 87.52658613038523 2.563038413043912
GMC225 CS21 ../products_1pc/GMC225_CS21_12p7fT_2024_0.2_4asec_grid_K.fits 28 0.5968534605843681 0.321382632622352 0.5425273094795962 0.39646226461970485 0.4397867604305869 0.32138263262235195 27.535694122314453 82.26100961276707 1.0656899966284064 8.35594844818115 0.0 82.12999497467462 1.3322097481189796
GMC225 CS21 ../products_1pc/GMC225_CS21_12p7fT_2024_0.2_4asec_grid_K.fits 29 0.49777237061531315 0.20574591318766275 0.4063623311834185 0.1815085079285936 0.4552450193601098 0.18816794133551207 186.16015625 88.70810794908365 2.7277750632486093 28.225191200326808 0.0 87.89209095298366 2.4819765342908693
GMC225 CS21 ../products_1pc/GMC225_CS21_12p7fT_2024_0.2_4asec_grid_K.fits 30 0.27363548960004536 0.12357731788389144 0.18618275272183163 0.0630619001154591 0.23201146400783737 0.10477937084224913 15.551092147827148 88.04021862720772 1.5867635616055957 6.496320992219446 0.0 88.98536416332799 0.7901580044612786
GMC225 CS21 ../products_1pc/GMC225_CS21_12p7fT_2024_0.2_4asec_grid_K.fits 31 0.37907973457785216 0.20138610899448395 0.6099761953834062 0.15249404884585155 0.5440564223497476 0.1360141055874369 19.00528907775879 86.88791285114928 1.553751896744878 4.352451378797981 0.0 86.53526218883502 1.8047165043860978
GMC225 CS21 ../products_1pc/GMC225_CS21_12p7fT_2024_0.2_4asec_grid_K.fits 32 0.4107804705006208 0.2541519457773625 0.3577759559969882 0.21449397841546056 0.3360778485901631 0.20793305740110812 702.7129516601562 93.50802787618855 3.134273309358826 86.70808493626208 0.0 93.2730896963359 3.252069752292482
GMC225 CS21 ../products_1pc/GMC225_CS21_12p7fT_2024_0.2_4asec_grid_K.fits 33 0.13022289778056897 0.08531845027002795 0.0 0.0 0.13022289777953003 0.08531845026934727 1.9369317293167114 86.72260079156035 nan 2.474235057811071 0.0 87.04957382457408 0.24887760884661003
GMC225 CS21 ../products_1pc/GMC225_CS21_12p7fT_2024_0.2_4asec_grid_K.fits 34 0.3984243371984461 0.21079427142475926 0.5525407042339783 0.1766845275166791 0.3348979154279712 0.1625812554548581 489.1169128417969 94.20250539648751 3.210449064851091 55.92795187647119 0.0 94.92641042869145 3.5435431207276262
GMC225 CS21 ../products_1pc/GMC225_CS21_12p7fT_2024_0.2_4asec_grid_K.fits 35 0.15679633232855028 0.0852751982839484 0.3119920731668466 0.10399735772228219 0.25582559485184514 0.08527519828394838 14.219542503356934 89.01830819339233 0.9569704523804621 4.860686302185058 0.0 89.0101325870786 1.218424475325889
GMC225 CS21 ../products_1pc/GMC225_CS21_12p7fT_2024_0.2_4asec_grid_K.fits 36 0.6698243401267312 0.4534195533165565 1.1859313122487858 0.3101666508958363 0.9748565589325151 0.25496248464388854 121.69149017333984 91.83632606472449 2.408029581962457 16.572561501852757 0.0 91.9080069110135 3.173534575530865
GMC225 CS21 ../products_1pc/GMC225_CS21_12p7fT_2024_0.2_4asec_grid_K.fits 37 0.9894366544835708 0.8410211563110351 0.7882126670490807 0.6699807669917186 0.9894366544835705 0.841021156311035 39.570777893066406 89.9474672491493 1.1781275782587983 16.8204231262207 0.0 89.67348742810881 0.7494813762118553
GMC225 CS21 ../products_1pc/GMC225_CS21_12p7fT_2024_0.2_4asec_grid_K.fits 38 0.26189234015646945 0.16299593198549497 0.28807711628616456 0.10475531501315076 0.4009729908567467 0.1626324018859532 114.53324127197266 92.61133649155771 3.0502083985132713 23.25643346969131 0.0 91.62629698734013 1.7189203134528046
GMC225 CS21 ../products_1pc/GMC225_CS21_12p7fT_2024_0.2_4asec_grid_K.fits 39 0.32755460739135744 0.08773784126554217 0.08377668820161682 0.03291227036492089 0.28432069550035627 0.07615732915188114 8.250226974487305 89.6072705696111 1.7857887946923348 4.264810432505344 0.0 89.12921399678548 0.7775031205749507
GMC225 CS21 ../products_1pc/GMC225_CS21_12p7fT_2024_0.2_4asec_grid_K.fits 40 0.18159059036609737 0.15616790771484376 0.0 0.0 0.12437316232272863 0.10696091959754662 5.070404052734375 92.56630326385012 nan 5.348045979877331 0.0 92.02811062035316 0.7467771758475361
GMC225 CS21 ../products_1pc/GMC225_CS21_12p7fT_2024_0.2_4asec_grid_K.fits 41 0.3243971506754557 0.24329786300659179 0.5474872866944439 0.28743082551458304 0.46342450096493665 0.24329786300659176 63.93513870239258 91.72377103366765 1.1092421100820788 19.46382904052734 0.0 91.7286471203726 1.3462325313126526
GMC225 CS21 ../products_1pc/GMC225_CS21_12p7fT_2024_0.2_4asec_grid_K.fits 42 0.538985323022913 0.3933136140978014 0.39494968696676636 0.2882065283270998 0.5389853230228948 0.3933136140977881 33.023529052734375 90.49015144549823 1.2354580682191874 14.55260372161816 0.0 89.88364513265711 0.7138171817007325
GMC225 CS21 ../products_1pc/GMC225_CS21_12p7fT_2024_0.2_4asec_grid_K.fits 43 0.08301852146784465 0.026684524757521495 0.002583133990851705 0.0007380382831004872 -0.12499291890767711 -0.0357122625450506 0.3976716995239258 92.78020178589843 3.8385555884114058 -1.9998867025228337 0.0 92.86129494867424 0.6149382521873159
GMC225 CS21 ../products_1pc/GMC225_CS21_12p7fT_2024_0.2_4asec_grid_K.fits 44 0.5200299037976212 0.35330275906861286 0.49257234502544983 0.3835296121572205 0.4537515827253752 0.35330275906861275 260.27996826171875 94.83526463611787 2.066715106844399 46.28266143798827 0.0 94.64154689156999 2.291030853615073
GMC225 CS21 ../products_1pc/GMC225_CS21_12p7fT_2024_0.2_4asec_grid_K.fits 45 nan 0.0 -0.210807473552321 -0.08334248954394086 -0.17092321900760424 -0.06757429588672725 -4.024650573730469 90.72197974148798 0.44802610665577364 -2.905694723129272 0.0 90.72761993367827 0.5512114824348611
GMC225 CS21 ../products_1pc/GMC225_CS21_12p7fT_2024_0.2_4asec_grid_K.fits 46 0.09399286270141602 0.05053379715129893 0.0 0.0 0.04766545360671569 0.03126443731193179 7.769783973693848 91.91512416245858 nan 2.907592670009657 0.0 92.6994600914074 1.2637594754041388
GMC225 CS21 ../products_1pc/GMC225_CS21_12p7fT_2024_0.2_4asec_grid_K.fits 47 0.14425252695552637 0.09461724886330225 0.0 0.0 0.12230729596749416 0.08022306509695853 10.518535614013672 91.66066361876041 nan 7.460745054017144 0.0 92.742880054997 0.8465753648100452
GMC225 CS21 ../products_1pc/GMC225_CS21_12p7fT_2024_0.2_4asec_grid_K.fits 48 0.08635577078788512 0.06373878320058186 0.19145703768059952 0.10940402153177116 0.11154286917314728 0.06373878238465559 5.132109642028809 91.82804668927662 0.4455776668977774 2.6770288601555348 0.0 92.21294057155693 0.7990781257154652
GMC225 CS21 ../products_1pc/GMC225_CS21_12p7fT_2024_0.2_4asec_grid_K.fits 49 0.18647457571590648 0.054189192943083934 0.05500391974876045 0.015984045055195344 0.12625856451639747 0.036690523021859094 6.727573394775391 94.284179318159 1.4351455656352599 4.292791193557514 0.0 94.45277751787553 0.5827311288963264
GMC225 CS21 ../products_1pc/GMC225_CS21_12p7fT_2024_0.2_4asec_grid_K.fits 50 0.18655967712402344 0.06982350488852339 0.06716858976424492 0.020032737298108134 0.11527070147515078 0.04314225084450088 21.33038330078125 97.19748085733289 2.4841185574452878 7.37732489440965 0.0 98.08066088465871 1.1299040908519478
GMC225 CS21 ../products_1pc/GMC225_CS21_12p7fT_2024_0.2_4asec_grid_K.fits 51 0.8284320831298828 0.37656003778631036 0.9641418460038855 0.4382462936381298 0.8284320831298827 0.3765600377863103 24.31216049194336 94.19772869949212 0.6706584920287351 12.42648124694824 0.0 94.24232620625811 0.7807870375401476
GMC225 CS21 ../products_1pc/GMC225_CS21_12p7fT_2024_0.2_4asec_grid_K.fits 52 0.24509616692860922 0.12515548949546002 0.2127925210936589 0.10866001077123008 0.24509616692860917 0.12515548949546002 7.081882953643799 95.23303936614353 0.553211511801515 5.88230800628662 0.0 95.20992726582698 0.4183580947458675
GMC225 CS21 ../products_1pc/GMC225_CS21_12p7fT_2024_0.2_4asec_grid_K.fits 53 0.06151540425358987 0.023366316344386847 0.015143411578505208 0.008393441301264515 0.06151540425354672 0.02336631634437046 7.941208839416504 96.25645592671805 1.4629750500158574 6.028509616847579 0.0 96.64603386671433 0.513504816786637
GMC225 CS21 ../products_1pc/GMC225_CS21_12p7fT_2024_0.2_4asec_grid_K.fits 54 0.2303733584247058 0.051998558044433596 0.0 0.0 0.12398448511329532 0.02798506949700094 36.788063049316406 98.31121475274647 nan 9.79477432395033 0.0 98.69249736097284 1.8266419591089917
GMC225 CS21 ../products_1pc/GMC225_CS21_12p7fT_2024_0.2_4asec_grid_K.fits 55 0.10446114093065262 0.006236486025710604 -0.09940701973063049 -0.041914153841646436 -0.0779483315413469 -0.03286627412004552 -26.10702896118164 97.53494862997185 0.9271970039891908 -8.8081614641722 0.0 97.56221621114359 1.2833805077177716
GMC225 CS21 ../products_1pc/GMC225_CS21_12p7fT_2024_0.2_4asec_grid_K.fits 56 0.2231656029110863 0.06994742777810167 0.0 0.0 0.1626480923929134 0.05097925283956987 30.54559898376465 97.86525498486046 nan 10.246829820753543 0.0 98.74251884282081 1.41368193873362
GMC225 CS21 ../products_1pc/GMC225_CS21_12p7fT_2024_0.2_4asec_grid_K.fits 57 0.40987751219007706 0.3353543281555176 0.8929740280142229 0.4058972854610104 0.7377795219421386 0.3353543281555175 34.8477668762207 97.69323032844733 0.7784239601801483 14.755590438842772 0.0 97.59609870035699 0.9270358513595367
GMC225 CS21 ../products_1pc/GMC225_CS21_12p7fT_2024_0.2_4asec_grid_K.fits 58 0.03831821264222611 0.03831821264222611 0.06520936432057588 0.06520936432057588 0.0383182126422261 0.0383182126422261 2.6863222122192383 98.49046180470624 0.3821991763106362 1.6476831436157224 0.0 98.39104042815545 0.6523217751496427
GMC225 CS21 ../products_1pc/GMC225_CS21_12p7fT_2024_0.2_4asec_grid_K.fits 59 0.266438948141562 0.1825600200229221 0.21306300669428938 0.14598761569793903 0.3180077768141223 0.18256002002292207 31.972843170166016 99.82436718419939 1.6180112904634196 9.858241081237791 0.0 100.56204460528164 1.0123175087140819
GMC225 CS21 ../products_1pc/GMC225_CS21_12p7fT_2024_0.2_4asec_grid_K.fits 60 0.18404153677133414 0.12428779106635551 0.19307361848733331 0.04262664304265801 0.14616823795977274 0.0987110178429634 13.100323677062988 98.79479188847236 1.592282912805177 7.600748373908182 0.0 98.18210124391074 0.8248252217666712
GMC225 CS21 ../products_1pc/GMC225_CS21_12p7fT_2024_0.2_4asec_grid_K.fits 61 0.21370876630147298 0.14571052247827704 0.4345816980556614 0.13827599483589226 0.21370876630147295 0.145710522478277 10.233407974243164 98.74660769142666 0.6710129257280609 6.411262989044189 0.0 98.24938084883378 0.5209844257893522
GMC225 CS21 ../products_1pc/GMC225_CS21_12p7fT_2024_0.2_4asec_grid_K.fits 62 0.12139900567019797 0.053303931225305315 0.042423061580471086 0.01891971022209515 0.11576990908639084 0.030871975756370892 110.80484771728516 105.29356433492079 5.371122898120236 13.429309454021338 0.0 102.55238236308746 2.774391991493577
GMC225 CS21 ../products_1pc/GMC225_CS21_12p7fT_2024_0.2_4asec_grid_K.fits 63 0.10495782034737723 0.049111279574307526 0.03640541586211228 0.0170346197215766 0.07203717513215005 0.020416953379700283 154.22132873535156 105.83820768616536 4.828591501350189 15.271881128015812 0.0 104.0875100228125 3.697209359389689
GMC225 CS21 ../products_1pc/GMC225_CS21_12p7fT_2024_0.2_4asec_grid_K.fits 64 0.23735815286636353 0.05041235105126305 0.0 0.0 0.19449711303044268 0.04130912135159844 27.141963958740234 99.67174801549781 nan 9.335861425461248 0.0 102.09262195926281 1.5299435887039194
GMC225 CS21 ../products_1pc/GMC225_CS21_12p7fT_2024_0.2_4asec_grid_K.fits 65 0.20688353318434496 0.1256769126820787 0.20871759863519437 0.1267910645914732 0.20688353318434494 0.1256769126820787 45.537147521972656 102.24695585220766 1.3390705611634195 13.44742965698242 0.0 102.44607047126738 1.3131030384511682
GMC225 CS21 ../products_1pc/GMC225_CS21_12p7fT_2024_0.2_4asec_grid_K.fits 66 0.08397497850305893 0.027453358356769268 -0.010437647861648263 -0.004616651938805962 -0.01945892799843784 -0.007109992922506135 -2.47300386428833 104.25737846142648 4.109645716861166 -0.369719631970319 0.0 106.27682085293904 2.3312269631024076
GMC225 CS21 ../products_1pc/GMC225_CS21_12p7fT_2024_0.2_4asec_grid_K.fits 67 0.23743563431959885 0.23743563431959885 0.0 0.0 0.23743563431870915 0.23743563431870915 5.84363317489624 100.75595165870025 nan 6.173326492286438 0.0 100.90023291808149 0.36440232888653845
GMC225 CS21 ../products_1pc/GMC225_CS21_12p7fT_2024_0.2_4asec_grid_K.fits 68 0.2613427328026813 0.1938994469181184 0.1871538849317865 0.13885610817519645 0.2604372452565644 0.19322763357745104 7.205025672912598 102.58629163657078 0.6677577172134533 5.990056640900982 0.0 102.84014418806099 0.5514234164734237
GMC225 CS21 ../products_1pc/GMC225_CS21_12p7fT_2024_0.2_4asec_grid_K.fits 69 0.20056395376882247 0.18286713431863225 0.0 0.0 0.20056395376882244 0.18286713431863222 4.773589134216309 99.70799400514707 nan 6.217482566833495 0.0 99.95303391673046 0.30116829211440477
GMC225 CS21 ../products_1pc/GMC225_CS21_12p7fT_2024_0.2_4asec_grid_K.fits 70 0.08636327818328259 0.04235122295526358 0.06420117515049682 0.03642182051807031 0.08636327817922262 0.042351222953272635 9.336116790771484 104.29706112651829 0.983289388916168 4.404527187140354 0.0 103.47991778948023 0.6565590150674674
GMC225 CS21 ../products_1pc/GMC225_CS21_12p7fT_2024_0.2_4asec_grid_K.fits 71 0.1235479990641276 0.05511434902488964 0.08100542281631883 0.025596509068353535 0.07190304490587654 0.02272029299999816 39.62664031982422 107.10139284475206 2.295959906388667 6.111758816999505 0.0 106.973313263466 2.6988052662538933
GMC225 CS21 ../products_1pc/GMC225_CS21_12p7fT_2024_0.2_4asec_grid_K.fits 72 0.13723894916003263 0.08743449180356917 2.464166630842067 0.039744623078097854 1.8793029889644433 0.030311338531684568 22.08770179748535 108.29917136011908 1.7879712381513027 3.7586059779288865 0.0 108.179298562628 2.655029860492752
GMC225 CS21 ../products_1pc/GMC225_CS21_12p7fT_2024_0.2_4asec_grid_K.fits 73 0.36467726090375113 0.21015299780894134 0.4568619771560232 0.26327639361533545 0.3646772609037511 0.2101529978089413 15.361045837402344 105.1928250019991 0.3945180873349408 12.399026870727537 0.0 105.15648024900987 0.48349935243786346
GMC225 CS21 ../products_1pc/GMC225_CS21_12p7fT_2024_0.2_4asec_grid_K.fits 74 0.1602108729513068 0.02767278714613481 0.0 0.0 -0.09740758947147478 -0.0726129303332812 -3.787163257598877 108.8270321647864 nan -7.987422336660932 0.0 108.05393489658084 0.4880905660823087
GMC225 CS21 ../products_1pc/GMC225_CS21_12p7fT_2024_0.2_4asec_grid_K.fits 75 0.0974629783630371 0.08860270760276101 0.0 0.0 0.0974629735979558 0.08860270327086892 3.0575380325317383 108.59383134007743 nan 4.87314867989779 0.0 108.00223138881178 0.1845893938339671
GMC225 CS21 ../products_1pc/GMC225_CS21_12p7fT_2024_0.2_4asec_grid_K.fits 76 0.2527359632345346 0.07553028786319425 0.0 0.0 0.20824136315567374 0.04069084107639602 6.252122402191162 109.81698572656869 nan 3.5401031736464534 0.0 110.68927711837821 0.7905600887393103
GMC225 C18O10 ../products_1pc/GMC225_C18O10_12p7fT_2024_0.2_4asec_grid_K.fits 0 0.037657645798172545 0.017100861303916963 0.019982357680807295 0.009074266858214705 0.02576875558793049 0.01127383056971959 933.5936279296875 90.82055432628458 5.412003557314825 85.50073104075337 0.0 90.14599227177722 3.6145292108967397
GMC225 C18O10 ../products_1pc/GMC225_C18O10_12p7fT_2024_0.2_4asec_grid_K.fits 1 0.039700005105685506 0.018307114749519578 0.02079541943997078 0.009589523450650993 0.026602633639625756 0.011714820509071681 921.541015625 90.68993391483262 5.2741568446130795 85.15503028044205 0.0 89.98208386155068 3.5727789287351617
GMC225 C18O10 ../products_1pc/GMC225_C18O10_12p7fT_2024_0.2_4asec_grid_K.fits 2 0.04043307281346713 0.018671826151450518 0.021911975702113774 0.010118859944980595 0.027306659645171705 0.012035185602117646 928.8004760742188 90.69284015938518 5.105762736486059 86.31635113838776 0.0 90.08897018485077 3.558988345347682
GMC225 C18O10 ../products_1pc/GMC225_C18O10_12p7fT_2024_0.2_4asec_grid_K.fits 3 0.041753636636101724 0.019898027476697864 0.020386810690367456 0.009715496707858573 0.02731390137763177 0.012408178843653339 951.9314575195312 91.04257000728973 5.691417555338794 85.21937229821113 0.0 90.2519365050032 3.723570055562013
GMC225 C18O10 ../products_1pc/GMC225_C18O10_12p7fT_2024_0.2_4asec_grid_K.fits 4 0.04482696625711782 0.022546376896049942 0.021916229782174945 0.011023087620409523 0.02744801954083442 0.013173003448955431 938.7095947265625 90.7562290226305 5.7552643972441775 77.76023935918391 0.0 90.14154113809855 4.186116105017007
GMC225 C18O10 ../products_1pc/GMC225_C18O10_12p7fT_2024_0.2_4asec_grid_K.fits 5 0.04236064376736515 0.02222333139623837 0.01983680872487569 0.010406828955614941 0.028932459240559462 0.014454474192341913 940.2974853515625 90.97199814209283 5.858278429149216 88.93837970547979 0.0 90.10699148945845 3.3932110404025715
GMC225 C18O10 ../products_1pc/GMC225_C18O10_12p7fT_2024_0.2_4asec_grid_K.fits 6 0.06401869717906328 0.02127317006448027 0.021708129493598228 0.010626671977782996 0.02083051297113312 0.010197056754174271 811.0693359375 90.42749986525064 6.315876679841776 49.16001061187416 0.0 89.98013130410557 6.578390014084846
GMC225 C18O10 ../products_1pc/GMC225_C18O10_12p7fT_2024_0.2_4asec_grid_K.fits 7 0.07308939867058899 0.02133676583007343 0.024716701360018176 0.011134986797221066 0.02216745563145622 0.009986539958909278 717.88525390625 90.30025725836651 6.17978429161952 41.563979308980414 0.0 89.74384059984033 7.117142995530526
GMC225 C18O10 ../products_1pc/GMC225_C18O10_12p7fT_2024_0.2_4asec_grid_K.fits 8 0.05961398974708889 0.021817949504653118 0.02547441812062127 0.011248773391900392 0.022995615585282035 0.010154205191313003 712.6339111328125 90.11914724576894 6.2839007394072715 40.8402132794609 0.0 89.55803776954136 7.1803815081644045
GMC225 C18O10 ../products_1pc/GMC225_C18O10_12p7fT_2024_0.2_4asec_grid_K.fits 9 0.06736932927911932 0.02395470073927827 0.026557683554184475 0.011414241031045927 0.023901777056381145 0.010272757555651787 709.6893310546875 90.28529488172084 6.414416129760645 39.72475346770546 0.0 89.75337646503662 7.389006645454011
GMC225 C18O10 ../products_1pc/GMC225_C18O10_12p7fT_2024_0.2_4asec_grid_K.fits 10 0.042137645820457356 0.02208217358299595 0.019388191298758174 0.010160354176968657 0.02880826361957845 0.014364476710069967 950.4343872070312 91.09722510940588 6.043470376423374 88.70064368468205 0.0 90.12087217516108 3.4264163495529476
GMC225 C18O10 ../products_1pc/GMC225_C18O10_12p7fT_2024_0.2_4asec_grid_K.fits 11 0.09723005245893429 0.04114553001191881 0.03531115171463892 0.01497352223316069 0.03290774225405803 0.013625862027070904 524.7393798828125 89.86740590396006 6.068023820993928 31.39398611037136 0.0 89.04627154002333 6.900183692035409
GMC225 C18O10 ../products_1pc/GMC225_C18O10_12p7fT_2024_0.2_4asec_grid_K.fits 12 0.09348527271296905 0.03842530734297158 0.03455407644332745 0.014634013050877807 0.03163338952132969 0.01310416981378754 548.4404296875 90.05339973757232 6.019002153830188 32.55075781744825 0.0 89.35450893791284 7.016109348169296
GMC225 C18O10 ../products_1pc/GMC225_C18O10_12p7fT_2024_0.2_4asec_grid_K.fits 13 0.10024754842122396 0.04778749659910041 0.030549281563333308 0.01275044166944208 0.0357059690137611 0.015942866461123202 397.5587463378906 89.21411522240842 6.588463730589894 30.100131878600607 0.0 86.28679351131494 4.227239672902877
GMC225 C18O10 ../products_1pc/GMC225_C18O10_12p7fT_2024_0.2_4asec_grid_K.fits 14 0.10912704467773438 0.06631426421151138 0.04260257050709113 0.024181759553273764 0.0393014561552825 0.023882687880672503 280.64434814453125 86.37275170447613 3.864752169877429 28.61146008104566 0.0 86.64462579472038 3.933558800750316
GMC225 C18O10 ../products_1pc/GMC225_C18O10_12p7fT_2024_0.2_4asec_grid_K.fits 15 0.09685316785422071 0.054062436366903374 0.04773765645561742 0.02597792727380043 0.04468322779552697 0.024941715515175614 209.56243896484375 86.06366701100359 3.4679357059504845 23.14591199808297 0.0 87.34176008635193 3.538076662253041
GMC225 C18O10 ../products_1pc/GMC225_C18O10_12p7fT_2024_0.2_4asec_grid_K.fits 16 0.10700338752708626 0.052714904149373375 0.03060384039556555 0.01372672253036396 0.04225815740845588 0.01916117431510867 323.89141845703125 87.8976297195439 5.767963425413976 31.27103648225735 0.0 86.4902958490362 3.5742373706249597
GMC225 C18O10 ../products_1pc/GMC225_C18O10_12p7fT_2024_0.2_4asec_grid_K.fits 17 0.09173784329909687 0.0357123554449898 0.03385635695089742 0.014201534865861157 0.0314133204686009 0.012762031740732996 561.335693359375 90.06260568804122 5.948229439166665 33.83214614468317 0.0 89.47254091507445 6.896891879326935
GMC225 C18O10 ../products_1pc/GMC225_C18O10_12p7fT_2024_0.2_4asec_grid_K.fits 18 0.08795247115488128 0.049279252220602594 0.048182089784348604 0.02699614148211297 0.10321313354096594 0.03991919723716771 163.2232666015625 86.39034003701754 3.547166079474901 27.145054121274043 0.0 88.26532327504637 1.6859567862342109
GMC225 C18O10 ../products_1pc/GMC225_C18O10_12p7fT_2024_0.2_4asec_grid_K.fits 19 0.0914238831983083 0.03343908568342794 0.03389717136050761 0.013441361547622578 0.03174495397898426 0.012149996535288636 558.2587890625 89.95759809486067 5.861065347874628 34.34804020526097 0.0 89.3361311999668 6.719186224486966
GMC225 C18O10 ../products_1pc/GMC225_C18O10_12p7fT_2024_0.2_4asec_grid_K.fits 20 0.15919440133231028 0.09286340077718098 0.0 0.0 0.15919440133231025 0.09286340077718097 3.385830879211426 80.19773629757026 nan 3.343082427978515 0.0 79.8136095147255 0.49739115358774577
GMC225 C18O10 ../products_1pc/GMC225_C18O10_12p7fT_2024_0.2_4asec_grid_K.fits 21 0.12846795639189162 0.06487631797790527 0.0 0.0 0.09154348793129831 0.04622946140530565 122.93414306640625 91.95200423286643 nan 36.98356912424452 0.0 91.08233366734106 1.8301482580245538
GMC225 C18O10 ../products_1pc/GMC225_C18O10_12p7fT_2024_0.2_4asec_grid_K.fits 22 0.12490922577527104 0.04800432990579044 0.05182274632562206 0.026114599618989938 0.03471948293698931 0.021716696189999194 113.9925765991211 85.3098748530493 3.414546946452049 11.075515056899588 0.0 85.7876636012697 4.521665778690753
GMC225 C18O10 ../products_1pc/GMC225_C18O10_12p7fT_2024_0.2_4asec_grid_K.fits 23 0.13179863105385992 0.04942448664519746 0.05462411691920789 0.02638622596944788 0.03551074715804028 0.022043747706156358 106.70394134521484 85.27003405135058 3.4179936468902965 10.404648917305801 0.0 85.73670320523587 4.491556233094087
GMC225 C18O10 ../products_1pc/GMC225_C18O10_12p7fT_2024_0.2_4asec_grid_K.fits 24 0.09223381027608354 0.038004774836651295 0.03426753933789431 0.0145602637026073 0.031286175986455986 0.013004494837743755 545.5045166015625 90.0280183248716 6.002605873888077 32.38119214598195 0.0 89.34825036542547 7.023568567657012
GMC225 C18O10 ../products_1pc/GMC225_C18O10_12p7fT_2024_0.2_4asec_grid_K.fits 25 0.1331547111864911 0.05585100385877821 0.03695548082285274 0.025252911895616043 0.13975184776719426 0.04697214883286252 70.71798706054688 85.74569929205602 3.1033159374903296 16.909973579830506 0.0 87.60260204079002 1.1990763203617174
GMC225 C18O10 ../products_1pc/GMC225_C18O10_12p7fT_2024_0.2_4asec_grid_K.fits 26 0.10700338752708626 0.05213983246774385 0.030805939515755176 0.013722645784290942 0.0397013299846282 0.019345375337964286 325.33660888671875 87.86433189293808 5.732198272069277 31.919869307641072 0.0 86.58697982324797 3.520513354339195
GMC225 C18O10 ../products_1pc/GMC225_C18O10_12p7fT_2024_0.2_4asec_grid_K.fits 27 0.20602073669433593 0.11624994547015821 0.0 0.0 0.14097039382687865 0.07954442284902244 86.40629577636719 91.42900519519276 nan 25.374670888838157 0.0 90.70576907861633 1.7555692905337434
GMC225 C18O10 ../products_1pc/GMC225_C18O10_12p7fT_2024_0.2_4asec_grid_K.fits 28 0.14425652367728098 0.07767658967238206 0.0 0.0 0.14425652367724767 0.07767658967236413 -0.3544764518737793 108.88136458472056 nan 2.0195913314814673 0.0 81.33655484731635 0.6408612192924205
GMC225 C18O10 ../products_1pc/GMC225_C18O10_12p7fT_2024_0.2_4asec_grid_K.fits 29 0.26088454173161435 0.09043997446695963 0.13628365537349926 0.06087336606682967 0.12735505874720818 0.05688525957375299 45.71049499511719 89.18636037309773 1.9971349584545885 8.532788936062948 0.0 89.32101157315998 2.1991854549395833
GMC225 C18O10 ../products_1pc/GMC225_C18O10_12p7fT_2024_0.2_4asec_grid_K.fits 30 0.17534828186035156 0.05939215998495779 0.1732065076989548 0.05866672034964598 0.16073122557066175 0.0544412215642564 12.447993278503418 87.82577521321888 1.3652931490418678 3.375355736983897 0.0 87.86700395292429 1.5086581173082285
GMC225 C18O10 ../products_1pc/GMC225_C18O10_12p7fT_2024_0.2_4asec_grid_K.fits 31 0.35378922734941753 0.15478278696537018 0.10839374037063534 0.047422261412152965 0.13904715734705786 0.05648790767224226 4.991008281707764 89.723716795694 1.312097529537483 1.8076130455117523 0.0 89.20309460447353 1.1924589354296058
GMC225 C18O10 ../products_1pc/GMC225_C18O10_12p7fT_2024_0.2_4asec_grid_K.fits 32 0.2162870990631243 0.11358962756552571 0.06560881767251295 0.040120500015565476 0.052532146295600844 0.03250190346346527 122.02072143554688 92.13541712844281 2.9096534248632993 13.553293744265018 0.0 92.84667657875843 3.8571611721300574
GMC225 C18O10 ../products_1pc/GMC225_C18O10_12p7fT_2024_0.2_4asec_grid_K.fits 33 0.13725865970958362 0.10412725909002896 0.17501439191936136 0.13276953869744654 0.13725865970958362 0.10412725909002894 4.568887710571289 87.66092919049868 0.4733954791228667 3.0196905136108394 0.0 87.72423028630318 0.5931439909470029
GMC225 C18O10 ../products_1pc/GMC225_C18O10_12p7fT_2024_0.2_4asec_grid_K.fits 34 0.09889604690227102 0.054047839586124864 0.2521843297321755 0.02419210139872614 0.07284456470210528 0.032610648151523876 39.16749954223633 100.84100821027646 1.8776034567466897 11.218062964124213 0.0 97.74785797504308 1.7130961422409003
GMC225 C18O10 ../products_1pc/GMC225_C18O10_12p7fT_2024_0.2_4asec_grid_K.fits 35 0.060739820067946974 0.03942760250024628 0.010268599200409944 0.006665581937108209 0.060739820067919705 0.03942760250022858 1.7048795223236084 90.02710522225328 1.7901558132531679 2.247373342513029 0.0 89.8465029901619 0.525194784951283
GMC225 C18O10 ../products_1pc/GMC225_C18O10_12p7fT_2024_0.2_4asec_grid_K.fits 36 0.223539578287225 0.06534233826857347 0.0 0.0 -0.12255054095318035 -0.0829572892606144 -12.287712097167969 94.77545893935395 nan -5.392223801939935 0.0 94.15953256432378 1.1457322325073551
GMC225 C18O10 ../products_1pc/GMC225_C18O10_12p7fT_2024_0.2_4asec_grid_K.fits 37 0.28522570927937824 0.12835156917572021 0.0 0.0 -0.08338263566358209 -0.07087524031404477 0.12253117561340332 64.40476141831718 nan -1.4175048062808955 0.0 90.3076135986947 0.6461741412849957
GMC225 C18O10 ../products_1pc/GMC225_C18O10_12p7fT_2024_0.2_4asec_grid_K.fits 38 0.24869826670443074 0.1547842359209394 0.0 0.0 0.049190210719659996 0.030614886391956222 7.279212951660156 90.8388302171609 nan 4.37792875404974 0.0 91.40265587055138 1.5558431243775948
GMC225 C18O10 ../products_1pc/GMC225_C18O10_12p7fT_2024_0.2_4asec_grid_K.fits 39 0.11339957184261745 0.07289972475596837 0.0 0.0 -0.15424439183375568 -0.06059601107754688 -1.5350728034973145 87.53054703829831 nan -3.393376620342625 0.0 89.7990130776662 0.7775031205748447
GMC225 C18O10 ../products_1pc/GMC225_C18O10_12p7fT_2024_0.2_4asec_grid_K.fits 40 0.16784539487626818 0.12084868431091308 0.0 0.0 0.11710411332829136 0.08431496159636978 -0.22577273845672607 149.47359773570042 nan 4.215748079818489 0.0 90.8841865335795 0.746777175847536
GMC225 C18O10 ../products_1pc/GMC225_C18O10_12p7fT_2024_0.2_4asec_grid_K.fits 41 0.2558522542317708 0.19188919067382812 0.0 0.0 0.10377389571640382 0.07783042178730286 5.821106433868408 91.67480955609533 nan 6.226433742984229 0.0 91.12017413076339 0.9261803363161873
GMC225 C18O10 ../products_1pc/GMC225_C18O10_12p7fT_2024_0.2_4asec_grid_K.fits 42 0.13688687924985532 0.09989042539854308 0.0 0.0 0.13688687924985532 0.09989042539854306 6.468518257141113 88.70371788186266 nan 3.6959457397460933 0.0 89.75270452519476 0.915269734503494
GMC225 C18O10 ../products_1pc/GMC225_C18O10_12p7fT_2024_0.2_4asec_grid_K.fits 43 0.0948211948076884 0.010159413729395186 -0.3312115024911732 -0.09463185785462092 -0.10615066921009736 -0.06444862059184482 -7.093721389770508 92.87574342783827 0.5340215705225406 -3.60912275314331 0.0 92.37825351816429 0.7653814758842025
GMC225 C18O10 ../products_1pc/GMC225_C18O10_12p7fT_2024_0.2_4asec_grid_K.fits 44 0.29668108622233075 0.2310035938525018 0.38369366961529805 0.2987538496241252 0.25189447706170287 0.19613157755949384 54.98463439941406 94.6179631427792 0.5604883651252376 25.693236660293692 0.0 94.43394581275754 1.026126351838059
GMC225 C18O10 ../products_1pc/GMC225_C18O10_12p7fT_2024_0.2_4asec_grid_K.fits 45 0.08030018385718851 0.03174658431563267 0.09976609082379523 0.03944240800010509 0.0803001838571885 0.03174658431563266 1.9441759586334229 90.70214998776744 0.4573132213763612 1.3651031255722044 0.0 90.72761993367827 0.5772355988253285
GMC225 C18O10 ../products_1pc/GMC225_C18O10_12p7fT_2024_0.2_4asec_grid_K.fits 46 0.28064584732055664 0.12070789132066952 0.0 0.0 -0.18328611967991515 -0.12021992796209488 -8.362598419189453 89.65824865831435 nan -11.180453300474824 0.0 93.03686857293783 0.5764581243835105
GMC225 C18O10 ../products_1pc/GMC225_C18O10_12p7fT_2024_0.2_4asec_grid_K.fits 47 0.08352307022595015 0.054783949287988805 0.0 0.0 0.029476336031370814 0.01933394083778086 -0.4783134460449219 124.05163962372495 nan 1.7980564979136198 0.0 93.35719374895 0.8465753668472277
GMC225 C18O10 ../products_1pc/GMC225_C18O10_12p7fT_2024_0.2_4asec_grid_K.fits 48 0.09584106168439312 0.07073983124324254 -0.042390130814540766 -0.024222931894023296 -0.06887286235918096 -0.014758470505538777 -4.608705997467041 92.45002823027086 1.8072285193508781 -0.6198557612326286 0.0 93.89211277241816 0.5159110543576138
GMC225 C18O10 ../products_1pc/GMC225_C18O10_12p7fT_2024_0.2_4asec_grid_K.fits 49 0.04897113407359404 0.014230927850446131 0.0 0.0 -0.24873035634723417 -0.05102161155840701 -5.399423599243164 96.31775603501842 nan -5.96952855233362 0.0 95.03092949131951 0.5827311288951096
GMC225 C18O10 ../products_1pc/GMC225_C18O10_12p7fT_2024_0.2_4asec_grid_K.fits 50 0.05239883396360609 0.011031333466022336 -0.0584540938039667 -0.005811225699809555 -0.11512164926294179 -0.017503876496119803 -6.7563605308532715 98.75617602087357 2.7124330564246364 -2.9931628808364863 0.0 95.27788279794046 1.1299040909363702
GMC225 C18O10 ../products_1pc/GMC225_C18O10_12p7fT_2024_0.2_4asec_grid_K.fits 51 nan 0.0 -0.226678768846387 -0.10303580402108499 -0.21239253679911294 -0.09654206218141496 -5.528024673461914 93.94522312308312 0.6486014785209949 -3.185888051986694 0.0 93.93660259987132 0.701919413742454
GMC225 C18O10 ../products_1pc/GMC225_C18O10_12p7fT_2024_0.2_4asec_grid_K.fits 52 0.03916302074988683 0.01999813825526136 0.0 0.0 -0.05070960775334783 -0.05070960775334783 -2.376943588256836 96.78815000946877 nan -2.383351564407348 0.0 96.27082934548658 0.48253390123228673
GMC225 C18O10 ../products_1pc/GMC225_C18O10_12p7fT_2024_0.2_4asec_grid_K.fits 53 0.0772542019824048 0.042819189470867776 0.0 0.0 0.07315678915726187 0.040548142827474605 -3.3338279724121094 104.96570278324788 nan 10.461420849488448 0.0 95.87862533950373 0.513504816786636
GMC225 C18O10 ../products_1pc/GMC225_C18O10_12p7fT_2024_0.2_4asec_grid_K.fits 54 0.2897545023167387 0.03890989031110491 0.0 0.0 -0.08278523438162896 -0.03358715223483232 -26.968341827392578 96.13922269738735 nan -11.755503282191313 0.0 98.01332588656248 1.8266419591328267
GMC225 C18O10 ../products_1pc/GMC225_C18O10_12p7fT_2024_0.2_4asec_grid_K.fits 55 0.14089651867351702 0.05940786048547545 0.0 0.0 0.140896518673517 0.05940786048547545 9.595308303833008 100.87420826206267 nan 15.92130661010742 0.0 97.8832276533975 0.599906427263314
GMC225 C18O10 ../products_1pc/GMC225_C18O10_12p7fT_2024_0.2_4asec_grid_K.fits 56 0.3249688004002427 0.05335308663287566 0.0 0.0 -0.0959041716248133 -0.057256221865560175 -14.321992874145508 95.18611054770179 nan -11.508500594977596 0.0 98.37111701789618 1.413681938768596
GMC225 C18O10 ../products_1pc/GMC225_C18O10_12p7fT_2024_0.2_4asec_grid_K.fits 57 0.3981390714645386 0.1809723052111539 0.4903858476780634 0.22290265803548337 0.39813907146453853 0.18097230521115387 12.193986892700195 97.74060888072427 0.4960070688410907 7.962781429290771 0.0 97.75228986540719 0.6035900493426263
GMC225 C18O10 ../products_1pc/GMC225_C18O10_12p7fT_2024_0.2_4asec_grid_K.fits 58 0.2225968497140067 0.10871008939521257 0.0 0.0 0.22259684971377608 0.10871008939509993 3.654703378677368 99.3793295810401 nan 4.674533843989297 0.0 98.83061600039643 0.3122706267670642
GMC225 C18O10 ../products_1pc/GMC225_C18O10_12p7fT_2024_0.2_4asec_grid_K.fits 59 0.2960551493876689 0.2028526023582176 0.18887544316728105 0.1294146555035074 0.2604951145810633 0.17848739332406185 24.870861053466797 99.61928811757261 1.4197885407803121 9.63831923949934 0.0 100.18299529596662 0.7633723855060829
GMC225 C18O10 ../products_1pc/GMC225_C18O10_12p7fT_2024_0.2_4asec_grid_K.fits 60 0.04875125334813045 0.032922924338997184 0.0 0.0 0.04202803297839565 0.028382567725669793 0.7200585603713989 85.80918048788725 nan 2.185457714876574 0.0 98.39918237865257 0.8248252217666829
GMC225 C18O10 ../products_1pc/GMC225_C18O10_12p7fT_2024_0.2_4asec_grid_K.fits 61 nan 0.0 -0.07224201382816091 -0.02298609530896029 -0.06755518074921522 -0.021494830238386664 -2.535432815551758 98.91055012301615 1.0001019941178313 -0.9457725304890132 0.0 99.19149656320859 1.2291972339012927
GMC225 C18O10 ../products_1pc/GMC225_C18O10_12p7fT_2024_0.2_4asec_grid_K.fits 62 0.23551716123308455 0.030319450641500538 0.0 0.0 -0.041131736667059236 -0.01834380899634366 -38.569664001464844 108.83842074586462 nan -7.979556913409492 0.0 104.95385605088816 2.463741123558196
GMC225 C18O10 ../products_1pc/GMC225_C18O10_12p7fT_2024_0.2_4asec_grid_K.fits 63 0.23476413144903668 0.018517491651728828 0.0 0.0 0.012623893774324744 0.0039154322936408295 5.167926788330078 73.53366534867182 nan 2.9287433556433404 0.0 106.78677135323079 2.290580597135736
GMC225 C18O10 ../products_1pc/GMC225_C18O10_12p7fT_2024_0.2_4asec_grid_K.fits 64 0.228931278652615 0.045583661678618034 0.0 0.0 -0.084159382497426 -0.035376731580776415 -1.9116520881652832 71.79758024083162 nan -7.995141337255469 0.0 105.37353289846162 1.5299435938252348
GMC225 C18O10 ../products_1pc/GMC225_C18O10_12p7fT_2024_0.2_4asec_grid_K.fits 65 0.12099249069004843 0.08254627869507977 0.0 0.0 0.1193668130692574 0.08143717153323168 9.381856918334961 104.05328869926475 nan 8.71377735405579 0.0 102.99790437982912 0.6561511278960376
GMC225 C18O10 ../products_1pc/GMC225_C18O10_12p7fT_2024_0.2_4asec_grid_K.fits 66 0.4336719512939453 0.1334375234750601 0.0 0.0 0.1785254922703896 0.054930920698581416 5.327111721038818 109.75964403514467 nan 2.8564078763262337 0.0 106.56028728475884 1.457903662188789
GMC225 C18O10 ../products_1pc/GMC225_C18O10_12p7fT_2024_0.2_4asec_grid_K.fits 67 0.031178806509290422 0.008394294060193576 0.0 0.0 -0.11146807670592893 -0.11146807670592893 -2.6441056728363037 100.93100952436943 nan -2.898169994354152 0.0 100.97742961531634 0.2815618919434416
GMC225 C18O10 ../products_1pc/GMC225_C18O10_12p7fT_2024_0.2_4asec_grid_K.fits 68 0.342093300819397 0.11035267768367645 -0.040439706946457814 -0.030003653540920314 -0.18342523989470105 -0.13608969411542335 -4.272284507751465 103.42843549342997 1.8324595484965367 -4.218780517578124 0.0 103.34076077971392 0.5514234164734237
GMC225 C18O10 ../products_1pc/GMC225_C18O10_12p7fT_2024_0.2_4asec_grid_K.fits 69 0.18076042975148848 0.1648109800675336 0.0 0.0 0.18076042975148846 0.16481098006753359 5.26725435256958 99.9510443175515 nan 5.603573322296142 0.0 99.96736799220781 0.30116829211440477
GMC225 C18O10 ../products_1pc/GMC225_C18O10_12p7fT_2024_0.2_4asec_grid_K.fits 70 0.5374694737521085 0.05684773280070378 0.024137771675884892 0.013693543546896236 0.019319103593828775 0.010959876077268248 6.405998706817627 104.0798541154159 1.794517615879321 1.1398271120358978 0.0 103.95018127963252 2.4837635204301827
GMC225 C18O10 ../products_1pc/GMC225_C18O10_12p7fT_2024_0.2_4asec_grid_K.fits 71 0.23435786565144856 0.10454625977016294 0.6000628033446351 0.1539194551330105 0.15744745063167728 0.07023678095093411 43.37588119506836 105.42454335675943 0.41793869202874584 18.893694075801275 0.0 106.03957809208606 1.1658313439643775
GMC225 C18O10 ../products_1pc/GMC225_C18O10_12p7fT_2024_0.2_4asec_grid_K.fits 72 0.19291479376297963 0.12290539280060798 0.0 0.0 0.192914793762942 0.122905392800584 29.84459686279297 105.79414422758974 nan 15.240268707272417 0.0 105.9556141485621 0.9494545561649896
GMC225 C18O10 ../products_1pc/GMC225_C18O10_12p7fT_2024_0.2_4asec_grid_K.fits 73 nan 0.0 -0.2722212324127759 -0.15687325257685392 -0.20313631787019615 -0.11706160690824863 -11.313319206237793 105.38951742305301 0.4876398555173628 -6.906634807586669 0.0 105.33400468913543 0.6409666696921217
GMC225 C18O10 ../products_1pc/GMC225_C18O10_12p7fT_2024_0.2_4asec_grid_K.fits 74 0.014523817271721072 0.010826845602555708 0.0 0.0 -0.0430539942114778 -0.007436599000164346 -3.2333667278289795 109.48624758078306 nan -0.8180258900180781 0.0 106.96797456034464 0.48809056817692154
GMC225 C18O10 ../products_1pc/GMC225_C18O10_12p7fT_2024_0.2_4asec_grid_K.fits 75 nan 0.0 -0.10397244236152227 -0.09452040214683843 -0.08454353332519529 -0.07685775756835936 -5.749105453491211 107.73527554859734 0.44118637357948404 -4.227176666259765 0.0 107.93645593191883 0.6535694948486335
GMC225 C18O10 ../products_1pc/GMC225_C18O10_12p7fT_2024_0.2_4asec_grid_K.fits 76 0.2360144555568695 0.021702478671896046 0.05601935514386135 0.01223411204291225 0.0678439431894694 0.01481649334022895 5.455242156982422 113.93269225201111 2.044713165053352 1.2890349205999185 0.0 113.85151747333543 1.5455443362626202
GMC225 12CO10 ../products_1pc/GMC225_12CO10_12p7fT_2024_0.4_4asec_grid_K.fits 0 2.0033743722098216 0.8875709243967563 1.9098987797508893 0.8461576872314066 1.9545115826437116 0.8875709243967488 126358.1484375 92.31068100769575 7.855316547994218 6731.337890624943 0.0 91.00919813477255 7.304786128441363
GMC225 12CO10 ../products_1pc/GMC225_12CO10_12p7fT_2024_0.4_4asec_grid_K.fits 1 2.032034753766099 0.9116061813222245 1.9335684957555737 0.8674325030484146 1.9768691324673882 0.9116061813221468 122492.3671875 92.17837757041984 7.75012546398349 6626.465332030685 0.0 90.90662467030636 7.198596519882659
GMC225 12CO10 ../products_1pc/GMC225_12CO10_12p7fT_2024_0.4_4asec_grid_K.fits 2 2.041653191618217 0.9180607282443879 1.9426400622525146 0.8735379532577189 1.988022808867335 0.9180607282443689 121122.0703125 92.15445760919258 7.712786178763342 6584.331542968614 0.0 90.88375264443162 7.161355453280808
GMC225 12CO10 ../products_1pc/GMC225_12CO10_12p7fT_2024_0.4_4asec_grid_K.fits 3 2.0516114199071898 0.9535153832766089 1.9628700847824552 0.9122715944417003 2.0008382683602455 0.9535153832765119 118905.234375 91.99512439195568 7.571058471243432 6548.743652343083 0.0 90.80874375656244 7.091061576345962
GMC225 12CO10 ../products_1pc/GMC225_12CO10_12p7fT_2024_0.4_4asec_grid_K.fits 4 2.1189230015215355 1.054256624677071 2.3995976151310225 1.1516279931672349 2.196709091234998 1.0542566246770708 101591.9765625 90.3875720801994 5.961897150069187 6223.276855468749 0.0 90.28284622614879 6.541897668758616
GMC225 12CO10 ../products_1pc/GMC225_12CO10_12p7fT_2024_0.4_4asec_grid_K.fits 5 2.062599355963212 1.0592904217200958 2.295247268434155 1.146691061785567 2.120303827210068 1.0592904217200958 106798.75 90.48435353243943 6.03869219243624 6517.813964843749 0.0 90.4016030000916 6.589281453153801
GMC225 12CO10 ../products_1pc/GMC225_12CO10_12p7fT_2024_0.4_4asec_grid_K.fits 6 2.458669030877211 1.2397893412284795 2.7744698441612132 1.358172336075599 2.5326374635858047 1.2397893412284793 96678.875 90.29374105506214 5.890465845200342 5977.024414062499 0.0 90.16847250017298 6.476910685312921
GMC225 12CO10 ../products_1pc/GMC225_12CO10_12p7fT_2024_0.4_4asec_grid_K.fits 7 3.433732710040984 1.2581553058175157 3.109776681389505 1.4009685914476986 2.792769270833332 1.258155305817515 81152.390625 89.88719909352895 5.5524020906435085 5236.442382812497 0.0 89.72741299147047 6.180310431022993
GMC225 12CO10 ../products_1pc/GMC225_12CO10_12p7fT_2024_0.4_4asec_grid_K.fits 8 3.4874665633491846 1.2763676731103928 3.2017435243307757 1.4137982345130427 2.8905128272803915 1.2763676731103868 78188.796875 89.81370311070386 5.485612108247003 5133.550781249975 0.0 89.64577932576455 6.091768184168318
GMC225 12CO10 ../products_1pc/GMC225_12CO10_12p7fT_2024_0.4_4asec_grid_K.fits 9 3.6164176136363637 1.2858997203904836 3.331360863852396 1.4317873689481981 2.9919219126049907 1.2858997203903528 73842.9921875 89.65913025140901 5.320674036851844 4972.574218749494 0.0 89.52771049053203 5.970013996198763
GMC225 12CO10 ../products_1pc/GMC225_12CO10_12p7fT_2024_0.4_4asec_grid_K.fits 10 2.057832043580335 1.0557428200910932 2.294622007554326 1.1441524147789102 2.117314684658168 1.055742820091093 106980.8671875 90.4860988988606 6.0408122273800435 6519.211914062499 0.0 90.40266049527136 6.596699196298188
GMC225 12CO10 ../products_1pc/GMC225_12CO10_12p7fT_2024_0.4_4asec_grid_K.fits 11 4.071823918269231 1.7231025695800781 4.149657194108959 1.7182174319357406 3.9754915588082795 1.6340236572011462 46562.59765625 88.81507451991895 4.692309729092796 3764.7905061914407 0.0 88.44809206857182 5.018215936959027
GMC225 12CO10 ../products_1pc/GMC225_12CO10_12p7fT_2024_0.4_4asec_grid_K.fits 12 4.023794743970372 1.6539027510441828 4.109058170634194 1.7021823098158555 3.861011891390066 1.5994288390661748 50412.234375 88.9661057356123 4.7565092787495615 3972.981236240378 0.0 88.67015242015229 5.178137867250994
GMC225 12CO10 ../products_1pc/GMC225_12CO10_12p7fT_2024_0.4_4asec_grid_K.fits 13 4.383300238715278 2.0894969358282576 4.9861728306899415 2.0810933212837255 4.409071942512033 1.985016499541964 46044.2734375 88.78732923060208 4.6751133473644595 3747.7111511352277 0.0 88.41562985814961 4.978499236626677
GMC225 12CO10 ../products_1pc/GMC225_12CO10_12p7fT_2024_0.4_4asec_grid_K.fits 14 4.518892728365385 2.7460383190734556 4.3582127565408095 2.6483963996341484 4.23718111779263 2.5748479580576253 29279.59765625 87.26340069867203 3.681589507216772 3084.667853753035 0.0 87.1380624582423 3.815908424676432
GMC225 12CO10 ../products_1pc/GMC225_12CO10_12p7fT_2024_0.4_4asec_grid_K.fits 15 4.729464851291024 2.6399383544921875 4.585856610864602 2.5597777202886465 4.5192832981387125 2.522617185814497 19819.625 86.72812457667992 3.328551401302336 2340.9887484358533 0.0 86.67363739738695 3.3898402948174966
GMC225 12CO10 ../products_1pc/GMC225_12CO10_12p7fT_2024_0.4_4asec_grid_K.fits 16 4.448832801325405 2.1917043947706034 4.628082439592065 2.075831094228794 4.468243955972629 2.004138833193606 37602.00390625 88.35201366454974 4.428013013599107 3270.7545757719645 0.0 87.91124803819827 4.621351854259061
GMC225 12CO10 ../products_1pc/GMC225_12CO10_12p7fT_2024_0.4_4asec_grid_K.fits 17 4.005628009175146 1.5593391570987363 3.958136727105076 1.608039703920093 3.728351550606072 1.514686767258672 51324.09375 89.0130491053288 4.803135737210592 4015.4346200027394 0.0 88.70166608744302 5.211641113504271
GMC225 12CO10 ../products_1pc/GMC225_12CO10_12p7fT_2024_0.4_4asec_grid_K.fits 18 4.836436033874672 2.70982666015625 4.433611742619166 2.4841265793204443 4.382965896869179 2.455750009863467 12677.6181640625 86.27766626791248 2.9940917087986065 1669.9100067071574 0.0 86.2829858600086 3.030992329649845
GMC225 12CO10 ../products_1pc/GMC225_12CO10_12p7fT_2024_0.4_4asec_grid_K.fits 19 4.003569080935686 1.4643404420542978 3.958177745543931 1.5149445775304329 3.724758787113739 1.4256062991358562 51631.22265625 89.0243774878596 4.809499920166938 4030.1890076570658 0.0 88.72135059419891 5.226011572360827
GMC225 12CO10 ../products_1pc/GMC225_12CO10_12p7fT_2024_0.4_4asec_grid_K.fits 20 2.132532937186105 1.2439775466918945 2.4815318853274926 1.4475602664410372 2.1325329371861046 1.2439775466918943 122.55120086669922 79.82349193623544 0.9381849944569489 44.783191680908196 0.0 79.92242211610419 1.1063661700083438
GMC225 12CO10 ../products_1pc/GMC225_12CO10_12p7fT_2024_0.4_4asec_grid_K.fits 21 nan 0.0 0.0 0.0 4.0316495534587883e-10 1.3102861048741062e-10 0.0 nan nan 1.048228883899285e-07 0.0 88.16585891733332 3.5490202719055945
GMC225 12CO10 ../products_1pc/GMC225_12CO10_12p7fT_2024_0.4_4asec_grid_K.fits 22 4.41725775739616 2.762951420802696 4.255460786674295 2.66174900186098 3.9888973211069874 2.495016167515939 9218.6181640625 85.64395333894473 2.709184714931449 1272.458245433129 0.0 85.79702526888742 2.9567997708853264
GMC225 12CO10 ../products_1pc/GMC225_12CO10_12p7fT_2024_0.4_4asec_grid_K.fits 23 4.419250279970137 2.743305788201801 4.299655942860758 2.669066083174157 4.026160416996841 2.4992902588560892 8478.548828125 85.56294372747575 2.684913300038651 1179.6650021800742 0.0 85.70769586375398 2.9350693170267936
GMC225 12CO10 ../products_1pc/GMC225_12CO10_12p7fT_2024_0.4_4asec_grid_K.fits 24 4.011023924829435 1.6527351593875501 4.090095171224903 1.7000998000874599 3.8540462608419084 1.6019830843258533 50856.14453125 89.00135599200742 4.792694371968149 3988.937879971375 0.0 88.68363388430124 5.197438769290578
GMC225 12CO10 ../products_1pc/GMC225_12CO10_12p7fT_2024_0.4_4asec_grid_K.fits 25 4.500430223418445 3.0752939860026043 4.054963362868883 2.7708916312937366 3.943316982718977 2.694599938191301 6081.5302734375 85.54971826918306 2.4322090327801362 970.0559777488684 0.0 85.71864251583908 2.5149352873743895
GMC225 12CO10 ../products_1pc/GMC225_12CO10_12p7fT_2024_0.4_4asec_grid_K.fits 26 4.448832801325405 2.167794892282197 4.704562608979142 2.0956687985452542 4.52360558149737 2.0150606681215555 38247.0078125 88.3965303045561 4.4126648042170435 3324.850102400567 0.0 88.01022165184966 4.6358040488604715
GMC225 12CO10 ../products_1pc/GMC225_12CO10_12p7fT_2024_0.4_4asec_grid_K.fits 27 nan 0.0 0.0 0.0 8.002218569092215e-10 3.286177531508088e-10 0.0 nan nan 1.0482906325510802e-07 0.0 88.17126719701857 3.404367405376586
GMC225 12CO10 ../products_1pc/GMC225_12CO10_12p7fT_2024_0.4_4asec_grid_K.fits 28 2.976235640676398 2.17494142972506 3.6184693004448163 2.6442660272481353 2.9762356406763977 2.17494142972506 174.74969482421875 82.30179824379108 1.0140234500183507 56.548477172851555 0.0 82.21846446343329 1.2510614514457257
GMC225 12CO10 ../products_1pc/GMC225_12CO10_12p7fT_2024_0.4_4asec_grid_K.fits 29 5.786975395388719 3.163546549479167 6.5433756771209435 2.704595279876657 6.2251929282414515 2.573079743673133 3001.7060546875 88.15526170348845 2.9517847333432488 385.96196155097 0.0 87.88990326833016 3.138420936208486
GMC225 12CO10 ../products_1pc/GMC225_12CO10_12p7fT_2024_0.4_4asec_grid_K.fits 30 nan 0.0 0.0 0.0 4.991885007828697e-09 1.6907997607161715e-09 0.0 nan nan 1.0482958516440263e-07 0.0 87.97508816779141 1.5322590243270904
GMC225 12CO10 ../products_1pc/GMC225_12CO10_12p7fT_2024_0.4_4asec_grid_K.fits 31 4.588133868049173 2.437446117401123 9.340426496442735 2.3351066241106837 7.92064923920178 1.980162309800445 331.5203552246094 87.25937799835206 1.7699604852515092 63.36519391361424 0.0 87.06353905927939 2.2243258616140236
GMC225 12CO10 ../products_1pc/GMC225_12CO10_12p7fT_2024_0.4_4asec_grid_K.fits 32 0.5734810618172704 0.3108074819441322 inf inf 0.19741621914650254 0.10699296289474719 129.60671997070312 96.0 0.0 44.616065527109576 0.0 95.99997593978127 1.638933417410245
GMC225 12CO10 ../products_1pc/GMC225_12CO10_12p7fT_2024_0.4_4asec_grid_K.fits 33 2.711741187355735 2.057182969718144 3.5265592373254746 2.6753208007296703 2.711741187355735 2.0571829697181436 93.43104553222656 87.63853120406226 0.48042700414109685 59.658306121826165 0.0 87.69993288262572 0.6136415794579777
GMC225 12CO10 ../products_1pc/GMC225_12CO10_12p7fT_2024_0.4_4asec_grid_K.fits 34 3.6991301191614028 2.0216176232626273 3.6431055689474885 1.768600668646019 3.8378211271628846 1.8631282797564004 4388.068359375 94.63078527296506 2.877366764953908 640.9161282362018 0.0 95.37766397436748 2.6345794935954165
GMC225 12CO10 ../products_1pc/GMC225_12CO10_12p7fT_2024_0.4_4asec_grid_K.fits 35 4.261967427021748 2.766540259645696 7.983873227262128 2.661291075754043 6.853529187121355 2.2845097290404515 386.7251892089844 89.0386875463169 1.0170569997799284 130.21705455530574 0.0 89.15003334751503 1.259819039227623
GMC225 12CO10 ../products_1pc/GMC225_12CO10_12p7fT_2024_0.4_4asec_grid_K.fits 36 4.004744443026456 2.7109039306640623 7.399161717609918 1.9351653722979785 4.510936738755522 1.7349756687521236 727.4083251953125 92.33900268351493 2.3070493905987055 112.77341846888804 0.0 92.85941397818101 2.657636089450304
GMC225 12CO10 ../products_1pc/GMC225_12CO10_12p7fT_2024_0.4_4asec_grid_K.fits 37 4.295081194709329 3.65081901550293 3.4535354867006656 2.9355051636955656 3.070996337723991 2.6103468870653925 191.072509765625 90.25401862606739 1.2983609041239073 52.20693774130785 0.0 90.12768826028065 1.5191277874908737
GMC225 12CO10 ../products_1pc/GMC225_12CO10_12p7fT_2024_0.4_4asec_grid_K.fits 38 nan 0.0 0.0 0.0 1.8721184109871115e-09 7.331372798271206e-10 0.0 nan nan 1.0483863101527824e-07 0.0 93.64415259613384 3.017021480147191
GMC225 12CO10 ../products_1pc/GMC225_12CO10_12p7fT_2024_0.4_4asec_grid_K.fits 39 nan 0.0 0.0 0.0 4.031425565574457e-09 1.871733298302426e-09 0.0 nan nan 1.0481706470493586e-07 0.0 90.68421433514092 1.507743979613143
GMC225 12CO10 ../products_1pc/GMC225_12CO10_12p7fT_2024_0.4_4asec_grid_K.fits 40 3.4935813726380816 3.00447998046875 4.070130827058045 2.9304941954817925 3.791762672409254 2.730069124134663 563.7987670898438 91.17054171539584 1.5350527987881557 136.50345620673315 0.0 91.1361233401846 1.69338403485031
GMC225 12CO10 ../products_1pc/GMC225_12CO10_12p7fT_2024_0.4_4asec_grid_K.fits 41 nan 0.0 0.0 0.0 3.2755101319574943e-09 1.3102040527829978e-09 0.0 nan nan 1.0481632422263982e-07 0.0 92.64529344703566 1.7960623776185356
GMC225 12CO10 ../products_1pc/GMC225_12CO10_12p7fT_2024_0.4_4asec_grid_K.fits 42 nan 0.0 0.0 0.0 6.9895684406521574e-09 2.8336088272914153e-09 0.0 nan nan 1.0484352660978236e-07 0.0 90.75536179784231 1.3351619679071502
GMC225 12CO10 ../products_1pc/GMC225_12CO10_12p7fT_2024_0.4_4asec_grid_K.fits 43 nan 0.0 0.0 0.0 3.0836790404938956e-09 1.8722337031570082e-09 0.0 nan nan 1.0484508737679245e-07 0.0 92.20554578891714 1.1924488078688802
GMC225 12CO10 ../products_1pc/GMC225_12CO10_12p7fT_2024_0.4_4asec_grid_K.fits 44 nan 0.0 0.0 0.0 1.0275876165168956e-09 8.001063884330027e-10 0.0 nan nan 1.0481393688472335e-07 0.0 94.92198316193728 1.9898848335031463
GMC225 12CO10 ../products_1pc/GMC225_12CO10_12p7fT_2024_0.4_4asec_grid_K.fits 45 nan 0.0 0.0 0.0 4.1935368484578604e-07 3.0232474953998524e-07 0.0 nan nan 1.2999964230219366e-05 0.0 90.3058997264319 0.42869598046181023
GMC225 12CO10 ../products_1pc/GMC225_12CO10_12p7fT_2024_0.4_4asec_grid_K.fits 46 nan 0.0 0.0 0.0 1.7194607083823412e-09 1.1278183141002454e-09 0.0 nan nan 1.0488710321132282e-07 0.0 93.47440225810314 1.0954764383240274
GMC225 12CO10 ../products_1pc/GMC225_12CO10_12p7fT_2024_0.4_4asec_grid_K.fits 47 2.198487078557249 1.4420184063655075 2.794331506916218 1.0215835616682947 2.170956490213884 1.4239607086349133 351.00054931640625 93.70788439524775 1.4738762385866087 132.42834590304693 0.0 93.11474421736516 0.9186327073783995
GMC225 12CO10 ../products_1pc/GMC225_12CO10_12p7fT_2024_0.4_4asec_grid_K.fits 48 3.403469947076613 2.5120849609375 3.1763935401575716 2.344480946306779 3.4034699470766125 2.5120849609374996 259.58514404296875 92.88039549711819 1.0517049117496038 105.50756835937499 0.0 92.70340940171302 0.9160675731900068
GMC225 12CO10 ../products_1pc/GMC225_12CO10_12p7fT_2024_0.4_4asec_grid_K.fits 49 nan 0.0 0.0 0.0 1.2049121777206208e-09 8.95960337279436e-10 0.0 nan nan 1.0482735946169402e-07 0.0 95.61823027204551 1.13003848619084
GMC225 12CO10 ../products_1pc/GMC225_12CO10_12p7fT_2024_0.4_4asec_grid_K.fits 50 nan 0.0 0.0 0.0 2.055621344069765e-09 6.130800499857195e-10 0.0 nan nan 1.0483668854755802e-07 0.0 97.09396206509935 2.1910656222396847
GMC225 12CO10 ../products_1pc/GMC225_12CO10_12p7fT_2024_0.4_4asec_grid_K.fits 51 4.2957514444986975 1.9526142929539536 5.698630103686516 2.5902864107665984 4.295751444498697 1.9526142929539532 161.93414306640625 94.17578953473426 0.7557649836811583 64.43627166748045 0.0 94.25851296091149 0.9853918149625528
GMC225 12CO10 ../products_1pc/GMC225_12CO10_12p7fT_2024_0.4_4asec_grid_K.fits 52 0.05735296756029129 0.004881103622152451 -0.3182504834019832 -0.3182504834019832 -0.22882524449774555 -0.22882524449774555 -17.391056060791016 95.59203005458644 0.4638409536905077 -10.754786491394041 0.0 95.66126524305 0.6342943214002514
GMC225 12CO10 ../products_1pc/GMC225_12CO10_12p7fT_2024_0.4_4asec_grid_K.fits 53 1.7069012835309223 0.946073192034581 2.664572071819593 1.012124275342326 2.35436243570085 0.8942927081344315 665.8622436523438 96.74659316301948 1.017280941868351 230.72751869868333 0.0 96.68741201225902 1.2105374679804397
GMC225 12CO10 ../products_1pc/GMC225_12CO10_12p7fT_2024_0.4_4asec_grid_K.fits 54 nan 0.0 0.0 0.0 2.2303200872285438e-09 2.995001259992616e-10 0.0 nan nan 1.0482504409974156e-07 0.0 101.50148767488317 3.542210095049438
GMC225 12CO10 ../products_1pc/GMC225_12CO10_12p7fT_2024_0.4_4asec_grid_K.fits 55 nan 0.0 0.0 0.0 1.5184871155876865e-09 3.9095377229682974e-10 0.0 nan nan 1.0477561097555037e-07 0.0 97.00679601743585 1.1011329468590991
GMC225 12CO10 ../products_1pc/GMC225_12CO10_12p7fT_2024_0.4_4asec_grid_K.fits 56 nan 0.0 0.0 0.0 1.519126805598537e-09 5.214912914741247e-10 0.0 nan nan 1.0481974958629905e-07 0.0 100.60956421910367 2.741420695326696
GMC225 12CO10 ../products_1pc/GMC225_12CO10_12p7fT_2024_0.4_4asec_grid_K.fits 57 4.066225687662761 3.3269119262695312 6.9089037227763175 3.140410783080144 6.046389373406545 2.748358806093884 323.1379699707031 97.69552692829117 0.9329511873165792 120.9277874681309 0.0 97.55535685775385 1.1170269414709793
GMC225 12CO10 ../products_1pc/GMC225_12CO10_12p7fT_2024_0.4_4asec_grid_K.fits 58 nan 0.0 -0.7834575483242019 -0.7834575483242019 -0.5965215106343114 -0.5965215106343114 -47.130775451660156 98.37981785282132 0.5581240363812058 -25.650424957275387 0.0 98.39518608863614 0.7378510588900817
GMC225 12CO10 ../products_1pc/GMC225_12CO10_12p7fT_2024_0.4_4asec_grid_K.fits 59 3.071951170225401 2.104855431450738 25.031549838690875 1.8541888769400647 2.3885445313265357 1.6365953270200337 377.74163818359375 99.47673521417876 1.5050717146028014 88.37614765908182 0.0 99.75245957881215 1.7783293978835857
GMC225 12CO10 ../products_1pc/GMC225_12CO10_12p7fT_2024_0.4_4asec_grid_K.fits 60 nan 0.0 0.0 0.0 6.165495898966997e-09 1.361213380291415e-09 0.0 nan nan 1.0481343028243895e-07 0.0 99.16018443547732 1.59951872388498
GMC225 12CO10 ../products_1pc/GMC225_12CO10_12p7fT_2024_0.4_4asec_grid_K.fits 61 nan 0.0 0.0 0.0 3.5169020674397706e-09 2.397887773254389e-09 0.0 nan nan 1.0550706202319312e-07 0.0 98.30164091759256 0.8635596688317793
GMC225 12CO10 ../products_1pc/GMC225_12CO10_12p7fT_2024_0.4_4asec_grid_K.fits 62 3.9728971950670813 1.744421527029454 5.506015437919094 1.7214209185218317 5.218292933461656 1.6314662964385869 8898.27734375 106.81477674383146 4.740669405908004 709.6878389507852 0.0 106.62534945519221 5.096316007215853
GMC225 12CO10 ../products_1pc/GMC225_12CO10_12p7fT_2024_0.4_4asec_grid_K.fits 63 3.1385867745535716 1.4685900683071524 4.200905677255059 1.3029547020363286 2.7381326914820727 1.281211820880649 10903.3525390625 106.6789489956193 4.463126587269569 958.3464420187255 0.0 106.3758865087139 4.553949112035462
GMC225 12CO10 ../products_1pc/GMC225_12CO10_12p7fT_2024_0.4_4asec_grid_K.fits 64 3.9230096435546873 1.735844975024198 4.223552264338605 1.7753870137706527 4.129483835318921 1.7358449750234404 3185.55322265625 104.93371011578208 3.1673310133971304 392.30096435529754 0.0 105.45013099137799 3.216559358990513
GMC225 12CO10 ../products_1pc/GMC225_12CO10_12p7fT_2024_0.4_4asec_grid_K.fits 65 nan 0.0 0.0 0.0 1.6129994867128768e-09 9.798595012741774e-10 0.0 nan nan 1.0484496663633699e-07 0.0 101.95614217799273 1.272367220785887
GMC225 12CO10 ../products_1pc/GMC225_12CO10_12p7fT_2024_0.4_4asec_grid_K.fits 66 nan 0.0 0.0 0.0 4.557439466887323e-09 2.0157905334309316e-09 0.0 nan nan 1.0482110773840844e-07 0.0 103.6444538482074 2.827169962221115
GMC225 12CO10 ../products_1pc/GMC225_12CO10_12p7fT_2024_0.4_4asec_grid_K.fits 67 3.2471994253305287 3.2471994253305287 3.3844011027206307 3.3844011027206307 3.2471994253305283 3.2471994253305283 128.3661346435547 100.94001722772369 0.5819763734433767 84.42718505859374 0.0 100.9358749527637 0.6071241593730103
GMC225 12CO10 ../products_1pc/GMC225_12CO10_12p7fT_2024_0.4_4asec_grid_K.fits 68 2.489970995032269 1.8473978350239415 2.8213129874083527 2.0932322164642616 2.4899709950322686 1.8473978350239413 190.56619262695312 102.0694707143421 1.1715931367897021 57.26933288574218 0.0 102.2043835547883 1.3273447501517845
GMC225 12CO10 ../products_1pc/GMC225_12CO10_12p7fT_2024_0.4_4asec_grid_K.fits 69 nan 0.0 0.0 0.0 4.509950739187478e-09 4.112013909259171e-09 0.0 nan nan 1.3980847291481183e-07 0.0 100.32859228361107 0.5784429309623224
GMC225 12CO10 ../products_1pc/GMC225_12CO10_12p7fT_2024_0.4_4asec_grid_K.fits 70 4.0458940408997615 2.295266811664288 3.8078534038730987 2.1602245271972387 4.045894040899757 2.295266811664285 573.021484375 103.60679981972936 1.017533553436895 238.70774841308565 0.0 103.53950004346731 0.8995137397677782
GMC225 12CO10 ../products_1pc/GMC225_12CO10_12p7fT_2024_0.4_4asec_grid_K.fits 71 2.463836161295573 1.0991090682359432 2.327930670919171 1.0384820836814146 3.833289840569657 0.9832602193282765 1684.34423828125 105.8469883467332 2.405412883765197 264.49699899930636 0.0 105.40521775605096 2.568597082858166
GMC225 12CO10 ../products_1pc/GMC225_12CO10_12p7fT_2024_0.4_4asec_grid_K.fits 72 2.8600483182110366 1.8221275575699345 2.471927535034317 1.3157033654214911 2.8600483182087943 1.822127557568506 765.20166015625 107.0992908955797 1.871140067840723 225.94381713849475 0.0 106.25361450815456 1.0051257803971183
GMC225 12CO10 ../products_1pc/GMC225_12CO10_12p7fT_2024_0.4_4asec_grid_K.fits 73 3.4595253985861074 2.697257090423067 4.629778767317594 3.6096580219764296 3.4595253985861065 2.6972570904230664 260.17828369140625 105.6116473865178 0.4873747660588542 159.1381683349609 0.0 105.66749267135081 0.6398095615032349
GMC225 12CO10 ../products_1pc/GMC225_12CO10_12p7fT_2024_0.4_4asec_grid_K.fits 74 nan 0.0 0.0 0.0 1.276397907946588e-09 9.514966222874566e-10 0.0 nan nan 1.0466462845162022e-07 0.0 107.79724964805763 0.9465753585277197
GMC225 12CO10 ../products_1pc/GMC225_12CO10_12p7fT_2024_0.4_4asec_grid_K.fits 75 nan 0.0 0.0 0.0 2.450945908447099e-07 2.2281326440428173e-07 0.0 nan nan 1.2254729542235496e-05 0.0 107.80796114085783 0.3541055853599779
GMC225 12CO10 ../products_1pc/GMC225_12CO10_12p7fT_2024_0.4_4asec_grid_K.fits 76 3.0677576479704483 1.6220327793866738 2.6485801831052544 1.4003987175039276 2.5827625082935652 1.3655985676034943 496.8142395019531 112.23135332980048 1.6267961793847698 118.807075381504 0.0 112.06042897850679 1.6819294199390806
GMC225 H40a ../products_1pc/GMC225_H40a_12p7fT_2024_1.5_4asec_grid_K.fits 0 0.004690774357553179 0.002076954152513657 0.0 0.0 0.0031817731836136344 0.0014088072719639483 28.258197784423828 101.82591922481977 nan 10.684394350574584 0.0 92.50184000278628 3.6145292108966793
GMC225 H40a ../products_1pc/GMC225_H40a_12p7fT_2024_1.5_4asec_grid_K.fits 1 0.004058089978011382 0.0017077585971573554 0.0 0.0 0.0028783502417930604 0.001271083268146337 15.701257705688477 106.1089243813245 nan 9.239504276155724 0.0 92.6725305260906 3.5727789287351617
GMC225 H40a ../products_1pc/GMC225_H40a_12p7fT_2024_1.5_4asec_grid_K.fits 2 0.0038857537363981105 0.001636762693482807 0.0 0.0 0.0027247668702578085 0.0012024382521424936 14.678265571594238 109.74719187530704 nan 8.623887144365964 0.0 92.67585923027818 3.558988345347682
GMC225 H40a ../products_1pc/GMC225_H40a_12p7fT_2024_1.5_4asec_grid_K.fits 3 0.003629570318045174 0.0016868940674432432 0.0 0.0 0.0028043030792315746 0.0012763907142804168 16.536914825439453 111.43520373157779 nan 8.766251425677902 0.0 92.94865606353267 3.4937927946057266
GMC225 H40a ../products_1pc/GMC225_H40a_12p7fT_2024_1.5_4asec_grid_K.fits 4 0.004561810160792151 0.001661509714671036 -0.00018320924793019004 -8.504037596624101e-05 0.002550409138030061 0.0011319789838452922 -24.639339447021484 89.46757813014055 19.581284245173926 6.6820719416387595 0.0 93.80126904316504 3.1024601061398487
GMC225 H40a ../products_1pc/GMC225_H40a_12p7fT_2024_1.5_4asec_grid_K.fits 5 0.0036094098151484622 0.0018536868220167626 -3.170632856801664e-05 -1.628343869249676e-05 0.0028630504177721595 0.00144199467652786 -8.670185089111328 92.02058200692571 34.5227510231021 8.872593244675922 0.0 93.26781087934242 3.147177602231892
GMC225 H40a ../products_1pc/GMC225_H40a_12p7fT_2024_1.5_4asec_grid_K.fits 6 0.005866325328203937 0.00295810762764235 0.0 0.0 0.0052999022605270734 0.002594434626601098 76.50467681884766 85.11436767730414 nan 12.507769334843893 0.0 89.945585344832 4.167745351743806
GMC225 H40a ../products_1pc/GMC225_H40a_12p7fT_2024_1.5_4asec_grid_K.fits 7 0.004346779312355152 0.0020877491219120493 0.0 0.0 0.0045169458285592625 0.0018482361235070694 25.65289878845215 79.26501954100436 nan 7.692358746036423 0.0 89.046156791472 3.799517426446052
GMC225 H40a ../products_1pc/GMC225_H40a_12p7fT_2024_1.5_4asec_grid_K.fits 8 0.004407679954533469 0.0017939761525537765 0.0 0.0 0.0038028710628468174 0.0015478120163799703 9.34067440032959 61.89075759161581 nan 6.22529992988024 0.0 88.5668239167835 3.586695261333258
GMC225 H40a ../products_1pc/GMC225_H40a_12p7fT_2024_1.5_4asec_grid_K.fits 9 0.004138822429690543 0.0014598794399011896 0.0 0.0 0.003581081927502301 0.0013724239504935118 -1.9276723861694336 228.20112655613732 nan 5.30716341655841 0.0 88.47101703180157 3.384353497759002
GMC225 H40a ../products_1pc/GMC225_H40a_12p7fT_2024_1.5_4asec_grid_K.fits 10 0.003601990865938591 0.00184795256085724 -2.0295136002231745e-05 -6.4352836101003654e-06 0.002901771760289478 0.001460519292466348 -4.604301452636719 84.81010771112437 46.224174328189335 9.018706630979699 0.0 93.28765310663262 3.1573686524119418
GMC225 H40a ../products_1pc/GMC225_H40a_12p7fT_2024_1.5_4asec_grid_K.fits 11 0.005909924164172391 0.002211091419061025 -0.009141318437273081 -0.0010514103237314958 -0.007392408999500681 -0.0023357958991477843 -35.40379333496094 98.7340267620306 5.830491291274135 -5.381673751636495 0.0 95.02247379945406 2.6137435961768927
GMC225 H40a ../products_1pc/GMC225_H40a_12p7fT_2024_1.5_4asec_grid_K.fits 12 0.006015639167186643 0.002344258741480141 -0.00806682314138892 -0.0014548859771909165 -0.009455084546653383 -0.003155501243629491 -49.92129898071289 97.90176543387848 5.510809440812033 -7.838265089175655 0.0 95.17982191413199 2.6309681531033395
GMC225 H40a ../products_1pc/GMC225_H40a_12p7fT_2024_1.5_4asec_grid_K.fits 13 0.011620972182724502 0.0039208470764806715 -0.03723809700863669 -0.000670601323248754 0.005344834292632261 0.0022307888890859225 -14.626336097717285 103.8116984185225 4.60870827385996 4.211729422594222 0.0 89.4803587161477 2.581961618415295
GMC225 H40a ../products_1pc/GMC225_H40a_12p7fT_2024_1.5_4asec_grid_K.fits 14 0.012554730064377389 0.005438985729058318 0.0 0.0 0.01063069627059663 0.004605451890183348 27.01070213317871 93.2777401985766 nan 5.517331364439651 0.0 89.75508747332488 2.475352726870097
GMC225 H40a ../products_1pc/GMC225_H40a_12p7fT_2024_1.5_4asec_grid_K.fits 15 0.020026444713387204 0.0076178178705018145 0.0 0.0 0.017877687083733818 0.006800456401463403 36.78035354614258 91.92092322360938 nan 6.310823540558038 0.0 89.79529846016734 2.7497822754894754
GMC225 H40a ../products_1pc/GMC225_H40a_12p7fT_2024_1.5_4asec_grid_K.fits 16 0.009739444610920358 0.0028048645631939756 -0.007544950647148348 -4.623131523987958e-05 0.005575960185984883 0.002234484045118942 -3.176281452178955 103.63804155186064 16.794715101390008 3.6466779616341136 0.0 89.13699951007104 2.4379894942419655
GMC225 H40a ../products_1pc/GMC225_H40a_12p7fT_2024_1.5_4asec_grid_K.fits 17 0.0054497025070049925 0.0022325073265210948 -0.006363679903751171 -0.0011978409173790396 -0.008167067027980512 -0.00276035158697493 -47.76187515258789 97.82856656949586 6.00043261472399 -7.3176920570705395 0.0 95.34490716279727 2.6409650257417123
GMC225 H40a ../products_1pc/GMC225_H40a_12p7fT_2024_1.5_4asec_grid_K.fits 18 0.04020274864448296 0.010760147431317498 0.0 0.0 0.028923529534272855 0.010633650564070903 35.18962860107422 90.56231646818003 nan 7.230882383568214 0.0 88.93260059990195 2.2089080651775403
GMC225 H40a ../products_1pc/GMC225_H40a_12p7fT_2024_1.5_4asec_grid_K.fits 19 0.005289144576734798 0.0020561619702269343 -0.005229971115360417 -0.0006530526366191113 -0.004963514809818947 -0.0015187266750949376 -32.55376434326172 99.02163895083413 7.034565623872293 -4.293440310493389 0.0 95.50471816308334 2.6617582567303772
GMC225 H40a ../products_1pc/GMC225_H40a_12p7fT_2024_1.5_4asec_grid_K.fits 20 nan 0.0 -0.02589552608036077 -0.012228442871281475 -0.027589784570690678 -0.013028509380603931 -0.9596932530403137 79.4765445502979 0.8696987536076529 -0.4690263377017415 0.0 79.24458114419541 0.758885907123112
GMC225 H40a ../products_1pc/GMC225_H40a_12p7fT_2024_1.5_4asec_grid_K.fits 21 nan 0.0 -0.03293253956637288 -0.015478293596195257 -0.030573978078646116 -0.014369769696963675 -115.27191162109375 87.12013773362027 3.713816949729495 -11.49581575757094 0.0 87.29033270009764 4.11417362718656
GMC225 H40a ../products_1pc/GMC225_H40a_12p7fT_2024_1.5_4asec_grid_K.fits 22 0.028215766938264705 0.006694329018686332 0.0 0.0 0.014196808713809423 0.0054560284468757785 1.6418848037719727 124.218719142812 nan 2.782574507906647 0.0 88.12158240109736 1.419392280312342
GMC225 H40a ../products_1pc/GMC225_H40a_12p7fT_2024_1.5_4asec_grid_K.fits 23 0.03963165572195342 0.008312571856935146 0.0 0.0 0.015922488332324118 0.005970933124621544 5.166645050048828 97.95649892157442 nan 2.818280434821369 0.0 88.0166894511012 1.7255018798869144
GMC225 H40a ../products_1pc/GMC225_H40a_12p7fT_2024_1.5_4asec_grid_K.fits 24 0.006158108138261162 0.0024286193541254862 -0.008219762368717895 -0.0014987036608023793 -0.009572766689756772 -0.0032063001683763645 -51.963016510009766 97.8675168546151 5.555067046431933 -7.983687419257148 0.0 95.22985111886469 2.6424721775536706
GMC225 H40a ../products_1pc/GMC225_H40a_12p7fT_2024_1.5_4asec_grid_K.fits 25 0.03753247315233404 0.009174604548348321 0.0 0.0 0.022019959737866728 0.007401153134116317 9.545364379882812 90.42971975677737 nan 2.664415128281874 0.0 87.8405016378337 2.0554741707814954
GMC225 H40a ../products_1pc/GMC225_H40a_12p7fT_2024_1.5_4asec_grid_K.fits 26 0.011487284590741822 0.0035297292651552143 0.0 0.0 0.007085502501953801 0.002744021878029381 2.2250990867614746 74.14128092409096 nan 4.527636098748479 0.0 89.51266898898767 2.4278443883248744
GMC225 H40a ../products_1pc/GMC225_H40a_12p7fT_2024_1.5_4asec_grid_K.fits 27 nan 0.0 -0.050845260360848674 -0.02645866213135072 -0.046639235622911564 -0.02426994706396025 -69.947998046875 87.31259180485773 3.3061822616415864 -7.742113113403319 0.0 87.19713257028127 3.7265284878678853
GMC225 H40a ../products_1pc/GMC225_H40a_12p7fT_2024_1.5_4asec_grid_K.fits 28 0.010385672561824322 0.006391183114968813 -0.00952878993829989 -0.005130886889853787 -0.015611436750201334 -0.00840615825010841 -0.27354928851127625 81.17375567217948 0.8180500332414478 -0.21856011450281868 0.0 81.33655484731977 0.5804695960549372
GMC225 H40a ../products_1pc/GMC225_H40a_12p7fT_2024_1.5_4asec_grid_K.fits 29 0.07038015394068475 0.031436468760172524 0.06981095893763481 0.03118222832547688 0.06487507969099374 0.028977535595310536 33.73963165283203 88.8653185983955 2.8777429354929036 4.34663033929658 0.0 88.81414466563142 3.179908211107159
GMC225 H40a ../products_1pc/GMC225_H40a_12p7fT_2024_1.5_4asec_grid_K.fits 30 0.01563325135604195 0.005799431954660724 0.018098332310080872 0.006130080298575779 0.012841599328177314 0.005799431954660723 1.4143987894058228 88.3143209004894 1.4846500212994944 0.3595647811889648 0.0 88.69807367060443 1.4572650475365807
GMC225 H40a ../products_1pc/GMC225_H40a_12p7fT_2024_1.5_4asec_grid_K.fits 31 nan 0.0 -0.04943493470464006 -0.013903575385680017 -0.040557153954394166 -0.01140669954967336 -2.126587390899658 87.78390451893671 1.906851294686215 -0.3650143855895475 0.0 88.02425457227277 2.546234581983825
GMC225 H40a ../products_1pc/GMC225_H40a_12p7fT_2024_1.5_4asec_grid_K.fits 32 0.006400020245243521 0.0010436483853154903 -0.010434590041186988 -0.005480036496450721 -0.010767101606358328 -0.006661659986667743 -20.702489852905273 94.74182853821061 3.614207979836073 -2.7779122144404487 0.0 92.83819128161184 2.4566441437993456
GMC225 H40a ../products_1pc/GMC225_H40a_12p7fT_2024_1.5_4asec_grid_K.fits 33 0.02327321391356619 0.015247967736474398 0.028807581413128763 0.018873932649980912 0.023273213913566185 0.015247967736474397 0.5622742772102356 87.21356347029601 0.40982446717470056 0.4421910643577575 0.0 87.17076036351601 0.4974818457482292
GMC225 H40a ../products_1pc/GMC225_H40a_12p7fT_2024_1.5_4asec_grid_K.fits 34 0.010964296080849388 0.0010518074728721797 -0.02740225743785445 -0.008762349762104622 -0.01909738777254145 -0.009271115575623321 -28.0291690826416 94.03245636224273 3.70972111494698 -3.1892637580144223 0.0 94.87038079474715 3.3556391573554856
GMC225 H40a ../products_1pc/GMC225_H40a_12p7fT_2024_1.5_4asec_grid_K.fits 35 nan 0.0 -0.062092562295295695 -0.020697520765098565 -0.05190117161529543 -0.01730039053843181 -3.3590636253356934 88.83344306114643 1.1358869583427613 -0.9861222606906132 0.0 88.80425473821683 1.4610691170611234
GMC225 H40a ../products_1pc/GMC225_H40a_12p7fT_2024_1.5_4asec_grid_K.fits 36 nan 0.0 -0.0640466257825865 -0.01675065597390724 -0.12980874469684675 -0.013979403275045037 -6.79670524597168 91.52822793450329 2.4903668473255456 -0.9086612128779273 0.0 91.30835428402017 3.215015979717241
GMC225 H40a ../products_1pc/GMC225_H40a_12p7fT_2024_1.5_4asec_grid_K.fits 37 nan 0.0 -0.052356348533838755 -0.04450289625376294 -0.05434526510984626 -0.046193475343369324 -2.836164712905884 90.02866023034134 1.2712273957507618 -0.9238695068673864 0.0 89.73726500697173 1.1403309207528514
GMC225 H40a ../products_1pc/GMC225_H40a_12p7fT_2024_1.5_4asec_grid_K.fits 38 0.039238506241848596 0.01042701564468704 0.0 0.0 0.02933899490844638 0.006155033896876863 4.6679534912109375 98.16078147294505 nan 0.8801698472533914 0.0 96.75591070413276 2.5631478834538473
GMC225 H40a ../products_1pc/GMC225_H40a_12p7fT_2024_1.5_4asec_grid_K.fits 39 0.011226512491703033 0.007217043744666236 -0.03984892634243286 -0.015654935348812907 -0.07070756753285724 -0.018939527017729618 -3.5891199111938477 89.60186713739864 1.6332727964767861 -1.0606135129928587 0.0 89.12921399678548 1.2261430792530534
GMC225 H40a ../products_1pc/GMC225_H40a_12p7fT_2024_1.5_4asec_grid_K.fits 40 0.034292650777240134 0.029491679668426515 0.036995036663463154 0.02663642639769347 0.03603793190597301 0.025947310972300564 5.322416305541992 91.33805581631326 1.5943106379784917 1.2973655486150282 0.0 91.28792461745498 1.6446407411359591
GMC225 H40a ../products_1pc/GMC225_H40a_12p7fT_2024_1.5_4asec_grid_K.fits 41 0.01588507340504573 0.005162648856639862 0.009902248585594391 0.003960899434237756 0.006583006472979464 0.0033737908174019753 1.6479322910308838 93.34662769250089 2.0747492995159047 0.26990326539215803 0.0 93.55639088807204 2.61142651901254
GMC225 H40a ../products_1pc/GMC225_H40a_12p7fT_2024_1.5_4asec_grid_K.fits 42 nan 0.0 -0.08145955108533547 -0.033024142331892756 -0.07273421161263191 -0.029486842545661585 -4.330106258392334 90.95370125299378 1.413758887764961 -1.0910131741894786 0.0 90.78541559714147 1.655315303920978
GMC225 H40a ../products_1pc/GMC225_H40a_12p7fT_2024_1.5_4asec_grid_K.fits 43 0.03860238720388973 0.023437163659504483 0.07601005742155785 0.021717159263302244 0.06743963640130034 0.019268467543228668 4.3206634521484375 92.62555088583181 1.4173250462825862 1.0790341824208054 0.0 92.69056768522275 1.7152958469391808
GMC225 H40a ../products_1pc/GMC225_H40a_12p7fT_2024_1.5_4asec_grid_K.fits 44 0.010669739058848177 0.007248906688835785 0.0 0.0 -0.015328495712707096 -0.008775856324068947 -3.140738010406494 100.77870995376222 nan -1.1496371784530321 0.0 96.97424206981474 1.6634307650972124
GMC225 H40a ../products_1pc/GMC225_H40a_12p7fT_2024_1.5_4asec_grid_K.fits 45 0.0942139164094002 0.067921660667242 0.11819659147346982 0.08521149617854801 0.09421391640940019 0.06792166066724199 4.270106315612793 90.31603094986947 0.464924151793737 2.920631408691406 0.0 90.25316475350553 0.5738893825454198
GMC225 H40a ../products_1pc/GMC225_H40a_12p7fT_2024_1.5_4asec_grid_K.fits 46 0.060812175273895264 0.0065389435778382 0.0 0.0 -0.006104872360893094 -0.004004271118435255 0.039025306701660156 60.51937422106009 nan -0.37239721401447873 0.0 93.24322692906077 0.7598606318222009
GMC225 H40a ../products_1pc/GMC225_H40a_12p7fT_2024_1.5_4asec_grid_K.fits 47 nan 0.0 -0.07232468959074267 -0.026441284366508073 -0.04882670524898706 -0.032026118496647424 -9.84693431854248 93.86575938434086 1.597517452701438 -2.9784290201882104 0.0 93.35353001803522 1.1511327097728352
GMC225 H40a ../products_1pc/GMC225_H40a_12p7fT_2024_1.5_4asec_grid_K.fits 48 nan 0.0 -0.17298214845769816 -0.03706760324093532 -0.046121603969824385 -0.034042136263441804 -3.922865390777588 93.52079133161011 1.005239801176735 -1.4297697230645559 0.0 93.49562934392954 1.147263067075281
GMC225 H40a ../products_1pc/GMC225_H40a_12p7fT_2024_1.5_4asec_grid_K.fits 49 0.06835781294724037 0.05083016860179412 0.055916738233296195 0.04157911304527153 0.06564781120744481 0.04881503910297178 13.556236267089844 95.72722048318282 1.1117012977586165 5.711359575047698 0.0 95.93570720619343 0.8622158098551168
GMC225 H40a ../products_1pc/GMC225_H40a_12p7fT_2024_1.5_4asec_grid_K.fits 50 0.06768056467959756 0.03760031371088753 0.0 0.0 0.054805739818977656 0.030447633232765364 16.710556030273438 95.50594349465092 nan 5.206545282802877 0.0 96.1952175499651 1.4262363518735095
GMC225 H40a ../products_1pc/GMC225_H40a_12p7fT_2024_1.5_4asec_grid_K.fits 51 nan 0.0 -0.05441761943339848 -0.02473528156063567 -0.04757469495137532 -0.021624861341534237 -0.9829738736152649 94.71291112304988 0.4804201810592545 -0.7136204242706298 0.0 94.79138190310107 0.5336410183775181
GMC225 H40a ../products_1pc/GMC225_H40a_12p7fT_2024_1.5_4asec_grid_K.fits 52 nan 0.0 -0.04017795885129652 -0.04017795885129652 -0.03131957257047612 -0.03131957257047612 -3.0903825759887695 95.68787607032061 0.6528848405711367 -1.4720199108123777 0.0 95.620165556926 0.807685990213902
GMC225 H40a ../products_1pc/GMC225_H40a_12p7fT_2024_1.5_4asec_grid_K.fits 53 0.004495823755860329 0.0002788107755572297 -0.06899445241988171 -0.038241111224973194 -0.08246628554550917 -0.04570805749227834 -17.101360321044922 96.36354338240034 0.6914973398216394 -11.79267883300781 0.0 96.14929393483564 0.5135048167866567
GMC225 H40a ../products_1pc/GMC225_H40a_12p7fT_2024_1.5_4asec_grid_K.fits 54 0.030542378425598146 0.004363196917942592 -0.04966172757596405 -0.014614736972355135 -0.05856996424367008 -0.013220077643571247 -23.45449447631836 100.38572843706264 1.8292669788905924 -4.627027175249936 0.0 99.35131415020666 1.896395517450374
GMC225 H40a ../products_1pc/GMC225_H40a_12p7fT_2024_1.5_4asec_grid_K.fits 55 nan 0.0 -0.06770125060282413 -0.017430545864159944 -0.03525210293082358 -0.019730654625460958 -10.841727256774902 96.57689908683079 0.9258971802632636 -5.287815439623537 0.0 96.23191649521375 0.7157108641723272
GMC225 H40a ../products_1pc/GMC225_H40a_12p7fT_2024_1.5_4asec_grid_K.fits 56 0.004401787051132747 0.0003065921329147187 -0.04466724369768305 -0.016889107069770707 -0.06455978450908266 -0.0202351563386677 -19.6483154296875 99.94726181027903 2.3090462986522713 -4.067266424072208 0.0 99.0547591080549 1.7638593619597445
GMC225 H40a ../products_1pc/GMC225_H40a_12p7fT_2024_1.5_4asec_grid_K.fits 57 0.03629089891910553 0.0032991726290095935 0.0 0.0 -0.03126304149627685 -0.014210473407398568 -1.0931109189987183 98.20319378137447 nan -0.625260829925537 0.0 97.9547446744418 0.7747855512140889
GMC225 H40a ../products_1pc/GMC225_H40a_12p7fT_2024_1.5_4asec_grid_K.fits 58 nan 0.0 -0.010795956980100156 -0.005272444106560542 -0.010838703030631655 -0.005293320084727087 -0.35372886061668396 98.57214610860355 0.6224437649969894 -0.22761276364326474 0.0 98.83061600039643 0.6742512928921535
GMC225 H40a ../products_1pc/GMC225_H40a_12p7fT_2024_1.5_4asec_grid_K.fits 59 nan 0.0 -0.05466212876475929 -0.037453680820298034 -0.04706429596329511 -0.03224775834522072 -8.15456485748291 99.52333283819733 1.6085056551606118 -1.741378950641919 0.0 99.75281380682158 1.9762921308022052
GMC225 H40a ../products_1pc/GMC225_H40a_12p7fT_2024_1.5_4asec_grid_K.fits 60 0.042299628257751465 0.02856598271952047 0.0 0.0 0.03493335395626383 0.023591355918515834 1.262467861175537 93.1235594666011 nan 1.8165344057257191 0.0 98.03545341503745 0.8248252217666712
GMC225 H40a ../products_1pc/GMC225_H40a_12p7fT_2024_1.5_4asec_grid_K.fits 61 0.030073970556259155 0.020504979924722153 0.029064894182881683 0.01981697330651024 0.030073970556259152 0.02050497992472215 1.7679953575134277 98.44272611560095 0.8089118270165816 0.9022191166877745 0.0 98.26575287434935 0.7311013485997114
GMC225 H40a ../products_1pc/GMC225_H40a_12p7fT_2024_1.5_4asec_grid_K.fits 62 0.01818097058464499 0.007105206895148617 0.0 0.0 0.015929902136089497 0.004431076226360527 6.72074031829834 112.69005820320022 nan 1.927518158466829 0.0 111.30721545930376 2.463741123558196
GMC225 H40a ../products_1pc/GMC225_H40a_12p7fT_2024_1.5_4asec_grid_K.fits 63 0.017200925440158485 0.004875128600686629 0.0 0.0 0.010955775736583776 0.002885411524207224 15.684207916259766 109.06715795535277 nan 2.1582878201070037 0.0 108.83470538142171 3.9582364632227427
GMC225 H40a ../products_1pc/GMC225_H40a_12p7fT_2024_1.5_4asec_grid_K.fits 64 0.04930413564046224 0.009817195149649561 0.0 0.0 0.01938741398832625 0.005747596182379906 6.297750949859619 109.63744937143291 nan 1.2989567372178588 0.0 108.21239631407848 2.380747789957678
GMC225 H40a ../products_1pc/GMC225_H40a_12p7fT_2024_1.5_4asec_grid_K.fits 65 0.009844637896916638 0.006716435200700136 0.012156282228008483 0.007384657428229452 0.009844637896916636 0.006716435200700135 2.7600409984588623 102.29676426199187 1.393514422956186 0.7186585664749144 0.0 102.57454525378752 1.5832069841458014
GMC225 H40a ../products_1pc/GMC225_H40a_12p7fT_2024_1.5_4asec_grid_K.fits 66 0.05409121513366699 0.0197640978373014 0.0 0.0 0.07141602059108663 0.015107235125037559 2.699026107788086 99.47350209665426 nan 0.785576226501953 0.0 100.72867263600408 1.569742325232413
GMC225 H40a ../products_1pc/GMC225_H40a_12p7fT_2024_1.5_4asec_grid_K.fits 67 nan 0.0 -0.021496123113568296 -0.021496123113568296 -0.01888785110070155 -0.01888785110070155 -0.8169605135917664 100.75745221749115 0.5831464595666217 -0.4910841286182403 0.0 100.75825120856737 0.6527797189492879
GMC225 H40a ../products_1pc/GMC225_H40a_12p7fT_2024_1.5_4asec_grid_K.fits 68 nan 0.0 -0.03131569360115485 -0.02323422428472779 -0.030673639463198826 -0.022757861537212033 -2.1303815841674805 102.01019683580088 1.179988008481763 -0.705493707653573 0.0 102.32716057026359 1.180648960836758
GMC225 H40a ../products_1pc/GMC225_H40a_12p7fT_2024_1.5_4asec_grid_K.fits 69 0.019992841828253963 0.018228767549290377 0.021160437311435524 0.019293339901602976 0.01999284182825396 0.018228767549290373 0.6029972434043884 100.02650099613359 0.3667237694555836 0.6197780966758727 0.0 99.9665551334489 0.30116829211440477
GMC225 H40a ../products_1pc/GMC225_H40a_12p7fT_2024_1.5_4asec_grid_K.fits 70 0.03649630733564788 0.017897227635750405 0.07296105702700553 0.0357789798882431 0.03625962907053826 0.017781164255744723 4.395193099975586 103.23345101264046 0.4712232744310178 1.849241082597451 0.0 103.35546554765872 1.0297044452672435
GMC225 H40a ../products_1pc/GMC225_H40a_12p7fT_2024_1.5_4asec_grid_K.fits 71 0.03003881374994914 0.006700107156122484 0.011100264792649023 0.004951790985568337 0.019863025284036755 0.005094976745719465 9.330467224121094 105.67441329288478 2.794466274103916 1.370548744598536 0.0 104.5816465335008 2.530198448912241
GMC225 H40a ../products_1pc/GMC225_H40a_12p7fT_2024_1.5_4asec_grid_K.fits 72 0.031533274650573734 0.012715030101037795 0.6099597352450122 0.009838060245887294 0.4638172967719628 0.007480924141483271 4.628300666809082 108.12626283000644 1.5135628761287039 0.9276345935439256 0.0 107.89259612674701 2.20058778064938
GMC225 H40a ../products_1pc/GMC225_H40a_12p7fT_2024_1.5_4asec_grid_K.fits 73 nan 0.0 -0.034018199920721 -0.026522664344968916 -0.026693592900815213 -0.020811953787076266 -1.8559849262237549 105.66159226623454 0.4731679823204323 -1.2279052734374998 0.0 105.72491983591257 0.5925524966976067
GMC225 H40a ../products_1pc/GMC225_H40a_12p7fT_2024_1.5_4asec_grid_K.fits 74 0.008386776635521337 0.0014486250552264127 -0.0667879336482777 -0.0248936843598126 -0.03900852145218267 -0.01453953981399536 -2.9150848388671875 108.58752848364799 0.4246972029940915 -1.5993493795394895 0.0 108.55352446059828 0.7025033705786263
GMC225 H40a ../products_1pc/GMC225_H40a_12p7fT_2024_1.5_4asec_grid_K.fits 75 0.010744903087615967 0.009768093716014515 0.016706682634849236 0.015187893304408395 0.010744903087615965 0.009768093716014514 1.0465632677078247 107.51334226124472 0.49982195236391697 0.5372451543807982 0.0 107.55358369718412 0.7383575569514655
GMC225 H40a ../products_1pc/GMC225_H40a_12p7fT_2024_1.5_4asec_grid_K.fits 76 0.0041772645452748175 0.002208668610145306 -0.021942798426622518 -0.006809833994469057 -0.036556104689474136 -0.01134499800707818 -2.6763927936553955 112.82711711306429 1.8022047912293386 -0.9870148266158016 0.0 113.46987663527139 0.7905600887393102
GMC225 12CO21 ../products_1pc/GMC225_12CO21_12p7sT_2024_0.2_4asec_grid_K.fits 0 2.7825279811810395 1.2635847003148075 2.6991103598379222 1.1950965965632574 2.7191619398888767 1.2046919986849454 165451.046875 92.66336534229231 7.282462405780819 9136.384118026626 0.0 91.93194588096517 7.193770740525228
GMC225 12CO21 ../products_1pc/GMC225_12CO21_12p7sT_2024_0.2_4asec_grid_K.fits 1 2.810594362973598 1.2960671763223965 2.7618021101551347 1.2196154592926098 2.7415302936985544 1.2298982374124345 160228.59375 92.5971200988907 7.210286096832013 8940.130287750986 0.0 91.88475850070736 7.1184689342249206
GMC225 12CO21 ../products_1pc/GMC225_12CO21_12p7sT_2024_0.2_4asec_grid_K.fits 2 2.8232227270153984 1.303752603440463 2.7812673408387583 1.2273718814493406 2.753099536243846 1.2379735086986061 158642.703125 92.58699432292556 7.189748793533323 8878.746004386403 0.0 91.87173963792495 7.0970763361089855
GMC225 12CO21 ../products_1pc/GMC225_12CO21_12p7sT_2024_0.2_4asec_grid_K.fits 3 2.830468093587687 1.348882071973282 2.8021379052123594 1.2754052259309603 2.757869203134571 1.2817586628429747 156281.84375 92.51076797123453 7.117707115627203 8803.11849640555 0.0 91.82997619718736 7.06028165522227
GMC225 12CO21 ../products_1pc/GMC225_12CO21_12p7sT_2024_0.2_4asec_grid_K.fits 4 2.9152748979033345 1.4662800562214129 2.97249528454327 1.4789460699142103 2.8752986197678587 1.4305864892864986 139468.25 91.74415500397978 6.373240341937255 8444.752046258202 0.0 91.51501572920803 6.658358867574714
GMC225 12CO21 ../products_1pc/GMC225_12CO21_12p7sT_2024_0.2_4asec_grid_K.fits 5 2.8383062993726766 1.4890383121038517 2.8881119292020783 1.4832494224408528 2.8021154872961844 1.4390841768009008 147792.359375 91.83632328306263 6.46042285926129 8854.684939855943 0.0 91.58625669820911 6.721253495603476
GMC225 12CO21 ../products_1pc/GMC225_12CO21_12p7sT_2024_0.2_4asec_grid_K.fits 6 3.2009068375926906 1.5669239030737918 3.169436272382771 1.5981953076462385 3.0592919840080173 1.5426548046304687 122657.84375 91.96889399351366 6.350945836261942 7437.13881312349 0.0 91.88235796962047 6.655388534865464
GMC225 12CO21 ../products_1pc/GMC225_12CO21_12p7sT_2024_0.2_4asec_grid_K.fits 7 3.251499773324162 1.561688622507208 3.263163973831837 1.5672909139091404 3.156961005117667 1.5162818474844344 100294.046875 91.62811576262821 6.133855342207368 6310.765049230216 0.0 91.53864158550456 6.406436034625968
GMC225 12CO21 ../products_1pc/GMC225_12CO21_12p7sT_2024_0.2_4asec_grid_K.fits 8 3.290499987612315 1.5478930821885877 3.316048829671887 1.5599115827297887 3.5725721243164155 1.5064849136848932 95823.453125 91.55785783825263 6.093121438897552 6059.082322840641 0.0 91.45450949823535 6.380921066162745
GMC225 12CO21 ../products_1pc/GMC225_12CO21_12p7sT_2024_0.2_4asec_grid_K.fits 9 3.3057874380099888 1.5191063556616886 3.7659359516541704 1.55039307862256 3.6278503729171256 1.4935448134688554 89626.15625 91.40217833881614 5.963879285024096 5775.537793684064 0.0 91.33021821765016 6.269440481002897
GMC225 12CO21 ../products_1pc/GMC225_12CO21_12p7sT_2024_0.2_4asec_grid_K.fits 10 2.8353556667181707 1.4858641194331983 2.883351135891034 1.4792641940895217 2.797538678141529 1.43523927649431 148402.1875 91.86372732129585 6.481382636794341 8862.602532352365 0.0 91.60276108009117 6.742395550924704
GMC225 12CO21 ../products_1pc/GMC225_12CO21_12p7sT_2024_0.2_4asec_grid_K.fits 11 3.527466195144575 1.4958048926459417 3.777241489708945 1.601720892120503 3.5274661951445747 1.4958048926459417 48925.73828125 90.0095773843625 5.289055673809273 3446.3344726562495 0.0 89.7914018745752 5.729528820968081
GMC225 12CO21 ../products_1pc/GMC225_12CO21_12p7sT_2024_0.2_4asec_grid_K.fits 12 3.59397136365707 1.4888069779400663 3.8107112510896046 1.613876101508158 3.515395944109434 1.4888069779400663 53417.75 90.1565003081334 5.31586416504414 3698.1965332031245 0.0 90.02013569093624 5.8042429612749835
GMC225 12CO21 ../products_1pc/GMC225_12CO21_12p7sT_2024_0.2_4asec_grid_K.fits 13 3.435822482638889 1.6378391071901484 3.769664132460201 1.5733555807090247 3.685122838327529 1.5380703371833118 39554.7109375 89.24669046471575 5.312261018818282 2903.876796602093 0.0 88.65187129945298 5.487569381596989
GMC225 12CO21 ../products_1pc/GMC225_12CO21_12p7sT_2024_0.2_4asec_grid_K.fits 14 3.4680635221711884 2.1074709884312397 3.335347508986961 2.026822192439489 3.2211406301203076 1.957421017301823 23312.1796875 87.06617316548093 3.830191417522838 2344.990378727584 0.0 86.88928937010564 4.0056511512663535
GMC225 12CO21 ../products_1pc/GMC225_12CO21_12p7sT_2024_0.2_4asec_grid_K.fits 15 3.534298929928813 1.972809100973195 3.519019289369182 1.9642801636780565 3.5324577970092292 1.922296538243169 15866.388671875 86.52905206331512 3.4724559682539513 1783.8911874896608 0.0 86.38527049999017 3.57253926429725
GMC225 12CO21 ../products_1pc/GMC225_12CO21_12p7sT_2024_0.2_4asec_grid_K.fits 16 3.4688076949238185 1.7088979085286458 3.901256134851127 1.5633710246278414 3.4060531871149067 1.5277150324559507 32144.484375 88.74479274297563 5.026136934884675 2493.2309329681116 0.0 88.10697632247572 5.185883322777415
GMC225 12CO21 ../products_1pc/GMC225_12CO21_12p7sT_2024_0.2_4asec_grid_K.fits 17 3.458768129982285 1.4730098901357978 3.803676387589323 1.5955066552241899 3.511644980890287 1.4730098901357978 56437.75 90.31635279226062 5.323183157839147 3904.9492187499995 0.0 90.23149132672744 5.790992967833242
GMC225 12CO21 ../products_1pc/GMC225_12CO21_12p7sT_2024_0.2_4asec_grid_K.fits 18 3.6510749876968505 2.045675838694853 3.5111383521372987 1.967270164947516 3.438401397809922 1.926516077302324 10331.923828125 86.04817480509456 3.081189031535373 1310.0309325655803 0.0 85.96608553255605 3.1655415420408413
GMC225 12CO21 ../products_1pc/GMC225_12CO21_12p7sT_2024_0.2_4asec_grid_K.fits 19 3.45341651119403 1.3913835890519985 3.8548457063982027 1.5285751810655765 3.5088683374219443 1.3913835890519983 58239.2109375 90.48864967211965 5.376664476406741 3933.4414062499995 0.0 90.44206171218518 5.932472641719637
GMC225 12CO21 ../products_1pc/GMC225_12CO21_12p7sT_2024_0.2_4asec_grid_K.fits 20 1.5746301923479353 0.9185342788696289 1.9695740393323657 1.1489181896105467 1.5746301923479349 0.9185342788696287 99.7167739868164 79.65737003691716 0.9618042232227462 33.06723403930663 0.0 79.68544935801921 1.1980043249253927
GMC225 12CO21 ../products_1pc/GMC225_12CO21_12p7sT_2024_0.2_4asec_grid_K.fits 21 2.0682016504873144 1.0444418334960937 3.4783674524425487 1.1304694220438283 3.21366717998798 1.0444418334960937 8823.3857421875 87.5970975248279 3.8922123414069865 835.5534667968749 0.0 87.65416197330342 4.336497627939781
GMC225 12CO21 ../products_1pc/GMC225_12CO21_12p7sT_2024_0.2_4asec_grid_K.fits 22 3.6337672505632836 2.272885790058211 4.485708134464145 2.260445079524089 4.172486687834632 2.1026060368107853 7782.9423828125 85.36060934381365 2.6933310963956747 1072.3290787735004 0.0 85.46083775612519 2.973560178201021
GMC225 12CO21 ../products_1pc/GMC225_12CO21_12p7sT_2024_0.2_4asec_grid_K.fits 23 3.7026488007945817 2.2984663106627385 4.766080069158265 2.302259016457806 4.431681657730563 2.14072758042917 7259.72314453125 85.30831411966243 2.6652254001530933 1010.4234179625684 0.0 85.41072985141491 2.944634968601245
GMC225 12CO21 ../products_1pc/GMC225_12CO21_12p7sT_2024_0.2_4asec_grid_K.fits 24 3.595354015700483 1.4944543800200802 3.8056465498451884 1.617017690657112 3.5171941457939506 1.4944543800200802 53921.60546875 90.1899256807844 5.342675067662638 3721.1914062499995 0.0 90.0374368185417 5.823310438353339
GMC225 12CO21 ../products_1pc/GMC225_12CO21_12p7sT_2024_0.2_4asec_grid_K.fits 25 3.852900807450457 2.6328155517578127 4.889604238731493 2.4176376513727935 3.4312793180399783 2.344707533993985 5231.99462890625 85.42751135916228 2.3981903104631312 844.0947122378346 0.0 85.58944285126205 2.490829671615636
GMC225 12CO21 ../products_1pc/GMC225_12CO21_12p7sT_2024_0.2_4asec_grid_K.fits 26 3.4688076949238185 1.6902553858901515 3.8090722301660804 1.5859591649236953 3.47008214654267 1.5457638652780985 32772.9375 88.78762454384686 4.996311308245224 2550.5103777088625 0.0 88.21965974266723 5.178206975295957
GMC225 12CO21 ../products_1pc/GMC225_12CO21_12p7sT_2024_0.2_4asec_grid_K.fits 27 3.303707758585612 1.9884385255436912 4.806282143743064 1.9737396891233272 4.4821442944016585 1.8406297886100853 5683.259765625 87.78570374646586 3.6010322876758867 587.1609025666172 0.0 87.6096629802673 3.960703618399766
GMC225 12CO21 ../products_1pc/GMC225_12CO21_12p7sT_2024_0.2_4asec_grid_K.fits 28 4.113538240131579 3.006047175480769 4.974575086253652 3.635266409185361 4.113538240131578 3.0060471754807687 240.9694366455078 82.31094522267455 1.0170971484267917 78.15722656249999 0.0 82.22710657968221 1.2516868442155447
GMC225 12CO21 ../products_1pc/GMC225_12CO21_12p7sT_2024_0.2_4asec_grid_K.fits 29 3.6394132288490852 1.9895458984375 4.639149041020123 1.9175149369549842 4.268148299039388 1.764167963602947 2209.369140625 88.42010944076274 3.0644203293983985 264.62519454044207 0.0 88.34299999324618 3.4310312724155536
GMC225 12CO21 ../products_1pc/GMC225_12CO21_12p7sT_2024_0.2_4asec_grid_K.fits 30 3.161877223423549 1.427944552513861 4.3155564417382655 1.4617207302661868 3.9661725499461586 1.3433810249817635 353.3890380859375 88.0560635943361 1.5556326295365948 83.28962354886933 0.0 88.35801165759038 1.7406483511296273
GMC225 12CO21 ../products_1pc/GMC225_12CO21_12p7sT_2024_0.2_4asec_grid_K.fits 31 3.346956253051758 1.673478126525879 5.622557223987806 1.4056393059969514 4.733234858056725 1.1833087145141812 210.10638427734375 87.17946239022503 1.8634830365286523 37.8658788644538 0.0 86.91317654604939 2.363960493484699
GMC225 12CO21 ../products_1pc/GMC225_12CO21_12p7sT_2024_0.2_4asec_grid_K.fits 32 3.633034380744485 2.221639729232239 3.8821290334031433 2.401892783256621 3.5907897949218746 2.2216397292322387 8942.7373046875 93.36073072300195 3.56197499991404 926.4237670898436 0.0 93.08599579907873 3.942204759313216
GMC225 12CO21 ../products_1pc/GMC225_12CO21_12p7sT_2024_0.2_4asec_grid_K.fits 33 nan 0.0 0.0 0.0 5.487729704801445e-07 4.1631052932976476e-07 0.0 nan nan 1.2073005350563177e-05 0.0 87.54041533851407 0.4778025440764658
GMC225 12CO21 ../products_1pc/GMC225_12CO21_12p7sT_2024_0.2_4asec_grid_K.fits 34 3.8380574977144284 2.0975430510764896 3.74249872763815 1.8168525799871253 4.062592071832461 1.9722467325465727 5501.15625 95.10050815648216 3.5114453503366883 678.452875996021 0.0 95.45618489003188 3.1076761250502547
GMC225 12CO21 ../products_1pc/GMC225_12CO21_12p7sT_2024_0.2_4asec_grid_K.fits 35 3.713142188819679 2.410285280461897 6.996354292968586 2.332118097656195 6.023741803291649 2.00791393443055 345.26068115234375 88.98992183051499 1.03617186070373 114.45109426254135 0.0 89.10750878959064 1.2778068881761202
GMC225 12CO21 ../products_1pc/GMC225_12CO21_12p7sT_2024_0.2_4asec_grid_K.fits 36 5.211941458962181 3.52808344914363 9.4415656696754 2.4693325597612588 5.850629557683863 2.2502421375707167 920.4400634765625 92.30989821948756 2.2877714711558856 146.2657389420966 0.0 92.88894240640035 2.5640271345867096
GMC225 12CO21 ../products_1pc/GMC225_12CO21_12p7sT_2024_0.2_4asec_grid_K.fits 37 5.348620695226333 4.546327590942383 4.290216674564654 3.646684173379956 3.8396358335995906 3.263690458559652 238.26878356933594 90.22317909274582 1.3033140155036158 65.27380917119304 0.0 90.08195127962553 1.5090305480833417
GMC225 12CO21 ../products_1pc/GMC225_12CO21_12p7sT_2024_0.2_4asec_grid_K.fits 38 4.091818477330583 2.5466562551218312 4.834464398267468 1.757987053915443 4.645281933382568 1.6891934303209337 1975.483642578125 93.3547316031317 3.1349584834300903 241.55466053589353 0.0 92.63847352322941 3.267351130779054
GMC225 12CO21 ../products_1pc/GMC225_12CO21_12p7sT_2024_0.2_4asec_grid_K.fits 39 0.8845511542426215 0.5686400277273995 1.2787501267536139 0.5937054159927493 1.1227501834697333 0.5212768708966619 132.09210205078125 90.5178150227313 1.5849949377143453 29.191504770213065 0.0 90.68824207769117 1.8946207652266978
GMC225 12CO21 ../products_1pc/GMC225_12CO21_12p7sT_2024_0.2_4asec_grid_K.fits 40 3.478350972020349 2.9913818359375 4.010050895648452 2.887236644866886 3.7474443105851183 2.698159903621285 564.655517578125 91.16866043706646 1.560419096400421 134.90799518106425 0.0 91.11659085544736 1.7146505736424094
GMC225 12CO21 ../products_1pc/GMC225_12CO21_12p7sT_2024_0.2_4asec_grid_K.fits 41 3.903797403971354 2.927848052978516 6.096645004790041 2.4386580019160164 4.220718055406445 2.215876979088384 921.1605224609375 92.52114201666427 1.883668595379151 177.2701583270707 0.0 92.2507781507711 2.1425059167180303
GMC225 12CO21 ../products_1pc/GMC225_12CO21_12p7sT_2024_0.2_4asec_grid_K.fits 42 4.312504521122685 3.1469627586570947 7.653636522902271 3.1028256173928126 3.859815197975163 2.816621901225119 389.35614013671875 90.6945841294088 1.3530006376240504 104.2150103453294 0.0 90.4555334889816 1.5434844187879448
GMC225 12CO21 ../products_1pc/GMC225_12CO21_12p7sT_2024_0.2_4asec_grid_K.fits 43 2.4634244582232308 1.4956505639212472 2.5591276173205464 1.553756053373189 2.402847343523693 1.4588716014250995 280.76641845703125 92.26198005082306 1.28731362894336 81.69680967980557 0.0 92.03278486180199 1.3940420880126958
GMC225 12CO21 ../products_1pc/GMC225_12CO21_12p7sT_2024_0.2_4asec_grid_K.fits 44 3.893321616976869 3.0314412590201574 4.459585730584288 3.472349194806087 3.8933216169768685 3.031441259020157 2470.0380859375 94.92270678577415 2.16630212964803 397.11880493164057 0.0 94.87064304546828 2.4730571988120347
GMC225 12CO21 ../products_1pc/GMC225_12CO21_12p7sT_2024_0.2_4asec_grid_K.fits 45 1.7378296390656502 1.252853925838027 2.280928713461452 1.6443904678443027 1.73782963906565 1.2528539258380267 85.60505676269531 90.37068703986819 0.4829877091963655 53.87271881103515 0.0 90.31200922840178 0.625498428610196
GMC225 12CO21 ../products_1pc/GMC225_12CO21_12p7sT_2024_0.2_4asec_grid_K.fits 46 nan 0.0 0.0 0.0 1.7194607083823412e-09 1.1278183141002454e-09 0.0 nan nan 1.0488710321132282e-07 0.0 93.47440225810314 1.0954764383240274
GMC225 12CO21 ../products_1pc/GMC225_12CO21_12p7sT_2024_0.2_4asec_grid_K.fits 47 3.563937828189037 2.3376366399949595 5.472977334890463 2.0008734342610293 5.095114316406011 1.8627299651376816 803.278564453125 93.808541508433 1.7221607109833201 173.23388675780438 0.0 93.54391290690782 1.8863318245299072
GMC225 12CO21 ../products_1pc/GMC225_12CO21_12p7sT_2024_0.2_4asec_grid_K.fits 48 3.4718266148721018 2.5625386919294084 3.3416985109898927 2.4664917581115877 3.4718266148721013 2.562538691929408 270.09222412109375 92.90737351435791 1.0401433288433046 107.62662506103514 0.0 92.71109400291616 0.939295991387822
GMC225 12CO21 ../products_1pc/GMC225_12CO21_12p7sT_2024_0.2_4asec_grid_K.fits 49 3.651177768049569 2.714978340344551 2.70201773965784 2.009192678207112 3.5973389436583187 2.674944342720288 703.2025146484375 95.60883088952 1.1933917530498077 312.9684880982737 0.0 96.05500282082585 0.691011638629396
GMC225 12CO21 ../products_1pc/GMC225_12CO21_12p7sT_2024_0.2_4asec_grid_K.fits 50 3.6287173622532896 2.0159540901407165 4.899067010380597 1.4611252487100026 5.283600017477026 1.5758105315282358 1396.083251953125 97.15293418743356 2.2291424740721895 269.4636008913283 0.0 96.77664635658007 1.9597169512267092
GMC225 12CO21 ../products_1pc/GMC225_12CO21_12p7sT_2024_0.2_4asec_grid_K.fits 51 5.419068400065104 2.463212909120502 7.061478186233298 3.2097628119242265 5.419068400065103 2.4632129091205015 203.3172149658203 94.11747342152262 0.7657682168346773 81.28602600097655 0.0 94.17531827354863 1.0000056985691355
GMC225 12CO21 ../products_1pc/GMC225_12CO21_12p7sT_2024_0.2_4asec_grid_K.fits 52 nan 0.0 -0.2959793393362622 -0.2959793393362622 -0.26945499663657324 -0.26945499663657324 -20.537092208862305 95.80905481650036 0.5889653762328082 -12.664384841918944 0.0 95.8058611847037 0.6391269332265159
GMC225 12CO21 ../products_1pc/GMC225_12CO21_12p7sT_2024_0.2_4asec_grid_K.fits 53 0.6366734018131178 0.2418371836344401 0.6965504486920194 0.2645811781853407 0.6253882091114045 0.2375505600500684 193.67825317382812 96.76308261123661 1.1319109812816441 61.28804449291764 0.0 96.83852803307134 1.31809856862638
GMC225 12CO21 ../products_1pc/GMC225_12CO21_12p7sT_2024_0.2_4asec_grid_K.fits 54 1.083888748317089 0.3189729745047433 0.918379601130082 0.25452234659890843 0.8020863995993024 0.23604256902493756 662.92333984375 100.9405157662004 2.9687895493274628 82.61489915872815 0.0 100.36683557620663 3.2606567287833843
GMC225 12CO21 ../products_1pc/GMC225_12CO21_12p7sT_2024_0.2_4asec_grid_K.fits 55 nan 0.0 -0.01006687334429628 -0.002591844256553893 -0.005701637665430704 -0.0031912151112485285 -1.7488411664962769 96.79242848991329 1.0044232064313467 -0.8552456498146056 0.0 96.39207123777348 0.6850632362604443
GMC225 12CO21 ../products_1pc/GMC225_12CO21_12p7sT_2024_0.2_4asec_grid_K.fits 56 1.2374827736302425 0.4679039343079524 1.0248714558072558 0.35182154453084896 0.9007225387375936 0.34057170618933885 501.6856689453125 100.96299046759229 2.8302400532688963 68.45491294405711 0.0 100.05879811669281 2.848309164620996
GMC225 12CO21 ../products_1pc/GMC225_12CO21_12p7sT_2024_0.2_4asec_grid_K.fits 57 3.529915279812283 2.888112501664595 6.520570956309934 2.9638958892317877 5.691737977276829 2.5871536260349224 292.41387939453125 97.73474386593442 0.8945248863045955 113.83475954553658 0.0 97.61761617274122 1.0769977379745692
GMC225 12CO21 ../products_1pc/GMC225_12CO21_12p7sT_2024_0.2_4asec_grid_K.fits 58 0.07099152165789936 0.07099152165789936 0.0 0.0 0.07099152165788618 0.07099152165788618 3.2745320796966553 97.72108084505871 nan 3.0526354312891057 0.0 97.84385970419179 0.43274079081918987
GMC225 12CO21 ../products_1pc/GMC225_12CO21_12p7sT_2024_0.2_4asec_grid_K.fits 59 3.474228317673142 2.380489773220486 2.878928084636165 1.9725988728062613 3.474228317673141 2.3804897732204857 409.657958984375 99.77072787209417 1.5342598575471067 128.54644775390622 0.0 100.46320406718549 0.9802209981154796
GMC225 12CO21 ../products_1pc/GMC225_12CO21_12p7sT_2024_0.2_4asec_grid_K.fits 60 4.3560650165264425 2.941758192978896 8.538563562629125 1.8851374099311056 4.041892293030282 2.7295896004879823 581.0106201171875 99.0336400775353 1.5968363105660537 210.17839923757464 0.0 98.0753804421299 0.8248252217666714
GMC225 12CO21 ../products_1pc/GMC225_12CO21_12p7sT_2024_0.2_4asec_grid_K.fits 61 3.3490005493164063 2.2834094654430044 3.0258942857650224 2.0631097402943337 3.2585361236419885 2.221729175210447 207.10533142089844 98.28690713928647 0.9101780101730435 97.75608370925966 0.0 98.0662546662826 0.7896205494973809
GMC225 12CO21 ../products_1pc/GMC225_12CO21_12p7sT_2024_0.2_4asec_grid_K.fits 62 2.257032783867801 0.9910189924568965 3.050927954341295 0.9538533374492325 2.916025264137139 0.9116768641900022 5094.9375 107.3721343021175 4.8986686692286945 396.57943592265093 0.0 107.15987855285866 5.192499020303636
GMC225 12CO21 ../products_1pc/GMC225_12CO21_12p7sT_2024_0.2_4asec_grid_K.fits 63 1.8973460170200893 0.8877955961992396 2.451687366599472 0.7604164024747024 2.457458323350159 0.7622063248893541 6504.830078125 107.0661583292514 4.562395686630774 570.1303310172369 0.0 106.62008309635053 4.520374856851627
GMC225 12CO21 ../products_1pc/GMC225_12CO21_12p7sT_2024_0.2_4asec_grid_K.fits 64 2.175 0.9623893805309734 2.330758313637621 0.979743538918469 2.1749999999999985 0.9623893805309728 1737.5489501953125 105.17529186419985 3.130590528115483 217.49999999999986 0.0 105.75324358304573 3.141126525841148
GMC225 12CO21 ../products_1pc/GMC225_12CO21_12p7sT_2024_0.2_4asec_grid_K.fits 65 3.4199337893969393 2.333225856317538 3.9302191924600542 2.387516331868257 3.840848717322715 2.333225856317537 856.2789916992188 101.89172095493174 1.337196484197198 249.65516662597648 0.0 102.15839815293171 1.3395672851932245
GMC225 12CO21 ../products_1pc/GMC225_12CO21_12p7sT_2024_0.2_4asec_grid_K.fits 66 2.4686985845151157 1.0919243739201472 1.952620451866908 0.8636590460180554 2.5664601538558207 0.8390350502990184 316.5367431640625 103.99680455258807 2.811826538647791 43.62982261554895 0.0 104.85425466239035 2.8246086916831135
GMC225 12CO21 ../products_1pc/GMC225_12CO21_12p7sT_2024_0.2_4asec_grid_K.fits 67 3.166003887469952 3.166003887469952 3.298884805862417 3.298884805862417 3.166003887469951 3.166003887469951 129.1341094970703 100.95767548910052 0.6006348666305826 82.31610107421874 0.0 100.95408558920258 0.6291999150783532
GMC225 12CO21 ../products_1pc/GMC225_12CO21_12p7sT_2024_0.2_4asec_grid_K.fits 68 2.294144340183424 1.7021070911038307 2.4938006675453708 1.850239204953017 2.294144340183393 1.7021070911038076 171.73448181152344 102.0862440937375 1.1944775644988137 52.76531982421804 0.0 102.22587211136099 1.3145458687139646
GMC225 12CO21 ../products_1pc/GMC225_12CO21_12p7sT_2024_0.2_4asec_grid_K.fits 69 1.1599869266633065 1.0576351390165442 1.0093004531393392 0.9202445308035151 1.1599869266633063 1.057635139016544 52.39282989501953 100.41537306583307 0.668035836107766 35.95959472656249 0.0 100.18731836034337 0.5153199612101336
GMC225 12CO21 ../products_1pc/GMC225_12CO21_12p7sT_2024_0.2_4asec_grid_K.fits 70 3.166622386259191 1.5528629009540265 2.608201813467823 1.479652951871169 3.1666223862591907 1.5528629009540262 455.11383056640625 103.68502359826918 1.1798774345829606 161.49774169921872 0.0 103.44465787465501 1.0125535883419114
GMC225 12CO21 ../products_1pc/GMC225_12CO21_12p7sT_2024_0.2_4asec_grid_K.fits 71 1.8086097717285157 0.8068147680573304 1.714258937820751 0.7647251767230115 2.7854353369497606 0.71447969609492 1228.245849609375 105.72732946560701 2.381977761771072 192.1950382495335 0.0 105.3215106720475 2.5976732592022866
GMC225 12CO21 ../products_1pc/GMC225_12CO21_12p7sT_2024_0.2_4asec_grid_K.fits 72 1.8707847112341771 1.1918709047379032 1.6505898032406774 0.8785397339829412 1.870784711234177 1.191870904737903 502.9659118652344 107.00649803773236 1.84189778019503 147.79199218749997 0.0 106.2255933448845 1.032825752046773
GMC225 12CO21 ../products_1pc/GMC225_12CO21_12p7sT_2024_0.2_4asec_grid_K.fits 73 3.3321529885996943 2.5979497877217956 4.33286742606679 3.3781678237130905 3.332152988599694 2.597949787721795 240.0037078857422 105.6386594648838 0.4803909137415151 153.2790374755859 0.0 105.70007526448644 0.6135236334643789
GMC225 12CO21 ../products_1pc/GMC225_12CO21_12p7sT_2024_0.2_4asec_grid_K.fits 74 0.21356880374071074 0.15920583551580256 0.8578604934706483 0.14817590341765743 0.17661830355880803 0.13166091719838416 41.56222152709961 107.46963130709636 1.0172754170816123 14.482700891822258 0.0 107.61416495018662 1.19039396819227
GMC225 12CO21 ../products_1pc/GMC225_12CO21_12p7sT_2024_0.2_4asec_grid_K.fits 75 0.1479879379272461 0.13453448902476917 8482.794213713345 7711.631103375767 0.14798789830155876 0.13453445300141706 7.399397373199463 107.99999304018822 6.95981156041355e-06 7.399394915077938 0.0 108.00003705972058 0.1954982755723911
GMC225 12CO21 ../products_1pc/GMC225_12CO21_12p7sT_2024_0.2_4asec_grid_K.fits 76 1.9175823045813518 1.0138940920774964 1.6652009241501897 0.8804510633437784 1.6258276076697948 0.8596329879633398 324.5831604003906 112.38743851507826 1.6904859884429642 74.78806995281056 0.0 112.19961118873749 1.7366855293963859
GMC225 C18O21 ../products_1pc/GMC225_C18O21_12p7fT_2024_0.2_4asec_grid_K.fits 0 0.015006460794588415 0.0068146427975425234 0.010284847096292715 0.004553865578764627 0.009610690205497064 0.004255366259237756 569.48486328125 93.11721312247053 6.578300671605798 32.27269771005914 0.0 92.72966865346365 7.078696907573186
GMC225 C18O21 ../products_1pc/GMC225_C18O21_12p7fT_2024_0.2_4asec_grid_K.fits 1 0.015667975660155667 0.007225072831591938 0.01066703633017802 0.004710577331114519 0.010008679953103892 0.004490068142395349 569.1264038085938 92.90945406068353 6.630862063650044 32.63830532707179 0.0 92.48102371592627 6.921253101931308
GMC225 C18O21 ../products_1pc/GMC225_C18O21_12p7fT_2024_0.2_4asec_grid_K.fits 2 0.015854982938167554 0.007321765684775647 0.010914551881528001 0.004816586266736771 0.010175495567408105 0.004575567931524141 572.1134643554688 92.78278091713699 6.607126328677426 32.81597320489114 0.0 92.43533573515141 6.917204876186441
GMC225 C18O21 ../products_1pc/GMC225_C18O21_12p7fT_2024_0.2_4asec_grid_K.fits 3 0.01584737365704008 0.007552191901498571 0.011472802639532442 0.005221895901452885 0.010728400490663032 0.004986175650290681 572.7691650390625 92.50307635924221 6.3713461290934985 34.2450543661964 0.0 92.2958295394524 6.605974807197098
GMC225 C18O21 ../products_1pc/GMC225_C18O21_12p7fT_2024_0.2_4asec_grid_K.fits 4 0.01823487993280829 0.009171498987041811 0.01262112559179844 0.006279560539236324 0.012871775700407097 0.006404269902099889 578.7989501953125 91.86683234722192 6.229250068578446 37.80440523209565 0.0 91.75700814081132 6.008783565148733
GMC225 C18O21 ../products_1pc/GMC225_C18O21_12p7fT_2024_0.2_4asec_grid_K.fits 5 0.016049866044092947 0.00842011499924135 0.010997351881611567 0.005647916779764758 0.01127520005062968 0.005790611435070663 559.9757080078125 92.22324055452 6.428417124981894 35.62963215998979 0.0 92.04662952354852 6.153632332397796
GMC225 C18O21 ../products_1pc/GMC225_C18O21_12p7fT_2024_0.2_4asec_grid_K.fits 6 0.022740522055448083 0.01087733745278226 0.014444672882460794 0.007283758510114539 0.014722681726322177 0.0074239450895435 548.6290283203125 91.90688400686847 6.232986388746957 35.79083927668921 0.0 91.964252679352 6.021179243225683
GMC225 C18O21 ../products_1pc/GMC225_C18O21_12p7fT_2024_0.2_4asec_grid_K.fits 7 0.028610359945155216 0.012462898265393178 0.018167505386121538 0.008725815297178509 0.018353631382539645 0.008815211228663323 551.1923828125 91.54162405290198 6.0548749934935895 36.68890913369675 0.0 91.75336924916044 5.912013925198579
GMC225 C18O21 ../products_1pc/GMC225_C18O21_12p7fT_2024_0.2_4asec_grid_K.fits 8 0.03126603252482864 0.013184284227277318 0.021706560564501504 0.009153238865587904 0.01974301552702409 0.009287365832205265 547.3939208984375 91.40014913117075 5.931891156328592 37.353785377129576 0.0 91.61755397025858 5.750309104532088
GMC225 C18O21 ../products_1pc/GMC225_C18O21_12p7fT_2024_0.2_4asec_grid_K.fits 9 0.033621864702234314 0.013841740006712447 0.023494259146269552 0.009672319772656097 0.023805306592794038 0.009800374475233542 546.6469116210938 91.21290422778033 5.830585207290859 37.89804809572811 0.0 91.43896210139398 5.664889116554258
GMC225 C18O21 ../products_1pc/GMC225_C18O21_12p7fT_2024_0.2_4asec_grid_K.fits 10 0.01583712475261523 0.00829942278533812 0.010896078811415771 0.005590085453370877 0.011182086287793174 0.005736817710077534 562.2282104492188 92.30913033315876 6.497814218604234 35.424849359728775 0.0 92.09478088837949 6.211116060949661
GMC225 C18O21 ../products_1pc/GMC225_C18O21_12p7fT_2024_0.2_4asec_grid_K.fits 11 0.040302362510345364 0.01709002090824975 0.03901146850340859 0.014595436566813459 0.03895116834793955 0.014572876352397525 456.96270751953125 90.85440043613927 5.42114795469932 33.5759071159239 0.0 91.10106564656908 5.395126596605673
GMC225 C18O21 ../products_1pc/GMC225_C18O21_12p7fT_2024_0.2_4asec_grid_K.fits 12 0.039608683422944393 0.016774692013259863 0.03484900082763183 0.013580447987579555 0.03498381445473131 0.013632984054822831 466.8633728027344 90.8701181793077 5.52120892042516 33.86433239217991 0.0 91.00492074772171 5.446721939343227
GMC225 C18O21 ../products_1pc/GMC225_C18O21_12p7fT_2024_0.2_4asec_grid_K.fits 13 0.04164676790923075 0.016874882124238096 0.03403125713822513 0.013789148151876176 0.03391813669242635 0.013743312801751142 357.5575256347656 89.92546053295877 5.4791925330440625 25.947374569706156 0.0 89.81288877113545 5.479500497035952
GMC225 C18O21 ../products_1pc/GMC225_C18O21_12p7fT_2024_0.2_4asec_grid_K.fits 14 0.03318352999591974 0.018032118553709307 0.02796527346646134 0.016993922440387194 0.028559639467652644 0.015519470194859658 203.65435791015625 87.33606817142405 3.990738986318635 18.59232529344187 0.0 87.6651181669908 4.525302467460592
GMC225 C18O21 ../products_1pc/GMC225_C18O21_12p7fT_2024_0.2_4asec_grid_K.fits 15 0.03916502732496995 0.019202680423341948 0.0304273943993617 0.01698425678757474 0.028151600525081037 0.015713932189646528 142.42987060546875 86.66594359184462 3.605094239732313 14.582529071991978 0.0 86.77413283309514 4.011451697770294
GMC225 C18O21 ../products_1pc/GMC225_C18O21_12p7fT_2024_0.2_4asec_grid_K.fits 16 0.044137753775672355 0.01668688362719966 0.038414488567715885 0.014523124660711213 0.03718977863086005 0.014060106259338633 312.666015625 89.62305245808592 5.262723166802896 22.94609341524065 0.0 89.54177631756778 5.48957860113842
GMC225 C18O21 ../products_1pc/GMC225_C18O21_12p7fT_2024_0.2_4asec_grid_K.fits 17 0.03963716424626412 0.016626377458259414 0.031426301741932956 0.012873996111557597 0.03230817210980606 0.013235260245661781 468.4792785644531 90.79984891715227 5.476175409233378 35.08667491124938 0.0 90.96106547377192 5.210796769422973
GMC225 C18O21 ../products_1pc/GMC225_C18O21_12p7fT_2024_0.2_4asec_grid_K.fits 18 0.038378803123013554 0.021503417632159065 0.03209423685210744 0.017982212118607257 0.030240543214926856 0.016943598477775195 104.03316497802734 86.20393080160363 3.3941407502792598 11.521646964887132 0.0 86.14129153818315 3.689123257206957
GMC225 C18O21 ../products_1pc/GMC225_C18O21_12p7fT_2024_0.2_4asec_grid_K.fits 19 0.03974274797805391 0.015759328080438076 0.03168591544447929 0.01231794166023443 0.03244678225959958 0.012613729643898102 479.2121887207031 90.89230599993179 5.490020551780607 35.659013703299934 0.0 91.08357166692522 5.259304695700179
GMC225 C18O21 ../products_1pc/GMC225_C18O21_12p7fT_2024_0.2_4asec_grid_K.fits 20 0.023359055320421856 0.007786351773473952 0.0 0.0 -0.06456055360568395 -0.03048692809157298 -1.2902820110321045 78.66072884705466 nan -1.0975294112966272 0.0 79.0794717585545 0.5615548153104163
GMC225 C18O21 ../products_1pc/GMC225_C18O21_12p7fT_2024_0.2_4asec_grid_K.fits 21 0.030531611663616256 0.011525683403015137 0.020266732157816818 0.006586687951290466 0.010563719336286916 0.005189427123950947 42.659339904785156 88.45968655156449 3.2297367181901597 4.151541699160758 0.0 88.90725531636413 4.462945786902978
GMC225 C18O21 ../products_1pc/GMC225_C18O21_12p7fT_2024_0.2_4asec_grid_K.fits 22 0.03453141149379864 0.017401123046875 0.032736601480519184 0.01649667956959496 0.02850746390454732 0.014365525928369923 64.33343505859375 85.0170717835712 3.050563656843185 7.326418223468661 0.0 84.82240452240008 3.711921140136768
GMC225 C18O21 ../products_1pc/GMC225_C18O21_12p7fT_2024_0.2_4asec_grid_K.fits 23 0.03527837050588507 0.01704124676979194 0.03317922913034404 0.016027254749403478 0.034923187808799834 0.014502001717213492 55.372230529785156 84.65660016829513 2.920121658845297 6.844944810524768 0.0 84.26976588000988 3.3516492204178925
GMC225 C18O21 ../products_1pc/GMC225_C18O21_12p7fT_2024_0.2_4asec_grid_K.fits 24 0.03963702297390972 0.016841755143131118 0.03451500652838781 0.013611942333685472 0.034788077583433545 0.013719635416438452 467.0005187988281 90.79309199411267 5.496775264307217 34.161892186931745 0.0 90.95453049148779 5.39161401177433
GMC225 C18O21 ../products_1pc/GMC225_C18O21_12p7fT_2024_0.2_4asec_grid_K.fits 25 0.043083295393525886 0.0213022960556878 0.037964282165722264 0.018771228404162673 0.03556931207826849 0.017587048749810527 43.35038375854492 84.77268489077512 2.5592211567008807 6.33133754993179 0.0 84.66392340407455 2.784526157890617
GMC225 C18O21 ../products_1pc/GMC225_C18O21_12p7fT_2024_0.2_4asec_grid_K.fits 26 0.043474671986181414 0.01683655478737571 0.03801957852907474 0.014723945866714399 0.03709918482278839 0.014367502485916232 318.2025451660156 89.62346191706659 5.225231768185529 23.706379101761783 0.0 89.55975738923787 5.386236572410429
GMC225 C18O21 ../products_1pc/GMC225_C18O21_12p7fT_2024_0.2_4asec_grid_K.fits 27 0.0590362548828125 0.03553279290752351 0.03594388794422882 0.01870434294276484 0.031554602437468486 0.016420263337366046 51.736839294433594 87.13689910077986 3.4592091369917926 5.238064004619769 0.0 86.6680762492011 4.120020571608665
GMC225 C18O21 ../products_1pc/GMC225_C18O21_12p7fT_2024_0.2_4asec_grid_K.fits 28 0.12189392532621111 0.06563519056026752 0.06323468769073877 0.04620996408169372 0.1218939253262111 0.06563519056026751 3.364877700805664 81.97591495126589 1.1173014720859038 1.7065149545669553 0.0 81.33655484731635 0.5003829430744525
GMC225 C18O21 ../products_1pc/GMC225_C18O21_12p7fT_2024_0.2_4asec_grid_K.fits 29 0.10271822533956389 0.056152629852294925 0.07737837081330626 0.03198305993616659 0.07865127672169414 0.042996031274526135 35.731605529785156 88.13274000846178 2.9713329954268466 6.44940469117892 0.0 87.07993452818066 1.7245493367965834
GMC225 C18O21 ../products_1pc/GMC225_C18O21_12p7fT_2024_0.2_4asec_grid_K.fits 30 0.06512479555039179 0.022058398492874637 0.0 0.0 0.023774770447828174 0.010736993105470789 1.5675050020217896 89.5406912850017 nan 0.6656935725391889 0.0 88.83002767241275 1.1359727449488228
GMC225 C18O21 ../products_1pc/GMC225_C18O21_12p7fT_2024_0.2_4asec_grid_K.fits 31 0.18045711517333984 0.07331070303916931 0.1857355812931435 0.04643389532328587 0.13716727608794332 0.03857829639973406 6.310082912445068 87.49396669356996 1.6941818909214832 1.23450548479149 0.0 87.74163528166575 2.1923768372362664
GMC225 C18O21 ../products_1pc/GMC225_C18O21_12p7fT_2024_0.2_4asec_grid_K.fits 32 0.053864086375517005 0.03293847008574781 0.046111007637225414 0.027644488991142333 0.04197646443370609 0.025165746063372955 97.41423797607422 94.27827561348518 3.3712261113434505 10.494116108426523 0.0 93.94397325415247 3.834237797079671
GMC225 C18O21 ../products_1pc/GMC225_C18O21_12p7fT_2024_0.2_4asec_grid_K.fits 33 nan 0.0 0.0 0.0 5.487729704801445e-07 4.1631052932976476e-07 0.0 nan nan 1.2073005350563177e-05 0.0 87.54041533851407 0.4778025440764658
GMC225 C18O21 ../products_1pc/GMC225_C18O21_12p7fT_2024_0.2_4asec_grid_K.fits 34 0.07489413481492263 0.039624222489290456 0.057337629756529486 0.027835419096919837 0.057972080981413855 0.028143423034581724 91.84669494628906 94.82465097645071 3.8266381046653364 9.681337523896113 0.0 95.1571981345577 3.7586533344730326
GMC225 C18O21 ../products_1pc/GMC225_C18O21_12p7fT_2024_0.2_4asec_grid_K.fits 35 0.06669826765318175 0.04329536672224078 0.0 0.0 0.06669826765318174 0.043295366722240776 2.471902847290039 90.94059869528213 nan 2.467835903167724 0.0 89.88810345994918 0.525194784951283
GMC225 C18O21 ../products_1pc/GMC225_C18O21_12p7fT_2024_0.2_4asec_grid_K.fits 36 0.19525372982025146 0.07209368485670824 0.20256685694983012 0.05297902412534019 0.16773442999909108 0.04386900476899305 21.855587005615234 92.00446663656415 2.5319506129601486 2.8514853099845485 0.0 92.11982632941233 3.3077754939179504
GMC225 C18O21 ../products_1pc/GMC225_C18O21_12p7fT_2024_0.2_4asec_grid_K.fits 37 0.21044624553007238 0.1788793087005615 0.14446842204835728 0.1227981587411037 0.21043859346080834 0.1788728044416871 7.3453192710876465 89.93243519627715 1.1931605694766125 3.577456088833742 0.0 89.77863962094871 0.6461741412807689
GMC225 C18O21 ../products_1pc/GMC225_C18O21_12p7fT_2024_0.2_4asec_grid_K.fits 38 0.04332864418458403 0.026966778548447402 0.0 0.0 0.02710340526770152 0.016868552928849197 1.7506695985794067 82.57405235412645 nan 2.4122030688254354 0.0 91.45876777532426 1.555843110121376
GMC225 C18O21 ../products_1pc/GMC225_C18O21_12p7fT_2024_0.2_4asec_grid_K.fits 39 0.03456581097382765 0.016048412237848555 0.0 0.0 -0.11160376071450709 -0.029893864477100112 -2.2349061965942383 86.98805660806693 nan -1.6740564107176064 0.0 89.24324453323916 0.8198751948366257
GMC225 C18O21 ../products_1pc/GMC225_C18O21_12p7fT_2024_0.2_4asec_grid_K.fits 40 0.11738979816436768 0.08452065467834473 0.1044473777168596 0.03969000353240665 0.08272266160459041 0.05956031635530509 4.404545307159424 90.36646864773805 0.8854417700088636 2.9780158177652547 0.0 90.81859297108333 0.7467771758475898
GMC225 C18O21 ../products_1pc/GMC225_C18O21_12p7fT_2024_0.2_4asec_grid_K.fits 41 0.03971532185872396 0.02978649139404297 0.0 0.0 0.03971532185872395 0.029786491394042963 4.373167991638184 91.2365055456768 nan 2.382919311523437 0.0 91.27537615001287 0.9261803363143154
GMC225 C18O21 ../products_1pc/GMC225_C18O21_12p7fT_2024_0.2_4asec_grid_K.fits 42 0.07981159068919995 0.05824089050292969 0.07579957056922496 0.0553132001451101 0.07981159068919992 0.058240890502929674 6.179497718811035 90.23164814798524 1.2045719135369333 2.154912948608398 0.0 89.76267400181163 0.994611913844976
GMC225 C18O21 ../products_1pc/GMC225_C18O21_12p7fT_2024_0.2_4asec_grid_K.fits 43 0.10818531115849812 0.03477385001523154 0.0 0.0 0.11873089289091653 0.033923112254547576 3.7178616523742676 93.36575723288719 nan 1.8996942862546644 0.0 93.3735436537735 0.9003596289964857
GMC225 C18O21 ../products_1pc/GMC225_C18O21_12p7fT_2024_0.2_4asec_grid_K.fits 44 0.1080770305558747 0.08415158104350548 0.0987328894602161 0.07687599026673315 0.09516987033632653 0.07410173110156722 53.47672653198242 94.78588518068187 2.118423873260963 9.707326774305306 0.0 94.56208928841878 2.209199243566126
GMC225 C18O21 ../products_1pc/GMC225_C18O21_12p7fT_2024_0.2_4asec_grid_K.fits 45 0.0011909892482142295 0.0008586201556893282 0.0 0.0 -0.012455237262389156 -0.004924163568851527 -0.17481839656829834 91.21117888853809 nan -0.21173903346061565 0.0 90.72761993367827 0.3399877660240713
GMC225 C18O21 ../products_1pc/GMC225_C18O21_12p7fT_2024_0.2_4asec_grid_K.fits 46 nan 0.0 0.0 0.0 1.7194607083823412e-09 1.1278183141002454e-09 0.0 nan nan 1.0488710321132282e-07 0.0 93.47440225810314 1.0954764383240274
GMC225 C18O21 ../products_1pc/GMC225_C18O21_12p7fT_2024_0.2_4asec_grid_K.fits 47 0.032306832236212654 0.01285325583591256 0.0 0.0 -0.09593560132062724 -0.03301009937914055 -8.666630744934082 95.09592704460276 nan -3.0699392422600718 0.0 94.52360067080384 1.4120837489701286
GMC225 C18O21 ../products_1pc/GMC225_C18O21_12p7fT_2024_0.2_4asec_grid_K.fits 48 0.15041949351628622 0.0859539962950207 0.08172834733044594 0.06032330398199582 0.1504194935162862 0.08595399629502068 6.292313098907471 92.79600883021797 0.9907999581985647 3.6100678443908687 0.0 92.27021532302372 0.5674654884215891
GMC225 C18O21 ../products_1pc/GMC225_C18O21_12p7fT_2024_0.2_4asec_grid_K.fits 49 0.14069125056266785 0.028859743705162637 0.0 0.0 0.14069125055962192 0.02885974370453783 3.8396716117858887 93.85962439070771 nan 3.3765900134309264 0.0 95.09167635452056 0.7013675485936735
GMC225 C18O21 ../products_1pc/GMC225_C18O21_12p7fT_2024_0.2_4asec_grid_K.fits 50 0.13774662751417893 0.020943931668822528 0.015309818495024514 0.008505454719458063 0.10922884739855239 0.016607894926095684 8.4866943359375 96.24081824167845 2.327849929871465 2.839950032362362 0.0 94.95522122166652 1.1299040908519478
GMC225 C18O21 ../products_1pc/GMC225_C18O21_12p7fT_2024_0.2_4asec_grid_K.fits 51 0.16041278839111328 0.0729149038141424 0.1808308937494766 0.08219586079521665 0.16041278839111325 0.07291490381414238 4.91172456741333 94.34136987018177 0.7224040682422703 2.4061918258666988 0.0 94.5403868345582 0.7895016245405213
GMC225 C18O21 ../products_1pc/GMC225_C18O21_12p7fT_2024_0.2_4asec_grid_K.fits 52 0.018804336587587994 0.009602214427704507 0.0 0.0 -0.035804510089686166 -0.035804510089686166 -1.6461125612258911 96.52603779038168 nan -1.6828119742152499 0.0 96.19793700526579 0.4399708159935926
GMC225 C18O21 ../products_1pc/GMC225_C18O21_12p7fT_2024_0.2_4asec_grid_K.fits 53 0.05316710061040418 0.023904587871344515 0.05816598247868085 0.02615214716095728 0.053167100610404174 0.023904587871344512 8.512490272521973 97.84234744246382 0.5033147258957613 6.167383670806884 0.0 97.81232100545574 0.5486329117429811
GMC225 C18O21 ../products_1pc/GMC225_C18O21_12p7fT_2024_0.2_4asec_grid_K.fits 54 0.029739289216592277 0.012065654482160296 0.0 0.0 0.028720897256112342 0.006482716809236786 3.60318660736084 87.45692383217009 nan 2.268950883232875 0.0 98.55513609829822 1.8266419591090224
GMC225 C18O21 ../products_1pc/GMC225_C18O21_12p7fT_2024_0.2_4asec_grid_K.fits 55 nan 0.0 -0.003192424224565028 -0.0017868046033013216 -0.003077948689460754 -0.0017227324754444519 -0.8087874054908752 96.49715818750124 0.6738024548318519 -0.4616923034191131 0.0 96.36016851990529 0.6610197914519527
GMC225 C18O21 ../products_1pc/GMC225_C18O21_12p7fT_2024_0.2_4asec_grid_K.fits 56 0.033810901641845706 0.020185612920504897 0.0 0.0 0.04730715173600104 0.014827614723224206 9.482522964477539 97.99238910872626 nan 2.9803505593680653 0.0 98.71972037999738 1.413681938733591
GMC225 C18O21 ../products_1pc/GMC225_C18O21_12p7fT_2024_0.2_4asec_grid_K.fits 57 0.16737163066864014 0.13694042509252374 0.2988756521717311 0.13585256916896868 0.1673716306686401 0.13694042509252372 12.23304271697998 97.60994275869193 0.816439533012875 6.025378704071044 0.0 97.35387185447712 0.7632341707211858
GMC225 C18O21 ../products_1pc/GMC225_C18O21_12p7fT_2024_0.2_4asec_grid_K.fits 58 nan 0.0 -0.03296729432279999 -0.01610030652973953 -0.041332829566228954 -0.020185800485832742 -1.2267574071884155 98.57952140832377 0.7069133032720127 -0.867989420890808 0.0 98.83061600039643 0.4954792608560086
GMC225 C18O21 ../products_1pc/GMC225_C18O21_12p7fT_2024_0.2_4asec_grid_K.fits 59 0.04019423111065014 0.027540491686926946 0.2625320352593987 0.019446817426622128 0.03307151495138203 0.022660112096317322 2.4977922439575195 99.29625348147118 0.9489079425953129 1.2236460532011353 0.0 99.86922705472954 0.7633723855060783
GMC225 C18O21 ../products_1pc/GMC225_C18O21_12p7fT_2024_0.2_4asec_grid_K.fits 60 0.10459488980910357 0.023092378269542347 0.05621582501153774 0.012411286041508332 0.10080104895855185 0.02225477704279716 3.9667270183563232 98.81274021182908 1.6559029127351448 1.7136178322953814 0.0 98.6950582684586 0.8248252217666712
GMC225 C18O21 ../products_1pc/GMC225_C18O21_12p7fT_2024_0.2_4asec_grid_K.fits 61 0.01238574335972468 0.00253344750539823 -0.04280307935154484 -0.029183917739689667 -0.028626531362533566 -0.019518089565363796 -1.636269450187683 97.88887953925183 0.5083567784518233 -0.858795940876007 0.0 98.01353871919314 0.8133063826184953
GMC225 C18O21 ../products_1pc/GMC225_C18O21_12p7fT_2024_0.2_4asec_grid_K.fits 62 0.047893998510550456 0.021029318886241693 0.0 0.0 0.015462316334799442 0.006789200965394697 -2.454993724822998 128.75107258893132 nan 2.9533024199466933 0.0 105.81110201090517 2.463741123810093
GMC225 C18O21 ../products_1pc/GMC225_C18O21_12p7fT_2024_0.2_4asec_grid_K.fits 63 0.03607426234654018 0.016879668210279496 0.0 0.0 0.01428888735155416 0.006685976701930422 9.165939331054688 100.07369377890903 nan 5.001110573043956 0.0 105.63045413860077 2.29058046423001
GMC225 C18O21 ../products_1pc/GMC225_C18O21_12p7fT_2024_0.2_4asec_grid_K.fits 64 0.05675041675567627 0.02511080387419304 0.0 0.0 0.02804446794747324 0.012409056613926212 3.3946971893310547 113.11327794248115 nan 2.804446794747324 0.0 105.94082126737648 1.5299435887039197
GMC225 C18O21 ../products_1pc/GMC225_C18O21_12p7fT_2024_0.2_4asec_grid_K.fits 65 0.05742316050072239 0.03917654875282929 0.006022181430646869 0.0036583345139443594 0.03910575945471411 0.02667963028218813 2.2469873428344727 102.23485216479348 2.2900422760983887 2.85472044019413 0.0 103.17961782657463 0.6561511278960663
GMC225 C18O21 ../products_1pc/GMC225_C18O21_12p7fT_2024_0.2_4asec_grid_K.fits 66 0.09528071001956337 0.034814105584071234 0.022674425824228784 0.007412793057920948 0.053661511391043235 0.01651123427416715 3.3017044067382812 104.60247636325246 3.4171420712595095 0.8585841822566918 0.0 106.56028728475884 1.4579036621886998
GMC225 C18O21 ../products_1pc/GMC225_C18O21_12p7fT_2024_0.2_4asec_grid_K.fits 67 nan 0.0 -0.10519768628285683 -0.10519768628285683 -0.09406460248506984 -0.09406460248506984 -3.066782236099243 100.95064709546757 0.44731500721499434 -2.445679664611816 0.0 100.94348711005019 0.49000607351799663
GMC225 C18O21 ../products_1pc/GMC225_C18O21_12p7fT_2024_0.2_4asec_grid_K.fits 68 0.12555996231410815 0.0931573913943383 0.10031463484117174 0.0744269871402242 0.12555996231410813 0.09315739139433829 5.341937065124512 102.13842016284421 0.9236697065561342 2.887879133224487 0.0 102.2005305996921 0.6411734795378844
GMC225 C18O21 ../products_1pc/GMC225_C18O21_12p7fT_2024_0.2_4asec_grid_K.fits 69 0.07381989878992881 0.0673063783084645 0.059177053626786234 0.05395554889501098 0.0738198987899288 0.06730637830846449 3.463468074798584 100.49792205296156 0.7531929088224328 2.2884168624877925 0.0 100.17208438876314 0.5010764891917465
GMC225 C18O21 ../products_1pc/GMC225_C18O21_12p7fT_2024_0.2_4asec_grid_K.fits 70 0.07851310804778454 0.038501620292663574 0.05241109542160247 0.025701594870208903 0.07720285043433148 0.03785909011683563 4.43574333190918 103.28254982865764 0.662038218401677 3.9373453721509053 0.0 103.21080610093811 0.6209408801075459
GMC225 C18O21 ../products_1pc/GMC225_C18O21_12p7fT_2024_0.2_4asec_grid_K.fits 71 0.07004826068878174 0.015624147365527525 0.013298303412657173 0.005932328659921416 0.033676292696044385 0.009138919579223942 10.529040336608887 105.72013226315677 2.6322150728437093 2.4583693668112403 0.0 103.7544577196254 1.2213392172748558
GMC225 C18O21 ../products_1pc/GMC225_C18O21_12p7fT_2024_0.2_4asec_grid_K.fits 72 0.03400905588839916 0.012890529248022264 0.013437744063942079 0.007152347646936914 0.019683467725479156 0.012540273792845592 4.85726261138916 107.36594090287676 2.184898917957293 1.5549939503128534 0.0 105.54360684288534 0.9494545561649896
GMC225 C18O21 ../products_1pc/GMC225_C18O21_12p7fT_2024_0.2_4asec_grid_K.fits 73 0.00016347966764284217 0.0001274587239249278 0.0 0.0 -0.059577731525196735 -0.034332930031469304 -2.018122673034668 104.99628071017955 nan -2.025642871856689 0.0 105.0840791980257 0.31548266002277614
GMC225 C18O21 ../products_1pc/GMC225_C18O21_12p7fT_2024_0.2_4asec_grid_K.fits 74 0.0385327019342562 0.028724377805536442 0.0 0.0 0.0385327019342562 0.02872437780553644 3.407735824584961 107.21860811315686 nan 3.1596815586090083 0.0 107.82000239572459 0.4880905660823087
GMC225 C18O21 ../products_1pc/GMC225_C18O21_12p7fT_2024_0.2_4asec_grid_K.fits 75 nan 0.0 -1801.4039120325674 -1637.6399200296066 -0.03409813769957514 -0.030998306999613763 -1.704913854598999 107.9999924485315 7.551468235397334e-06 -1.704906884978757 0.0 107.99996254922073 0.2172584654563965
GMC225 C18O21 ../products_1pc/GMC225_C18O21_12p7fT_2024_0.2_4asec_grid_K.fits 76 0.025379284664436622 0.007876329723445848 -0.013933945981820281 -0.002722725076907411 -0.05449851821450621 -0.010649135743064432 -1.2813233137130737 111.09989489017045 2.1579717254839643 -0.9264748096466056 0.0 111.09963288623409 0.7905600887393102
GMC225 13CO21 ../products_1pc/GMC225_13CO21_12p7fT_2024_0.2_4asec_grid_K.fits 0 0.5465560363698643 0.2481987063894795 0.5558979273960579 0.24628389188432948 0.5465560363698625 0.24819870638947872 31363.98046875 91.9035106231118 6.698952653909255 1882.3389892578066 0.0 91.33457612406802 6.623703205268525
GMC225 13CO21 ../products_1pc/GMC225_13CO21_12p7fT_2024_0.2_4asec_grid_K.fits 1 0.5572717343423702 0.2569782437082989 0.5672405676339372 0.25447399794390824 0.5572717343423702 0.2569782437082989 30859.232421875 91.86232615247383 6.655445071652613 1867.9748535156248 0.0 91.30681556700199 6.575011078515663
GMC225 13CO21 ../products_1pc/GMC225_13CO21_12p7fT_2024_0.2_4asec_grid_K.fits 2 0.5620105761836692 0.25953416457338435 0.5718372566775393 0.2571354089215092 0.5620105761836579 0.25953416457337913 30694.07421875 91.84949924853305 6.639913755017447 1861.379028320275 0.0 91.29636782703085 6.565091630743523
GMC225 13CO21 ../products_1pc/GMC225_13CO21_12p7fT_2024_0.2_4asec_grid_K.fits 3 0.5660564120741675 0.2697586832729688 0.5771615481878014 0.2682439810447673 0.566056412074163 0.2697586832729667 30450.775390625 91.80488964459641 6.593987952186145 1852.7026367187354 0.0 91.27706768443754 6.549745150438
GMC225 13CO21 ../products_1pc/GMC225_13CO21_12p7fT_2024_0.2_4asec_grid_K.fits 4 0.6105042646886704 0.30375250303076823 0.6327024472335105 0.3182269296690315 0.6039242254599612 0.30375250303076823 28573.40625 91.32110781117599 6.068234704406202 1793.0510253906248 0.0 91.1227691340073 6.4044263993049695
GMC225 13CO21 ../products_1pc/GMC225_13CO21_12p7fT_2024_0.2_4asec_grid_K.fits 5 0.5830892055849486 0.29945748247171095 0.5948668957292521 0.3120803412016944 0.5708060376853895 0.2994574824717109 29479.603515625 91.38602669339026 6.124609121342387 1842.5618896484373 0.0 91.1743204834858 6.431170233613262
GMC225 13CO21 ../products_1pc/GMC225_13CO21_12p7fT_2024_0.2_4asec_grid_K.fits 6 0.6689702688740488 0.33732974976826646 0.692307487354316 0.3490975942249206 0.7013387447238438 0.33546715314938474 25759.68359375 91.50791476450088 6.106137823911011 1617.2871453331838 0.0 91.45821585715109 6.441174567895177
GMC225 13CO21 ../products_1pc/GMC225_13CO21_12p7fT_2024_0.2_4asec_grid_K.fits 7 0.7474095934686094 0.35897928335986307 0.8492871085523627 0.3699561575697822 0.8140852129831984 0.3546219344398219 22942.900390625 91.25348411399729 5.94437295195704 1475.9364911385387 0.0 91.2175930076747 6.294476210053132
GMC225 13CO21 ../products_1pc/GMC225_13CO21_12p7fT_2024_0.2_4asec_grid_K.fits 8 0.7699870135769028 0.36221169310977125 0.8885019622901494 0.3746641790263783 0.8503205181466235 0.3585637988007641 22330.75390625 91.1996487611968 5.911929032449538 1442.1435987766733 0.0 91.15502676808683 6.275027755985922
GMC225 13CO21 ../products_1pc/GMC225_13CO21_12p7fT_2024_0.2_4asec_grid_K.fits 9 0.7920740714687676 0.36398128394103957 0.9216880539898308 0.3794485083919862 0.8799067945623376 0.36224763820616535 21442.9765625 91.0901041701965 5.829994092428903 1400.8116169432415 0.0 91.0607955372124 6.211029738583654
GMC225 13CO21 ../products_1pc/GMC225_13CO21_12p7fT_2024_0.2_4asec_grid_K.fits 10 0.5819717176032789 0.2985726965776822 0.5933814194186067 0.31096069202244714 0.5697423984447426 0.29857269657768215 29537.173828125 91.398222343597 6.136723397477909 1843.6864013671873 0.0 91.17981369168929 6.438935710422557
GMC225 13CO21 ../products_1pc/GMC225_13CO21_12p7fT_2024_0.2_4asec_grid_K.fits 11 1.0211292962608098 0.4228113492329915 1.1066805867621294 0.4692825231191843 0.9970904284880372 0.42281134923299146 14300.9580078125 89.99828875053349 5.276650649392482 974.1573486328124 0.0 89.88563024258711 5.938692615852251
GMC225 13CO21 ../products_1pc/GMC225_13CO21_12p7fT_2024_0.2_4asec_grid_K.fits 12 0.997890639235605 0.4133774024852808 1.0902281255863506 0.4617230225913208 0.9760736385679062 0.4133774024852807 15223.3740234375 90.12299254662476 5.295266985699604 1026.8294677734373 0.0 90.07317688802391 5.9727212867811454
GMC225 13CO21 ../products_1pc/GMC225_13CO21_12p7fT_2024_0.2_4asec_grid_K.fits 13 0.9855562337239583 0.4698096453133276 1.081720279125556 0.45148070971977655 0.9811189054947737 0.4417113716475411 11182.2578125 88.96040359169481 5.233574101841607 833.9510696705576 0.0 88.30168836338369 5.397931501843202
GMC225 13CO21 ../products_1pc/GMC225_13CO21_12p7fT_2024_0.2_4asec_grid_K.fits 14 1.0576443514981113 0.642708754499687 1.0328289217376267 0.6276289273998266 1.0015267855820633 0.6086072620231571 7105.3369140625 86.84643730451208 3.7699446283311286 729.1114999037421 0.0 86.61974761636527 3.921438339711536
GMC225 13CO21 ../products_1pc/GMC225_13CO21_12p7fT_2024_0.2_4asec_grid_K.fits 15 1.2023945812092784 0.671164216666386 1.220360868413612 0.664097239815597 1.1979736826639138 0.6519145579151686 5252.44775390625 86.37381396359896 3.40010364336756 604.9767097452765 0.0 86.22343131600871 3.4858972498546064
GMC225 13CO21 ../products_1pc/GMC225_13CO21_12p7fT_2024_0.2_4asec_grid_K.fits 16 1.0350510326784048 0.509914846981273 1.1721972026216663 0.46974079075647657 1.0270978932085626 0.46068361386560525 9563.6533203125 88.53461506360925 4.976860428765699 751.8356578286678 0.0 87.81583286801839 5.099777422493922
GMC225 13CO21 ../products_1pc/GMC225_13CO21_12p7fT_2024_0.2_4asec_grid_K.fits 17 0.9474366748090124 0.4034915148469917 1.0670503331692098 0.44758957770055124 0.9619208685785744 0.40349151484699164 15809.7275390625 90.25253174489299 5.315507782034279 1069.6560058593748 0.0 90.2399899382825 5.958218861978517
GMC225 13CO21 ../products_1pc/GMC225_13CO21_12p7fT_2024_0.2_4asec_grid_K.fits 18 1.3038241969631725 0.7305250280043658 1.262226671586645 0.7072181792272232 1.2336052438743152 0.6911817616413443 3637.3369140625 85.91670474058178 3.0173887545399984 470.0035979161141 0.0 85.86882558118677 3.1109315519317815
GMC225 13CO21 ../products_1pc/GMC225_13CO21_12p7fT_2024_0.2_4asec_grid_K.fits 19 0.9445121302952151 0.3805445052728157 1.0720096345391565 0.42508765487031996 0.9596782483552629 0.38054450527281564 16129.1484375 90.36576622103877 5.35447880067235 1075.7993164062498 0.0 90.374834803703 6.039723434948263
GMC225 13CO21 ../products_1pc/GMC225_13CO21_12p7fT_2024_0.2_4asec_grid_K.fits 20 0.14208726321949677 0.0670967631869846 0.14528436145966955 0.06860650402262174 0.1349547522683221 0.06372863301559654 5.937546730041504 79.39288277856828 0.9590678132967699 2.2942307885614754 0.0 79.27003227459042 1.0524360205763275
GMC225 13CO21 ../products_1pc/GMC225_13CO21_12p7fT_2024_0.2_4asec_grid_K.fits 21 0.5140289617252107 0.25251672744750975 0.8293918816842574 0.26955236154738366 0.7769745459923376 0.25251672744750975 1913.680908203125 88.08924593950508 3.540352146687814 202.01338195800778 0.0 88.12558756166813 3.8502140722379026
GMC225 13CO21 ../products_1pc/GMC225_13CO21_12p7fT_2024_0.2_4asec_grid_K.fits 22 1.2856987740926233 0.8041919783049939 1.6083744063226 0.8104945537743298 1.4947725296368395 0.7532481178758191 2769.358154296875 85.26872600219703 2.6728150893738203 384.15654011666777 0.0 85.36472711244542 2.954493423265255
GMC225 13CO21 ../products_1pc/GMC225_13CO21_12p7fT_2024_0.2_4asec_grid_K.fits 23 1.2917409642971416 0.8018646240234375 1.703257363641007 0.8227599129452323 1.5837118716592515 0.7650133617337063 2561.307861328125 85.17600530897353 2.6312173616250267 361.08630673830936 0.0 85.26163807616119 2.907721827202625
GMC225 13CO21 ../products_1pc/GMC225_13CO21_12p7fT_2024_0.2_4asec_grid_K.fits 24 0.9958675366092995 0.41394493991591363 1.0873397805816687 0.4620102360865082 0.9742182423351841 0.4139449399159136 15324.2333984375 90.14699865324991 5.314199803386941 1030.7229003906248 0.0 90.08702252160698 5.987785940045455
GMC225 13CO21 ../products_1pc/GMC225_13CO21_12p7fT_2024_0.2_4asec_grid_K.fits 25 1.358648656829586 0.928409915500217 1.7925620287748083 0.8863223364497663 1.737042103866008 0.8588708180226373 1903.6904296875 85.31143304162505 2.380193130538846 309.19349448814944 0.0 85.46986237444074 2.476027202024299
GMC225 13CO21 ../products_1pc/GMC225_13CO21_12p7fT_2024_0.2_4asec_grid_K.fits 26 1.0350510326784048 0.5043521395596591 1.1405230825427166 0.4748723380041493 1.0407095740004904 0.4635888102365821 9728.685546875 88.57660449436057 4.953400182395024 764.9215368903605 0.0 87.9269058726463 5.113823870454586
GMC225 13CO21 ../products_1pc/GMC225_13CO21_12p7fT_2024_0.2_4asec_grid_K.fits 27 0.9718978146472609 0.5057524678101734 1.3143091382915906 0.5397319658814995 1.2247544290120866 0.502955580566092 1448.86572265625 88.18013562102772 3.357139443258313 160.44283020058336 0.0 88.09574216944614 3.6993426695771667
GMC225 13CO21 ../products_1pc/GMC225_13CO21_12p7fT_2024_0.2_4asec_grid_K.fits 28 1.6515014046116878 1.2068664110623872 2.0105309792512087 1.4692341771451143 1.6515014046116878 1.2068664110623872 95.5597915649414 82.2237451570684 0.9979778202881452 31.378526687622067 0.0 82.11716430381442 1.2225445844518137
GMC225 13CO21 ../products_1pc/GMC225_13CO21_12p7fT_2024_0.2_4asec_grid_K.fits 29 1.2970891812952554 0.7090754191080729 1.669641970765119 0.6901186812495825 1.5799447191071128 0.65304381723094 763.27197265625 88.23923171824792 2.9415371549970732 97.956572584641 0.0 88.07750270431133 3.156042184299882
GMC225 13CO21 ../products_1pc/GMC225_13CO21_12p7fT_2024_0.2_4asec_grid_K.fits 30 0.42363102095467703 0.19131723526985414 0.5834561800068058 0.1976222545184342 0.5503302837824708 0.1864021928940627 43.644691467285156 88.06086540224736 1.4210650372253761 11.556935959431888 0.0 88.30392387863442 1.5346789179240934
GMC225 13CO21 ../products_1pc/GMC225_13CO21_12p7fT_2024_0.2_4asec_grid_K.fits 31 1.30404135760139 0.6927719712257385 2.8953110673789806 0.7238277668447451 2.407978996485906 0.6019947491214765 103.37300109863281 87.4910319207493 1.7804589830982014 19.26383197188725 0.0 87.4591443951079 2.308085149049585
GMC225 13CO21 ../products_1pc/GMC225_13CO21_12p7fT_2024_0.2_4asec_grid_K.fits 32 1.3968839111328124 0.837460378376986 1.4756430847167181 0.8846781083433561 1.3968839111328122 0.8374603783769857 3030.22216796875 93.81120520090865 3.2769000968672533 349.22097778320307 0.0 93.74809013605316 3.527467435348921
GMC225 13CO21 ../products_1pc/GMC225_13CO21_12p7fT_2024_0.2_4asec_grid_K.fits 33 nan 0.0 0.0 0.0 5.487729704801445e-07 4.1631052932976476e-07 0.0 nan nan 1.2073005350563177e-05 0.0 87.54041533851407 0.4778025440764658
GMC225 13CO21 ../products_1pc/GMC225_13CO21_12p7fT_2024_0.2_4asec_grid_K.fits 34 1.167567476313165 0.6380892021711483 1.170816574949065 0.5683906046991101 1.2287034423523167 0.5964926595140607 1711.7364501953125 94.86828112586954 3.4925419513217055 205.19347487283687 0.0 95.25988243155582 3.241613849319639
GMC225 13CO21 ../products_1pc/GMC225_13CO21_12p7fT_2024_0.2_4asec_grid_K.fits 35 1.1778709824020799 0.7645829184013501 2.31719449320513 0.7723981644017099 2.014188875020554 0.671396291673518 111.55775451660156 89.01726638766202 1.0108663529794477 38.269588625390526 0.0 89.13456933287056 1.2301636207413866
GMC225 13CO21 ../products_1pc/GMC225_13CO21_12p7fT_2024_0.2_4asec_grid_K.fits 36 1.8354663848876953 1.2424695528470553 3.5347622988217227 0.924476293537989 2.07324847652036 0.7974032602001384 349.54473876953125 92.15159871397749 2.320618231462435 51.831211913009 0.0 92.51981421084692 2.841815599651306
GMC225 13CO21 ../products_1pc/GMC225_13CO21_12p7fT_2024_0.2_4asec_grid_K.fits 37 2.3721317964441635 2.016312026977539 1.8903266668952583 1.6067776668609697 1.8416893689185838 1.5654359635807962 101.79949951171875 90.1332187644457 1.2637754842046758 31.308719271615924 0.0 89.8648257893989 1.2661837354552152
GMC225 13CO21 ../products_1pc/GMC225_13CO21_12p7fT_2024_0.2_4asec_grid_K.fits 38 0.6987643295459534 0.4348952820251038 0.8437486821059111 0.330419064321196 0.8250512017951971 0.3000186188346171 380.3769836425781 93.9806142834518 3.2116126622274668 42.90266249335025 0.0 93.40649272817596 3.6457812606580653
GMC225 13CO21 ../products_1pc/GMC225_13CO21_12p7fT_2024_0.2_4asec_grid_K.fits 39 0.11108820968204075 0.0714138490813119 0.13793643420083904 0.06404191587896098 0.1147341832124781 0.053269442205793396 15.759788513183594 90.58305990722367 1.7531057259817158 2.9830887635244303 0.0 90.68127374109703 2.2782646256834864
GMC225 13CO21 ../products_1pc/GMC225_13CO21_12p7fT_2024_0.2_4asec_grid_K.fits 40 0.9075775146484375 0.7805166625976563 1.0718516110467313 0.7717331599536466 1.0021588074919674 0.7215543413942166 149.2880096435547 91.24881385774395 1.5434687038034762 36.07771706971083 0.0 91.22294800839822 1.6912705685135645
GMC225 13CO21 ../products_1pc/GMC225_13CO21_12p7fT_2024_0.2_4asec_grid_K.fits 41 0.7086565653483073 0.5314924240112304 1.2541450080818874 0.501658003232755 0.871110438569545 0.4573329802490111 175.3893585205078 92.6449849956287 1.7434743937956185 36.58663841992089 0.0 92.4133777670667 1.9763423519790349
GMC225 13CO21 ../products_1pc/GMC225_13CO21_12p7fT_2024_0.2_4asec_grid_K.fits 42 1.4834570708098236 1.082522727347709 2.790352087280875 1.1312238191679223 1.391781760612706 1.0156245280146774 138.16273498535156 90.66100239443719 1.3168937070176197 37.578107536543065 0.0 90.46077111619063 1.5278676089967795
GMC225 13CO21 ../products_1pc/GMC225_13CO21_12p7fT_2024_0.2_4asec_grid_K.fits 43 0.2944981911603142 0.17880247320447648 0.2765568797701803 0.1679095341461809 0.27141329821022137 0.16478664534192014 27.556209564208984 92.31916501224443 1.1691390352662185 9.228052139147527 0.0 92.07469535043859 1.1825452291676446
GMC225 13CO21 ../products_1pc/GMC225_13CO21_12p7fT_2024_0.2_4asec_grid_K.fits 44 2.1472576365751377 1.6719105261882752 2.365107756697202 1.8415342838405695 2.1472576365751377 1.671910526188275 1243.0458984375 94.92554834417196 2.0556355822211287 219.02027893066403 0.0 94.85847821216296 2.27742677580174
GMC225 13CO21 ../products_1pc/GMC225_13CO21_12p7fT_2024_0.2_4asec_grid_K.fits 45 0.24901656181581558 0.17952356782070425 0.3059365427632326 0.2205589029223305 0.24901656181581555 0.17952356782070425 10.360260009765625 90.25489192269173 0.4358004479555297 7.719513416290282 0.0 90.20108484639601 0.5263520358315442
GMC225 13CO21 ../products_1pc/GMC225_13CO21_12p7fT_2024_0.2_4asec_grid_K.fits 46 nan 0.0 0.0 0.0 1.7194607083823412e-09 1.1278183141002454e-09 0.0 nan nan 1.0488710321132282e-07 0.0 93.47440225810314 1.0954764383240274
GMC225 13CO21 ../products_1pc/GMC225_13CO21_12p7fT_2024_0.2_4asec_grid_K.fits 47 0.9229439907386655 0.6053718648931031 1.3237462559495226 0.48395024411057813 1.245465498293643 0.45533147249445016 189.85433959960938 93.85447346968333 1.6828559108524224 42.345826941983866 0.0 93.57043252194704 1.8118863698104997
GMC225 13CO21 ../products_1pc/GMC225_13CO21_12p7fT_2024_0.2_4asec_grid_K.fits 48 1.0329488118489583 0.5902564639136905 0.826269427513546 0.6098655298314268 0.7997023059475805 0.5902564639136904 66.2370834350586 92.70231476047611 1.0316393267258954 24.790771484374996 0.0 92.51098642629452 0.9819131927067335
GMC225 13CO21 ../products_1pc/GMC225_13CO21_12p7fT_2024_0.2_4asec_grid_K.fits 49 0.5546656202995914 0.4124436663766193 0.446594760558915 0.3320832834925265 0.45883769451748346 0.34118700361556464 120.61041259765625 95.64558903534952 1.2384029923355706 39.91887942302106 0.0 95.94656276438597 1.1507694992062663
GMC225 13CO21 ../products_1pc/GMC225_13CO21_12p7fT_2024_0.2_4asec_grid_K.fits 50 0.5468342028166119 0.30379677934256216 0.8495861318399164 0.25338533756629084 0.8692356345994935 0.2592457155823051 241.41644287109375 97.20672002433655 2.222794541721912 44.331017364574166 0.0 96.92533103217411 2.1171184526503013
GMC225 13CO21 ../products_1pc/GMC225_13CO21_12p7fT_2024_0.2_4asec_grid_K.fits 51 2.021453094482422 0.9188423156738281 2.6348502192619736 1.1976591905736245 2.0214530944824216 0.918842315673828 75.67973327636719 94.12562644324397 0.7639104784206141 30.321796417236325 0.0 94.18697528753161 0.9960859947615841
GMC225 13CO21 ../products_1pc/GMC225_13CO21_12p7fT_2024_0.2_4asec_grid_K.fits 52 nan 0.0 -0.03878755329353994 -0.03878755329353994 -0.0372328707512193 -0.0372328707512193 -2.7098374366760254 95.94938188694903 0.5930114253916727 -1.7499449253073072 0.0 95.94541623074382 0.6199238876504282
GMC225 13CO21 ../products_1pc/GMC225_13CO21_12p7fT_2024_0.2_4asec_grid_K.fits 53 0.057492119925362725 0.021838092064672663 0.045280108401316826 0.025097114346466304 0.039400194074724094 0.02183809206467266 17.646045684814453 96.46153131387402 1.0872113303211621 5.634227752685546 0.0 96.42236972055812 1.2920281080717457
GMC225 13CO21 ../products_1pc/GMC225_13CO21_12p7fT_2024_0.2_4asec_grid_K.fits 54 0.16075363899897605 0.04730749947684152 0.133899871190877 0.03940481923617238 0.160753638998976 0.04730749947684151 82.58297729492188 100.17254807082037 2.3888188531977206 16.557624816894528 0.0 99.94059089737291 1.8266419591090095
GMC225 13CO21 ../products_1pc/GMC225_13CO21_12p7fT_2024_0.2_4asec_grid_K.fits 55 0.0033286555608113607 0.0018630534855287467 0.0039476693109138 0.0022095164053622016 0.0029642480353290353 0.00165909404962446 0.4306783080101013 95.9038437387163 0.29015565520643677 0.4446372052993553 0.0 95.94222327814789 0.5678116285127195
GMC225 13CO21 ../products_1pc/GMC225_13CO21_12p7fT_2024_0.2_4asec_grid_K.fits 56 0.22640167720734128 0.07096171972170398 0.16296015076902334 0.061616773425103355 0.18767507452713814 0.07096171972170397 59.27608871459961 100.2244494850205 1.9093897861955689 14.263305664062498 0.0 99.74556584901707 1.5239073506823553
GMC225 13CO21 ../products_1pc/GMC225_13CO21_12p7fT_2024_0.2_4asec_grid_K.fits 57 1.524036831325955 1.2469392256303267 2.9268633855118025 1.3303924479599103 2.557796008569615 1.162634549349825 128.64361572265625 97.74784133464155 0.8767299777216598 51.155920171392296 0.0 97.63783815950906 1.0543438510884116
GMC225 13CO21 ../products_1pc/GMC225_13CO21_12p7fT_2024_0.2_4asec_grid_K.fits 58 0.08557065327962239 0.0059700455776480746 0.0 0.0 -0.00970745938164834 -0.00474085225615384 -0.13446566462516785 101.30222506210772 nan -0.20385664701461512 0.0 98.54213367777152 0.5849556808668103
GMC225 13CO21 ../products_1pc/GMC225_13CO21_12p7fT_2024_0.2_4asec_grid_K.fits 59 0.8273040152884819 0.5668564549198857 0.6260764895850756 0.42897833545644065 0.8233602154794272 0.5641542217173853 83.58219909667969 100.0594708130509 1.4394438872880526 30.464327972738804 0.0 100.46564788702455 0.9152052886144456
GMC225 13CO21 ../products_1pc/GMC225_13CO21_12p7fT_2024_0.2_4asec_grid_K.fits 60 0.7255407480093149 0.48997557008421266 1.5746411090983126 0.34764803707365344 0.5684960851007589 0.383919434094019 102.45987701416016 99.0525088440694 1.5269801424254847 29.561796425239464 0.0 98.3794740385076 1.2345020437440195
GMC225 13CO21 ../products_1pc/GMC225_13CO21_12p7fT_2024_0.2_4asec_grid_K.fits 61 0.8666007995605469 0.5908641815185547 0.8328329400993316 0.567840640976817 0.8391535794328437 0.5721501677951207 56.09630584716797 98.36175272741615 0.8957053729605626 25.17460738298531 0.0 98.19865484583981 0.8657359212763663
GMC225 13CO21 ../products_1pc/GMC225_13CO21_12p7fT_2024_0.2_4asec_grid_K.fits 62 0.3262367248535156 0.14324417114257812 0.39638725885150355 0.12392797058345859 0.39459077071605525 0.12336630992501958 643.0296020507812 107.36293039715379 4.758635468354898 53.664344817383515 0.0 107.01277333532884 4.738095930967611
GMC225 13CO21 ../products_1pc/GMC225_13CO21_12p7fT_2024_0.2_4asec_grid_K.fits 63 0.2344915553501674 0.10972198445529224 0.291021692569151 0.09026341266850672 0.2991754382200328 0.09279238190781766 767.7539672851562 107.11735298298854 4.536477779845729 69.40870166704761 0.0 106.59013503987578 4.318179452588871
GMC225 13CO21 ../products_1pc/GMC225_13CO21_12p7fT_2024_0.2_4asec_grid_K.fits 64 0.4813828287245352 0.1682709888019393 0.3609533455294686 0.15172817621813947 0.3510114495463535 0.15531480068422723 268.83477783203125 105.4212913526807 3.1276693890264062 35.10114495463535 0.0 106.1647700111335 2.985162947370931
GMC225 13CO21 ../products_1pc/GMC225_13CO21_12p7fT_2024_0.2_4asec_grid_K.fits 65 0.9534810732488763 0.650505778945495 1.0463295357360616 0.6356207460078879 1.058288885452567 0.6428857715366061 218.321044921875 101.96830896268548 1.280630455115153 68.78877755441685 0.0 102.2457569363421 1.2508729089204664
GMC225 13CO21 ../products_1pc/GMC225_13CO21_12p7fT_2024_0.2_4asec_grid_K.fits 66 0.3190281811882468 0.10429767461923453 0.16851696169689986 0.07453634844285956 0.2854462673789564 0.10429767461923406 26.391468048095703 104.42548837857645 2.7164527690189906 5.423479080200171 0.0 105.60337435705672 1.5554012375285482
GMC225 13CO21 ../products_1pc/GMC225_13CO21_12p7fT_2024_0.2_4asec_grid_K.fits 67 0.6908974280724158 0.6908974280724158 0.7181245936505148 0.7181245936505148 0.6908974280724157 0.6908974280724157 27.112672805786133 100.95687986203723 0.5793076327162642 17.96333312988281 0.0 100.9537294167482 0.6033194395132739
GMC225 13CO21 ../products_1pc/GMC225_13CO21_12p7fT_2024_0.2_4asec_grid_K.fits 68 0.3330664012743079 0.24711378159061556 0.3417421300902776 0.2535506126476253 0.31578598806846814 0.23429282985725056 23.586824417114258 102.09548867085348 1.1971627131870741 7.263077725574767 0.0 102.14589133558752 1.3295418274593522
GMC225 13CO21 ../products_1pc/GMC225_13CO21_12p7fT_2024_0.2_4asec_grid_K.fits 69 0.13331525556502805 0.12155214477987851 0.19238785642172854 0.17541245732569366 0.13331525556502802 0.12155214477987848 4.635201454162598 100.10820278125946 0.31005542198620323 4.132772922515868 0.0 100.1011438636828 0.42571387115192816
GMC225 13CO21 ../products_1pc/GMC225_13CO21_12p7fT_2024_0.2_4asec_grid_K.fits 70 0.3184133949926344 0.18063836831312913 0.2597835104752144 0.1473771838272851 0.3184133949926343 0.1806383683131291 43.548709869384766 103.6065982404965 1.1335006319171097 18.786390304565426 0.0 103.52751464247476 0.8531645440881757
GMC225 13CO21 ../products_1pc/GMC225_13CO21_12p7fT_2024_0.2_4asec_grid_K.fits 71 0.31426529035176315 0.08528388920326659 0.15086565860058432 0.06730066554672906 0.2601107402896898 0.06671985531594274 108.84231567382812 105.54721445667306 2.398480543433263 17.947641079988596 0.0 104.93063119440642 2.3887953100838333
GMC225 13CO21 ../products_1pc/GMC225_13CO21_12p7fT_2024_0.2_4asec_grid_K.fits 72 0.18933977054644235 0.12062775704168505 0.14134845005153931 0.07523385244678706 0.18933977054544193 0.1206277570410477 44.269466400146484 106.86523076713867 1.893125332359059 14.957841873089913 0.0 106.11775579766339 0.9494545561649896
GMC225 13CO21 ../products_1pc/GMC225_13CO21_12p7fT_2024_0.2_4asec_grid_K.fits 73 0.3099312160326087 0.2416412870762712 0.3917407042729253 0.3054249558738062 0.30993121603260865 0.24164128707627117 17.429489135742188 105.81796923355387 0.38586749204040194 14.256835937499998 0.0 105.85077283704425 0.4762695371536158
GMC225 13CO21 ../products_1pc/GMC225_13CO21_12p7fT_2024_0.2_4asec_grid_K.fits 74 0.08499900306143411 0.03168144659562545 0.0 0.0 0.08499900306143411 0.03168144659562544 4.341291904449463 109.26096791764024 nan 3.4849591255187984 0.0 108.77379101511411 0.5564144045481642
GMC225 13CO21 ../products_1pc/GMC225_13CO21_12p7fT_2024_0.2_4asec_grid_K.fits 75 0.021961774826049805 0.01996524984186346 747.2762881336931 679.3420801215392 0.02196168620331215 0.01996516927573832 1.0980888605117798 107.99998827544498 1.172455438643881e-05 1.0980843101656075 0.0 108.0004083528434 0.2226040942684597
GMC225 13CO21 ../products_1pc/GMC225_13CO21_12p7fT_2024_0.2_4asec_grid_K.fits 76 0.2135512517846149 0.11291215611600328 0.3614457814896298 0.11217282873816098 0.3577028984499683 0.11101124434654187 38.06481170654297 112.75298149028377 1.5560617492661046 9.657978258149143 0.0 112.69143565523854 1.5675620027429642
GMC225 H30a ../products_1pc/GMC225_H30a_12p7fT_2024_2.6_4asec_grid_K.fits 0 0.0069349498336496885 0.0008037738533462653 0.0 0.0 0.00046727210059092396 0.00012045318521298211 20.694171905517578 104.6709040876907 nan 0.9135169566552563 0.0 99.37719689727238 12.256647900415116
GMC225 H30a ../products_1pc/GMC225_H30a_12p7fT_2024_2.6_4asec_grid_K.fits 1 0.007451996409349171 0.0008314168507335504 0.0 0.0 0.0004367351495503543 0.00011241318817013522 18.21705436706543 106.00605279034171 nan 0.8171314648087129 0.0 99.21926094389583 12.115021852261274
GMC225 H30a ../products_1pc/GMC225_H30a_12p7fT_2024_2.6_4asec_grid_K.fits 2 0.007793532343860833 0.0008617221345066426 0.0 0.0 0.00043240140748966545 0.00011153689401225336 18.112836837768555 105.93027667653469 nan 0.7999426038558811 0.0 99.17652942677637 12.124857234163098
GMC225 H30a ../products_1pc/GMC225_H30a_12p7fT_2024_2.6_4asec_grid_K.fits 3 0.008087772161849423 0.0009091089267541867 0.0 0.0 0.00038771477894367285 0.00010302554915145646 18.245973587036133 106.72354268764187 nan 0.7075794715722029 0.0 98.9312483989929 13.42791361494282
GMC225 H30a ../products_1pc/GMC225_H30a_12p7fT_2024_2.6_4asec_grid_K.fits 4 0.0012018714508000951 0.0005578735854975878 0.0 0.0 0.0004434895496090073 0.00021284192682404163 3.357933759689331 101.86899188682776 nan 1.2564058940423177 0.0 90.19764622651698 3.102460136874497
GMC225 H30a ../products_1pc/GMC225_H30a_12p7fT_2024_2.6_4asec_grid_K.fits 5 0.000943097762697476 0.0004497072705597911 0.0 0.0 0.00032498988856151725 0.00016236289898230197 3.5597281455993652 102.75162257363779 nan 0.9990189174381041 0.0 90.23098548328925 3.147177607922409
GMC225 H30a ../products_1pc/GMC225_H30a_12p7fT_2024_2.6_4asec_grid_K.fits 6 0.0017074673904656128 0.0007519089960503 0.00028705736949179736 0.000137306428966622 0.0010081065942212412 0.0004439349304152033 10.78120231628418 91.12691087254896 6.497544431995461 2.140210299531695 0.0 88.78681919065095 3.1187053959524933
GMC225 H30a ../products_1pc/GMC225_H30a_12p7fT_2024_2.6_4asec_grid_K.fits 7 0.0017524101561962402 0.000717048172994281 0.0001834670919875827 8.573846562129946e-05 0.0011278740908782022 0.0004615015801935556 7.0710015296936035 93.32987875734247 7.905206408620193 1.9207695767655784 0.0 88.53831084870329 3.0125953907577623
GMC225 H30a ../products_1pc/GMC225_H30a_12p7fT_2024_2.6_4asec_grid_K.fits 8 0.0018000360953785983 0.0007326352780046658 0.0002072679645564106 8.642177438117867e-05 0.0011430732344806945 0.0004652438798719286 6.754245758056641 94.7709550930554 7.752141287834921 1.8712108848448967 0.0 88.63489062549391 2.9933165668903228
GMC225 H30a ../products_1pc/GMC225_H30a_12p7fT_2024_2.6_4asec_grid_K.fits 9 0.001853684687243842 0.000740131667210885 0.0002482194701160598 0.00011066210666668917 0.0012728902437315582 0.0005082344288392879 6.264962196350098 93.16007278693897 5.840572441257168 1.965342536321526 0.0 88.7537350270953 2.9328506221592145
GMC225 H30a ../products_1pc/GMC225_H30a_12p7fT_2024_2.6_4asec_grid_K.fits 10 0.00096722912100256 0.00046129388847814396 0.0 0.0 0.00033309206752969316 0.00016608752646541297 4.420536041259766 103.11912874259643 nan 1.0255904759239252 0.0 90.23513068338005 3.157368668750977
GMC225 H30a ../products_1pc/GMC225_H30a_12p7fT_2024_2.6_4asec_grid_K.fits 11 0.002652071057125707 0.0010981231720911132 0.0 0.0 0.002136058305413571 0.0009057851407938623 10.65223503112793 91.72358622973789 nan 2.0869289643890587 0.0 89.76335532983352 2.6137435961797295
GMC225 H30a ../products_1pc/GMC225_H30a_12p7fT_2024_2.6_4asec_grid_K.fits 12 0.0025022048412652936 0.0010365413774806713 0.0 0.0 0.002012169408504957 0.0008335436076294689 8.434212684631348 91.2745749132235 nan 2.070522321351601 0.0 89.43510700212391 2.630968153103328
GMC225 H30a ../products_1pc/GMC225_H30a_12p7fT_2024_2.6_4asec_grid_K.fits 13 0.003474195899092001 0.0014500351527989921 0.0 0.0 0.002692590460581493 0.0011238142388443945 6.539252281188965 88.28169792537672 nan 2.1217612829382166 0.0 89.14654986378721 2.581961618415295
GMC225 H30a ../products_1pc/GMC225_H30a_12p7fT_2024_2.6_4asec_grid_K.fits 14 0.0022871680967100376 0.0013898650871493382 -inf -4.345897076759559e-06 0.0012206989366985348 0.0007417936777266556 -0.2885861396789551 72.30845793044222 22.113082174070755 0.8886688259165334 0.0 86.93793017029905 1.845281112502113
GMC225 H30a ../products_1pc/GMC225_H30a_12p7fT_2024_2.6_4asec_grid_K.fits 15 0.0018328997849497556 0.0010231056989266954 0.0 0.0 0.0010049304864442683 0.0005609418017005722 -0.2830503582954407 53.132469918170855 nan 0.520553991978131 0.0 86.59746580941678 1.6709642808214342
GMC225 H30a ../products_1pc/GMC225_H30a_12p7fT_2024_2.6_4asec_grid_K.fits 16 0.002414322759381574 0.0011894090064600402 0.0 0.0 0.0017421189489337406 0.0007813915873893983 4.633094787597656 94.10821593176016 nan 1.275231070619498 0.0 88.160584524029 2.4379894942419655
GMC225 H30a ../products_1pc/GMC225_H30a_12p7fT_2024_2.6_4asec_grid_K.fits 17 0.0019654275702057984 0.0008244268042507912 0.0 0.0 0.0014171194219329709 0.0005757214701704299 2.0058135986328125 84.06589134140684 nan 1.5262376174218097 0.0 88.66583442134467 2.640965025740539
GMC225 H30a ../products_1pc/GMC225_H30a_12p7fT_2024_2.6_4asec_grid_K.fits 18 0.0033623505765058865 0.0018839052494834451 0.0 0.0 0.0023250924676038766 0.0013027356325839368 1.8556209802627563 88.55380331868861 nan 0.885860230157077 0.0 86.53797144110332 1.491207048340729
GMC225 H30a ../products_1pc/GMC225_H30a_12p7fT_2024_2.6_4asec_grid_K.fits 19 0.0019763904847171455 0.0007837048933031199 0.0 0.0 0.0014036733061051564 0.0005372389519652562 1.7023584842681885 79.36056515686376 nan 1.5187745172057794 0.0 88.72271621117923 2.661758256730091
GMC225 H30a ../products_1pc/GMC225_H30a_12p7fT_2024_2.6_4asec_grid_K.fits 20 nan 0.0 -0.011729530401656894 -0.006842226067633188 -0.009286778313773017 -0.005417287349700927 -0.608924388885498 79.63163585340565 0.9862193397489345 -0.19502234458923337 0.0 79.66274049319021 1.2428018715323321
GMC225 H30a ../products_1pc/GMC225_H30a_12p7fT_2024_2.6_4asec_grid_K.fits 21 0.004790119210580238 0.0007963573187589646 0.0 0.0 -0.003716097850478108 -0.0017465659897247107 -8.72180461883545 84.95466043530065 nan -1.3972527917797686 0.0 86.63581940750724 2.938893559912476
GMC225 H30a ../products_1pc/GMC225_H30a_12p7fT_2024_2.6_4asec_grid_K.fits 22 0.0045226637806211195 0.0024830310952429677 0.0 0.0 0.0031034962554546378 0.001941206481352999 3.4365646839141846 88.2878700322506 nan 0.9900153054900295 0.0 86.12835304719006 1.765728641324978
GMC225 H30a ../products_1pc/GMC225_H30a_12p7fT_2024_2.6_4asec_grid_K.fits 23 0.005083598168809175 0.002897220142817093 0.0 0.0 0.004111519301634332 0.0025522778715653797 4.232415676116943 87.90597381340103 nan 1.2046751553788593 0.0 86.29263325301692 1.667538385242754
GMC225 H30a ../products_1pc/GMC225_H30a_12p7fT_2024_2.6_4asec_grid_K.fits 24 0.0024828675864399345 0.0010320353220744304 0.0 0.0 0.002003656546767276 0.0008328451911261569 9.360746383666992 92.06829768974835 nan 2.0737845259041308 0.0 89.4539250319236 2.6424721775536044
GMC225 H30a ../products_1pc/GMC225_H30a_12p7fT_2024_2.6_4asec_grid_K.fits 25 0.0054096785875467155 0.0031255920728047687 0.0 0.0 0.004571467983235907 0.003123836455211203 3.892817258834839 87.16565523397291 nan 1.124581123876033 0.0 86.46292858501158 1.6085148392726976
GMC225 H30a ../products_1pc/GMC225_H30a_12p7fT_2024_2.6_4asec_grid_K.fits 26 0.0032784813876755893 0.001365040432323109 0.0 0.0 0.0026788807553851227 0.0011153885326967146 8.50643253326416 92.69227356042833 nan 1.8403910789495792 0.0 89.14091273177687 2.427844388325227
GMC225 H30a ../products_1pc/GMC225_H30a_12p7fT_2024_2.6_4asec_grid_K.fits 27 0.011398130388402226 0.0023939646897271137 0.0 0.0 -0.007378332956250465 -0.003631342552135809 -2.0388755798339844 73.17792124287156 nan -1.158398274131323 0.0 85.31439471506663 1.7555692905337439
GMC225 H30a ../products_1pc/GMC225_H30a_12p7fT_2024_2.6_4asec_grid_K.fits 28 0.0031828731298446655 0.0017138547622240507 0.0 0.0 -0.005571522364557392 -0.004071497112561171 -0.06368786096572876 82.70370236919808 nan -0.10585892492659045 0.0 82.0538227895896 0.5003828438771415
GMC225 H30a ../products_1pc/GMC225_H30a_12p7fT_2024_2.6_4asec_grid_K.fits 29 0.0015174233964804944 0.0002933685233195623 -0.0033448425686455644 -0.0013825349283735 -0.0028545757706375137 -0.0011798913185301725 -1.8187925815582275 88.48559027543371 3.4988543878004403 -0.17698369777952586 0.0 88.23536791434273 4.392732309103748
GMC225 H30a ../products_1pc/GMC225_H30a_12p7fT_2024_2.6_4asec_grid_K.fits 30 0.011541634798049927 0.005212351199119321 0.0 0.0 0.015388846397399897 0.00521235119911932 0.3989388048648834 89.75682505034115 nan 0.32316577434539784 0.0 88.2553609590524 0.8485871490036525
GMC225 H30a ../products_1pc/GMC225_H30a_12p7fT_2024_2.6_4asec_grid_K.fits 31 0.004125022462436131 0.0018046973273158073 -0.021496442040807057 -0.01141998483417875 -0.011972887767038651 -0.006360596626239283 -0.6122918128967285 86.19130627180081 0.6684255048687705 -0.20353909203965706 0.0 86.19581936567909 1.3053899443214816
GMC225 H30a ../products_1pc/GMC225_H30a_12p7fT_2024_2.6_4asec_grid_K.fits 32 0.005023395089798322 0.0026381859104696224 0.0 0.0 0.005023395089798321 0.002638185910469622 3.9933359622955322 97.47183918219694 nan 1.1001235246658323 0.0 95.21532742202251 1.8377526897207457
GMC225 H30a ../products_1pc/GMC225_H30a_12p7fT_2024_2.6_4asec_grid_K.fits 33 nan 0.0 0.0 0.0 5.487729704801445e-07 4.1631052932976476e-07 0.0 nan nan 1.2073005350563177e-05 0.0 87.54041533851407 0.4778025440764658
GMC225 H30a ../products_1pc/GMC225_H30a_12p7fT_2024_2.6_4asec_grid_K.fits 34 0.017153804500897724 0.0023935541164043336 0.004185496217469018 0.000985538353531949 0.008987955014480515 0.0021163498725957027 4.510232925415039 92.21584186974899 5.307341879878337 0.7280243561729217 0.0 91.90864634526766 2.277111451630344
GMC225 H30a ../products_1pc/GMC225_H30a_12p7fT_2024_2.6_4asec_grid_K.fits 35 0.005571261853785129 0.0036164331331587675 0.0 0.0 -0.009351029511420956 -0.005085647629018414 -0.20807619392871857 84.68678216064093 nan -0.2898819148540496 0.0 87.90497113235169 0.5860034119998089
GMC225 H30a ../products_1pc/GMC225_H30a_12p7fT_2024_2.6_4asec_grid_K.fits 36 0.01082807643847032 0.007329774819887601 0.025094859995296585 0.0065632710756929535 0.021324523022815404 0.005577182944428644 2.3160321712493896 91.55557602971255 2.1658129945956293 0.36251689138786186 0.0 91.52533513152487 2.7217329123299296
GMC225 H30a ../products_1pc/GMC225_H30a_12p7fT_2024_2.6_4asec_grid_K.fits 37 0.019679528825423297 0.0167275995016098 0.015769194914860316 0.01340381567763127 0.01399745651584858 0.011897838038471293 0.8565013408660889 90.3059086778242 1.274616893838049 0.23795676076942585 0.0 90.19860936463985 1.4968747785663767
GMC225 H30a ../products_1pc/GMC225_H30a_12p7fT_2024_2.6_4asec_grid_K.fits 38 nan 0.0 -0.016103132749333633 -0.006306121915822961 -0.014294492705220065 -0.005597843297149116 -7.643045902252197 93.96017679132133 3.3812566262295127 -0.8004915914923236 0.0 93.74556196289011 3.9986068762027536
GMC225 H30a ../products_1pc/GMC225_H30a_12p7fT_2024_2.6_4asec_grid_K.fits 39 0.010297666375453655 0.0047810593886034826 0.0 0.0 0.009936961585327257 0.004613589307473369 0.2151646912097931 90.32519492767665 nan 0.2583610012185087 0.0 91.00820539767258 0.7775031205748447
GMC225 H30a ../products_1pc/GMC225_H30a_12p7fT_2024_2.6_4asec_grid_K.fits 40 0.022392211958419447 0.01925730228424072 0.027989637050731986 0.02015253867652703 0.025694390172591855 0.018499960924266135 3.9131295680999756 91.0198487747866 1.549296451888126 0.9249980462133068 0.0 90.92286759488718 1.7512315160121905
GMC225 H30a ../products_1pc/GMC225_H30a_12p7fT_2024_2.6_4asec_grid_K.fits 41 0.00015837779002530233 4.157416988164187e-05 -0.0248259445163611 -0.00993037780654444 -0.021739930817389442 -0.008695972326955776 -3.401850461959839 93.05330420890454 1.708321182886573 -0.6956777861564621 0.0 92.90251599915831 2.055021792641816
GMC225 H30a ../products_1pc/GMC225_H30a_12p7fT_2024_2.6_4asec_grid_K.fits 42 0.017739845812320708 0.00479455292224884 0.0 0.0 0.004497417885282356 0.0024310366947472195 0.092619389295578 99.85460504744367 nan 0.08994835770564712 0.0 92.1324727120816 1.118582241481948
GMC225 H30a ../products_1pc/GMC225_H30a_12p7fT_2024_2.6_4asec_grid_K.fits 43 0.012448617527561804 0.006891198988471713 0.0037339731336683093 0.002267055116870045 0.010205420687976696 0.005649429309415671 0.3716888129711151 91.67617330080958 1.1679908752152501 0.3163680413272776 0.0 91.0057869574478 0.6149382521806331
GMC225 H30a ../products_1pc/GMC225_H30a_12p7fT_2024_2.6_4asec_grid_K.fits 44 0.0019212503935776505 0.0014959354209535904 0.0 0.0 0.0015167343886108714 0.0011809687605977778 0.24058297276496887 94.54868620027563 nan 0.15470690763830888 0.0 94.660148842925 1.394177434843291
GMC225 H30a ../products_1pc/GMC225_H30a_12p7fT_2024_2.6_4asec_grid_K.fits 45 0.01015329360961914 0.007319816323213799 0.015878606622437095 0.011447367565012788 0.010153293609619139 0.0073198163232137976 0.3439635634422302 90.08492209246249 0.2787715321129945 0.3147521018981933 0.0 90.08526958161679 0.4075439607472057
GMC225 H30a ../products_1pc/GMC225_H30a_12p7fT_2024_2.6_4asec_grid_K.fits 46 nan 0.0 0.0 0.0 1.7194607083823412e-09 1.1278183141002454e-09 0.0 nan nan 1.0488710321132282e-07 0.0 93.47440225810314 1.0954764383240274
GMC225 H30a ../products_1pc/GMC225_H30a_12p7fT_2024_2.6_4asec_grid_K.fits 47 0.00042427353122655083 0.00015511075335164224 -0.008079984610398138 -0.0027802097584165636 -0.011237373317608507 -0.003866623077026583 -1.0735164880752563 94.64131447523067 1.6563734974899342 -0.35959594616347224 0.0 95.4207404772213 0.8465753648100452
GMC225 H30a ../products_1pc/GMC225_H30a_12p7fT_2024_2.6_4asec_grid_K.fits 48 nan 0.0 -0.013495199482454664 -0.009960742475145109 -0.011917090342824295 -0.008795947633989361 -1.2642481327056885 93.14274894458252 1.205594850444579 -0.36942980062755315 0.0 93.14869825625358 1.4702005196969223
GMC225 H30a ../products_1pc/GMC225_H30a_12p7fT_2024_2.6_4asec_grid_K.fits 49 0.015352196991443634 0.004198891484839285 0.0034703208892784055 0.0025804950202326605 0.0028745075709114766 0.0021374543476008413 1.2086172103881836 95.71516805153682 1.5970185216209642 0.25008215866929845 0.0 95.89963561250413 2.12522223078409
GMC225 H30a ../products_1pc/GMC225_H30a_12p7fT_2024_2.6_4asec_grid_K.fits 50 0.011633836306058444 0.0017688873915644417 0.0 0.0 0.009460364964800731 0.001438418064823503 0.05446738004684448 22.68024938964403 nan 0.24596948908481903 0.0 94.83420799345514 1.1565814197561792
GMC225 H30a ../products_1pc/GMC225_H30a_12p7fT_2024_2.6_4asec_grid_K.fits 51 0.015574670831362407 0.007079395832437457 0.020538933663370378 0.009335878937895626 0.015574670831362405 0.007079395832437456 0.3374474048614502 93.6583240046725 0.4369653570057229 0.23362006247043607 0.0 93.73788431137078 0.5686615202421549
GMC225 H30a ../products_1pc/GMC225_H30a_12p7fT_2024_2.6_4asec_grid_K.fits 52 0.009069989336297867 0.009069989336297867 0.012070524416429418 0.012070524416429418 0.009069989336297867 0.009069989336297867 0.7815067768096924 95.60947964328359 0.5495646851775727 0.4262894988059997 0.0 95.61371992439987 0.7093778225487615
GMC225 H30a ../products_1pc/GMC225_H30a_12p7fT_2024_2.6_4asec_grid_K.fits 53 0.0056402120556864705 0.003126164046368858 0.007379710135628345 0.002803145710432472 0.00564021205568647 0.0031261640463688574 2.025341510772705 96.85974030014839 1.1172309299162273 0.8065503239631652 0.0 96.45711056349874 0.8097860218427217
GMC225 H30a ../products_1pc/GMC225_H30a_12p7fT_2024_2.6_4asec_grid_K.fits 54 0.003080898274978002 0.0006337847879954747 -0.011603153602310743 -0.003414642345822876 -0.01413912319835588 -0.003191402093343184 -4.973987579345703 99.74218645296163 1.6603570712129594 -1.1169907326701145 0.0 99.37979582927053 1.8266419591089917
GMC225 H30a ../products_1pc/GMC225_H30a_12p7fT_2024_2.6_4asec_grid_K.fits 55 0.00012289562573035559 6.878486514758709e-05 0.00015852295810795224 8.872553625445087e-05 0.00012289562573035556 6.878486514758707e-05 0.028479594737291336 96.35272065170486 0.4778157311307324 0.018434343859553334 0.0 96.29029083942588 0.6054755800903593
GMC225 H30a ../products_1pc/GMC225_H30a_12p7fT_2024_2.6_4asec_grid_K.fits 56 0.00748361601974025 0.0012286533763752648 -0.009271244262477146 -0.0035055450942699656 -0.014805087801351232 -0.004640400654154863 -4.237605094909668 100.20281502133702 2.3992689429112106 -0.9327205314851276 0.0 99.43812592097866 1.6572581220028655
GMC225 H30a ../products_1pc/GMC225_H30a_12p7fT_2024_2.6_4asec_grid_K.fits 57 nan 0.0 -0.0235818100178986 -0.010719004553590273 -0.016979867219924925 -0.007718121463602238 -0.9771206974983215 98.00696278646879 0.8265157742165452 -0.3395973443984985 0.0 98.03503253897465 1.1307349489534324
GMC225 H30a ../products_1pc/GMC225_H30a_12p7fT_2024_2.6_4asec_grid_K.fits 58 0.018082441285599108 0.018082441285599108 0.020821026173677794 0.020821026173677794 0.018082441285599108 0.018082441285599108 1.2451173067092896 98.26019768112384 0.554816987407669 0.7775449752807616 0.0 98.24549086746299 0.6282740350157341
GMC225 H30a ../products_1pc/GMC225_H30a_12p7fT_2024_2.6_4asec_grid_K.fits 59 nan 0.0 -0.015580858303231929 -0.0106757732818441 -0.018771218867196356 -0.012861761075671576 -2.199233055114746 100.001973990513 1.521907363208845 -0.6945350980862651 0.0 100.48720541731217 1.0805805858268287
GMC225 H30a ../products_1pc/GMC225_H30a_12p7fT_2024_2.6_4asec_grid_K.fits 60 nan 0.0 -0.016639623820552313 -0.0036736831811608997 -0.005724892020225524 -0.0038661608448276267 -1.2056537866592407 98.90865969120081 1.700357554076197 -0.29769438505172724 0.0 98.20045437580842 1.4187168371746885
GMC225 H30a ../products_1pc/GMC225_H30a_12p7fT_2024_2.6_4asec_grid_K.fits 61 nan 0.0 -0.015167858029160415 -0.010341721383518465 -0.014720940873331083 -0.010037005140907556 -1.0879111289978027 98.40625171212987 0.9538014439087428 -0.44162822619993247 0.0 98.21537278943778 0.9722022545540998
GMC225 H30a ../products_1pc/GMC225_H30a_12p7fT_2024_2.6_4asec_grid_K.fits 62 0.010204737723185755 0.004480700931329837 0.03304104271724425 0.010330073125391307 0.012498236523404942 0.0039074946372024645 10.504572868347168 106.84959076463629 0.9326008588159137 1.6997601671830722 0.0 106.62418867703407 2.463741123558196
GMC225 H30a ../products_1pc/GMC225_H30a_12p7fT_2024_2.6_4asec_grid_K.fits 63 0.009811737196786062 0.00459105350116995 0.036113908779013194 0.009463002835142495 0.010341454643735249 0.0032075099964526442 13.48902702331543 107.61132851329769 0.7602564659109018 2.399217477346578 0.0 106.97911964584208 2.3272679268067957
GMC225 H30a ../products_1pc/GMC225_H30a_12p7fT_2024_2.6_4asec_grid_K.fits 64 0.011020705699920655 0.004876418451292325 0.0 0.0 0.012630474420258124 0.004415077341594654 4.162214279174805 107.48380900788752 nan 0.9978074792003918 0.0 106.53106346114019 1.8216567326562187
GMC225 H30a ../products_1pc/GMC225_H30a_12p7fT_2024_2.6_4asec_grid_K.fits 65 0.009319931727189285 0.005661640768853304 0.012243296294684307 0.007437516440696075 0.009319931727189283 0.005661640768853302 1.2393600940704346 102.23707586081083 0.6212921375551982 0.6057955622673034 0.0 102.07251676736469 0.8563348977137833
GMC225 H30a ../products_1pc/GMC225_H30a_12p7fT_2024_2.6_4asec_grid_K.fits 66 0.013392724488910875 0.00489349548633282 0.013882807424446855 0.0026697706585474723 0.011153231999463522 0.002144852307589139 0.9007830619812012 102.10180991564292 2.5885286592750085 0.11153231999463523 0.0 101.90184565418423 3.5126095462251525
GMC225 H30a ../products_1pc/GMC225_H30a_12p7fT_2024_2.6_4asec_grid_K.fits 67 0.017707222929367654 0.017707222929367654 0.018416454315432873 0.018416454315432873 0.017707219623886515 0.017707219623886515 0.699518620967865 100.95332680071319 0.5828140026980961 0.4603877102210494 0.0 100.94988762431066 0.6074952948249174
GMC225 H30a ../products_1pc/GMC225_H30a_12p7fT_2024_2.6_4asec_grid_K.fits 68 0.033245330271513565 0.024665890201445547 0.033849108208459586 0.02511385447724421 0.03324533027151356 0.024665890201445544 2.2621207237243652 102.27667152331645 1.1591797267220372 0.7646425962448119 0.0 102.429769983807 1.168954211700805
GMC225 H30a ../products_1pc/GMC225_H30a_12p7fT_2024_2.6_4asec_grid_K.fits 69 nan 0.0 -0.013452659338154777 -0.01226565998478818 -0.013523988185390348 -0.012330695110208846 -0.4860932230949402 100.17383615587721 0.4650073244893862 -0.4192436337471008 0.0 100.09882155875759 0.423153289462044
GMC225 H30a ../products_1pc/GMC225_H30a_12p7fT_2024_2.6_4asec_grid_K.fits 70 nan 0.0 -0.012341020688330989 -0.007001155967418542 -0.012053246551914998 -0.006837899486182547 -2.419612407684326 103.84485565544081 1.3257229565722939 -0.7111415465629849 0.0 103.73296129992848 1.3671940256084232
GMC225 H30a ../products_1pc/GMC225_H30a_12p7fT_2024_2.6_4asec_grid_K.fits 71 0.012482376893361409 0.005568346569529254 0.0 0.0 0.008607440093390015 0.0038397502275345796 2.2636890411376953 110.88714946522234 nan 1.0328928112068019 0.0 106.10927350480632 1.1658313439643775
GMC225 H30a ../products_1pc/GMC225_H30a_12p7fT_2024_2.6_4asec_grid_K.fits 72 0.020900788186471675 0.013315824731703728 0.014825616143681978 0.007891053753895247 0.01996757323429015 0.012721276496039692 4.786683082580566 106.9378024058884 1.9515876153821183 1.5774382855089217 0.0 105.81021732488531 0.9494545561649896
GMC225 H30a ../products_1pc/GMC225_H30a_12p7fT_2024_2.6_4asec_grid_K.fits 73 0.01955392827158389 0.01524543560157388 0.028681175340440332 0.022361594333224665 0.019553928271583886 0.015245435601573877 1.6464284658432007 105.54631476688955 0.49784959228852405 0.8994807004928588 0.0 105.57374330308015 0.70610276155079
GMC225 H30a ../products_1pc/GMC225_H30a_12p7fT_2024_2.6_4asec_grid_K.fits 74 0.005883598122103461 0.0015511304140090943 0.0 0.0 -0.017096429336361765 -0.012744610959833317 -2.4994678497314453 108.54946076478262 nan -1.4019072055816648 0.0 108.40314041134528 0.7289279449263991
GMC225 H30a ../products_1pc/GMC225_H30a_12p7fT_2024_2.6_4asec_grid_K.fits 75 0.003770580589771271 0.0034278005361557005 176.21893457808363 160.1990314346215 0.0037704570384606423 0.0034276882167824023 0.18852901458740234 108.0000085362214 8.5362217381931e-06 0.18852285192303211 0.0 107.99942481242718 0.2318819736901949
GMC225 H30a ../products_1pc/GMC225_H30a_12p7fT_2024_2.6_4asec_grid_K.fits 76 0.003622409152357202 0.0007911008493653659 -0.0029575131318164945 -0.00027195523051186155 -0.002324134149524839 -0.00045414115565427883 -0.09908181428909302 115.50496817845213 1.6706572032413982 -0.03951028054192226 0.0 111.22908870062831 0.79056009358681
GMC225 SO3221 ../products_1pc/GMC225_SO3221_12p7fT_2024_1.5_4asec_grid_K.fits 0 0.03551841806728527 0.01612940820460581 0.03584330589451625 0.015879945649469224 0.0351342754971483 0.01556581825823026 2084.229736328125 92.20728442370486 6.9041197839521145 118.0511656704183 0.0 91.86879725136387 7.120078307316992
GMC225 SO3221 ../products_1pc/GMC225_SO3221_12p7fT_2024_1.5_4asec_grid_K.fits 1 0.03599793245229061 0.016599954543964523 0.03655959048578312 0.016401269029321604 0.035842699480823824 0.016079659238817785 2023.0592041015625 92.13328229257317 6.769655009133837 116.88304300696649 0.0 91.84711995539655 6.980136042958079
GMC225 SO3221 ../products_1pc/GMC225_SO3221_12p7fT_2024_1.5_4asec_grid_K.fits 2 0.03611602184277226 0.016678229830348817 0.036687565821964155 0.0164971276876512 0.035963915691874376 0.016171727287548086 2004.361083984375 92.1376042194959 6.758299143723512 115.98362810629487 0.0 91.8443183534362 6.970669081938024
GMC225 SO3221 ../products_1pc/GMC225_SO3221_12p7fT_2024_1.5_4asec_grid_K.fits 3 0.03627084789748152 0.017285160915616923 0.03740419175074591 0.017384126393183014 0.03612634449914048 0.016790228835360573 1962.918701171875 91.97681287369804 6.558872990623366 115.31529164125641 0.0 91.82441236949944 6.902464172661681
GMC225 SO3221 ../products_1pc/GMC225_SO3221_12p7fT_2024_1.5_4asec_grid_K.fits 4 0.038719673195283556 0.01947462471909146 0.040116993092243175 0.020177427154136878 0.03771684655254541 0.018765776439916292 1788.099365234375 91.47626359398393 5.989121774876464 110.77437832482588 0.0 91.653470664477 6.616357916913657
GMC225 SO3221 ../products_1pc/GMC225_SO3221_12p7fT_2024_1.5_4asec_grid_K.fits 5 0.03653211723620711 0.019165557360389496 0.03850982437490779 0.02020310630297454 0.036483561564134966 0.01873688518489623 1878.6954345703125 91.4668630698991 6.029223479517041 115.28805454266649 0.0 91.64722334770363 6.682957023274589
GMC225 SO3221 ../products_1pc/GMC225_SO3221_12p7fT_2024_1.5_4asec_grid_K.fits 6 0.038886076663439184 0.017995195402641113 0.03730234804431272 0.01880979217915873 0.03539038137376615 0.01776492904470319 1398.3568115234375 92.24190238496713 6.151867023226415 85.64472292451408 0.0 92.84616686026547 6.646776078927888
GMC225 SO3221 ../products_1pc/GMC225_SO3221_12p7fT_2024_1.5_4asec_grid_K.fits 7 0.04396262252729722 0.01862232184421552 0.03939204381551603 0.01891991724825001 0.038442966685074326 0.017965297982332908 1191.709716796875 92.0110759637369 6.037529111645602 74.77157020246956 0.0 92.69234150237774 6.468783107394411
GMC225 SO3221 ../products_1pc/GMC225_SO3221_12p7fT_2024_1.5_4asec_grid_K.fits 8 0.044949471843903736 0.018741985152219434 0.04063869309060912 0.01911695855977933 0.03987261430286744 0.018161767628755137 1157.93896484375 91.98921359366291 6.00806841053689 73.04662940285316 0.0 92.6731330295615 6.432015387842502
GMC225 SO3221 ../products_1pc/GMC225_SO3221_12p7fT_2024_1.5_4asec_grid_K.fits 9 0.04593078691231641 0.018600365219727827 0.041940428583360494 0.0192728579241354 0.040987954161401045 0.018273398752070187 1098.5081787109375 91.84523924117107 5.88021314485445 70.66323297425541 0.0 92.58574584527648 6.312311437488245
GMC225 SO3221 ../products_1pc/GMC225_SO3221_12p7fT_2024_1.5_4asec_grid_K.fits 10 0.036482236883401575 0.01911846454326923 0.03844040028898427 0.020144637301239367 0.036427254344688256 0.018688508787687838 1880.228515625 91.46602915228486 6.030096835152782 115.4015417639724 0.0 91.6450406609505 6.6806845304230125
GMC225 SO3221 ../products_1pc/GMC225_SO3221_12p7fT_2024_1.5_4asec_grid_K.fits 11 0.08327768828396712 0.022084491120444402 0.06080538747741882 0.022749237849624578 0.05127591768988391 0.020986627769774537 729.8251342773438 91.08488462172461 5.554942342240758 48.35319038156053 0.0 91.76791307022744 6.214279364477451
GMC225 SO3221 ../products_1pc/GMC225_SO3221_12p7fT_2024_1.5_4asec_grid_K.fits 12 0.07413953090771415 0.020862935629827772 0.057559024028327355 0.022430408719573622 0.049258526288876885 0.020861501471778777 775.8665161132812 91.13223127121856 5.55530997392784 51.81996965589848 0.0 91.8169595794927 6.140556895887847
GMC225 SO3221 ../products_1pc/GMC225_SO3221_12p7fT_2024_1.5_4asec_grid_K.fits 13 0.04350473241868362 0.01762771202346026 0.04391954247219395 0.01833082598945383 0.040387784551075154 0.016856766009664844 471.0240478515625 88.97655695891156 5.429616068315082 31.825574226247223 0.0 88.58063310789427 6.107843095734494
GMC225 SO3221 ../products_1pc/GMC225_SO3221_12p7fT_2024_1.5_4asec_grid_K.fits 14 0.03973103691549862 0.02255184065320456 0.04109321150413214 0.02332502823272943 0.038471130855289415 0.021836701987977297 262.62896728515625 86.15268565046807 3.7495029153444146 26.1603689815968 0.0 86.06520728253093 4.114858833642813
GMC225 SO3221 ../products_1pc/GMC225_SO3221_12p7fT_2024_1.5_4asec_grid_K.fits 15 0.03961954400090888 0.021560204440149767 0.045032761794704106 0.02450597489905773 0.03961954400090887 0.021560204440149763 193.93826293945312 85.65286945459837 3.4021511675342593 20.00786972045898 0.0 85.56670461131915 3.9300669268749875
GMC225 SO3221 ../products_1pc/GMC225_SO3221_12p7fT_2024_1.5_4asec_grid_K.fits 16 0.039375141018726786 0.01766090883928187 0.04662766926605001 0.018685352757350924 0.03806090743124498 0.017071436421367235 402.5706481933594 88.65953839555742 5.266604635569003 27.860584239671326 0.0 88.20488997972289 5.965171432111501
GMC225 SO3221 ../products_1pc/GMC225_SO3221_12p7fT_2024_1.5_4asec_grid_K.fits 17 0.07019121462520735 0.02020214890948065 0.052858772084088436 0.021653951898649583 0.047320748428162585 0.020152819681401566 804.1163940429688 91.26988712656933 5.588330551038288 53.425124975395555 0.0 91.96134880751303 6.1731696312678
GMC225 SO3221 ../products_1pc/GMC225_SO3221_12p7fT_2024_1.5_4asec_grid_K.fits 18 0.04239586957796352 0.023754156337064854 0.055865849536705384 0.025796877580184542 0.051359420347006614 0.02371596763082364 135.31631469726562 85.24891612617542 3.07740157545676 16.126857988960076 0.0 85.07786215254411 3.4638851528841146
GMC225 SO3221 ../products_1pc/GMC225_SO3221_12p7fT_2024_1.5_4asec_grid_K.fits 19 0.06357537418431629 0.01945267020496413 0.05288934380635646 0.02056080256214565 0.04767419287661446 0.01920796097858644 814.3318481445312 91.3112176568345 5.589148063658561 54.30090568646387 0.0 92.01482034300982 6.131009683080751
GMC225 SO3221 ../products_1pc/GMC225_SO3221_12p7fT_2024_1.5_4asec_grid_K.fits 20 0.029540411063602993 0.017231906453768413 0.043962940987795004 0.020760277688680974 0.036491096019744866 0.01723190645376841 1.4559550285339355 79.33524326968676 0.7771813449001951 0.6203486323356627 0.0 79.42614813246196 0.9152198712577895
GMC225 SO3221 ../products_1pc/GMC225_SO3221_12p7fT_2024_1.5_4asec_grid_K.fits 21 0.0723891022181747 0.03655649662017822 0.11648044589910057 0.037856144917207686 0.10812966730418881 0.03514214187386136 294.8504333496094 88.23262600883295 3.8840558288191978 28.11371349908909 0.0 88.46837837510192 4.307827496959976
GMC225 SO3221 ../products_1pc/GMC225_SO3221_12p7fT_2024_1.5_4asec_grid_K.fits 22 0.06422831478728551 0.02758039399689319 0.06279818665711637 0.03164536072721354 0.054731521161149904 0.027580393996893188 114.74972534179688 84.79895816732297 2.8364915481770123 14.066000938415526 0.0 84.62480221844761 3.3181071910256907
GMC225 SO3221 ../products_1pc/GMC225_SO3221_12p7fT_2024_1.5_4asec_grid_K.fits 23 0.06495881530473817 0.029176417043653584 0.06864576356328782 0.03315939426362208 0.07026157573777801 0.02917641704365358 107.50904846191406 84.63189918310077 2.7403529142746414 13.77126884460449 0.0 84.44236497242285 3.1596046384007734
GMC225 SO3221 ../products_1pc/GMC225_SO3221_12p7fT_2024_1.5_4asec_grid_K.fits 24 0.07393035021695224 0.02090239620591742 0.05693360799313332 0.02245333455793451 0.04913932207867478 0.020879278216561412 782.7657470703125 91.17479505613714 5.585495219442228 51.98940275923792 0.0 91.83636973666461 6.176851178839675
GMC225 SO3221 ../products_1pc/GMC225_SO3221_12p7fT_2024_1.5_4asec_grid_K.fits 25 0.0677058616381013 0.03347678714328342 0.07382143234274095 0.036500597102799695 0.06770586163810129 0.033476787143283414 83.59103393554688 84.63580332874483 2.5378578515243837 12.05164337158203 0.0 84.50020825636665 2.8061986696105756
GMC225 SO3221 ../products_1pc/GMC225_SO3221_12p7fT_2024_1.5_4asec_grid_K.fits 26 0.045465409662428784 0.0176075131965406 0.04500306196592077 0.01873763852762883 0.038408071290028364 0.01710904993828536 406.8466491699219 88.68660344499676 5.249790932807154 28.229932398170845 0.0 88.27121118883368 5.952731697966198
GMC225 SO3221 ../products_1pc/GMC225_SO3221_12p7fT_2024_1.5_4asec_grid_K.fits 27 0.11436876337578956 0.05055171045763739 0.13812974731554184 0.05672412820794979 0.12309920332813988 0.05055171045763738 167.46148681640625 88.38562095651602 3.6920408334579595 16.125995635986325 0.0 88.43808459086925 4.282810816639659
GMC225 SO3221 ../products_1pc/GMC225_SO3221_12p7fT_2024_1.5_4asec_grid_K.fits 28 0.04745281997479891 0.03467706075081459 0.05523711902924048 0.0403655869829065 0.0474528199747989 0.03467706075081458 2.5086007118225098 82.3479066244535 0.953579677254567 0.9016035795211791 0.0 82.29571968189192 1.127184967035571
GMC225 SO3221 ../products_1pc/GMC225_SO3221_12p7fT_2024_1.5_4asec_grid_K.fits 29 0.050406238925990776 0.02251478672027588 0.043189032169973524 0.017851466630255722 0.040799054031567375 0.016863608999714515 17.53685760498047 88.4678629450335 2.6127429224399794 2.529541349957177 0.0 88.48428882731604 2.810823644332426
GMC225 SO3221 ../products_1pc/GMC225_SO3221_12p7fT_2024_1.5_4asec_grid_K.fits 30 0.0911805422409721 0.033825039863586426 0.09009015952251083 0.030514408870527858 0.0767081730068423 0.02598180053457562 8.20193099975586 87.8795770531611 1.7295356827513424 1.6108716331436883 0.0 88.06758519582456 2.1732832565555884
GMC225 SO3221 ../products_1pc/GMC225_SO3221_12p7fT_2024_1.5_4asec_grid_K.fits 31 0.08978400911603655 0.03928050398826599 0.06776075401129451 0.027527806317088396 0.06512077443262278 0.026455314613253 3.183950424194336 88.58022275369173 1.441965203612921 0.846570067624096 0.0 89.12196231829067 1.4664436107939953
GMC225 SO3221 ../products_1pc/GMC225_SO3221_12p7fT_2024_1.5_4asec_grid_K.fits 32 0.12677649270116756 0.06870860275890615 0.14631227917617964 0.07684026172561953 0.13082870936284868 0.06870860275890615 255.26995849609375 94.95837735678991 3.178226783177222 28.651487350463864 0.0 94.9652434196035 3.622908645102167
GMC225 SO3221 ../products_1pc/GMC225_SO3221_12p7fT_2024_1.5_4asec_grid_K.fits 33 0.0021812407807870345 0.0016547343854246468 0.0 0.0 -0.018322291857461096 -0.01200426018247451 -0.3001363277435303 86.84011067923991 nan -0.3481235452917608 0.0 87.04957390364862 0.24887773165789528
GMC225 SO3221 ../products_1pc/GMC225_SO3221_12p7fT_2024_1.5_4asec_grid_K.fits 34 0.09353595775562329 0.04948704741721929 0.13154604219678143 0.0420641414001336 0.08289152667882926 0.04530118318494157 110.58821105957031 94.45503014575907 3.0489368360279485 15.5836070156199 0.0 95.50464313250741 2.6976755208543213
GMC225 SO3221 ../products_1pc/GMC225_SO3221_12p7fT_2024_1.5_4asec_grid_K.fits 35 0.07268936403336064 0.0395328120181435 0.12214656100886379 0.04071552033628793 0.10385175784358748 0.034617252614529165 6.518831253051758 88.84625636750255 1.120585400015727 1.9731833990281622 0.0 88.84446077352383 1.4076037485900836
GMC225 SO3221 ../products_1pc/GMC225_SO3221_12p7fT_2024_1.5_4asec_grid_K.fits 36 0.09864599054509943 0.06677574744591346 0.20587232219608262 0.053843530420513916 0.17429420261136802 0.045584637606050096 20.8397159576416 92.0779010548038 2.3754996810285065 2.963001444393256 0.0 92.32717789493856 2.9962938039170863
GMC225 SO3221 ../products_1pc/GMC225_SO3221_12p7fT_2024_1.5_4asec_grid_K.fits 37 0.13966815611895392 0.11871793270111083 0.11576457951458835 0.09839989258740009 0.1035421271682015 0.08801080809297128 6.466738224029541 90.19262698119039 1.3109035111811704 1.7602161618594256 0.0 90.04467401166103 1.5189644292655775
GMC225 SO3221 ../products_1pc/GMC225_SO3221_12p7fT_2024_1.5_4asec_grid_K.fits 38 0.08047717495968468 0.021385542996279844 0.036246619654962065 0.011152806047680635 0.06377556668432362 0.013379489514193765 15.03967571258545 95.7655298039003 3.762082808367924 1.9132670005297083 0.0 96.75591070413276 2.792625264688643
GMC225 SO3221 ../products_1pc/GMC225_SO3221_12p7fT_2024_1.5_4asec_grid_K.fits 39 0.08300754096772936 0.05336199062211173 0.15344674987457016 0.06028265173643827 0.13163173087418376 0.05171246570057219 13.869050979614258 90.45591874310739 1.6389904965058977 2.8958980792320426 0.0 90.49210324219527 2.0311779363535547
GMC225 SO3221 ../products_1pc/GMC225_SO3221_12p7fT_2024_1.5_4asec_grid_K.fits 40 0.02288475798235999 0.016477025747299194 0.025506876921287332 0.018364951383326878 0.022580462183410265 0.01625793277205539 3.9743030071258545 91.45927026958323 1.7266775953553735 0.8128966386027695 0.0 91.42343364515659 2.058233024960201
GMC225 SO3221 ../products_1pc/GMC225_SO3221_12p7fT_2024_1.5_4asec_grid_K.fits 41 0.015452107787132264 0.011589080840349198 0.015479129185203267 0.005030716985191062 0.013349232641495776 0.006841481728766585 2.046159267425537 94.51526176695198 2.02828803184072 0.5473185383013268 0.0 94.4976585768346 1.2513722973837051
GMC225 SO3221 ../products_1pc/GMC225_SO3221_12p7fT_2024_1.5_4asec_grid_K.fits 42 0.060936027103000216 0.044466830588675836 0.05702685836554366 0.04161419394242375 0.05272960998776009 0.038478364045122226 4.749240875244141 90.48462738757897 1.230526729470037 1.4236994696695224 0.0 90.21328325844115 1.36233580245099
GMC225 SO3221 ../products_1pc/GMC225_SO3221_12p7fT_2024_1.5_4asec_grid_K.fits 43 0.03481224179267883 0.009946354797908239 0.0 0.0 0.01638223143184886 0.009946354797908235 0.8163139820098877 89.48524450701824 nan 0.5569958686828612 0.0 92.32106552339634 0.7595490295602022
GMC225 SO3221 ../products_1pc/GMC225_SO3221_12p7fT_2024_1.5_4asec_grid_K.fits 44 0.17577886099767204 0.13284051327304985 0.20069188374070496 0.15626390947749547 0.17060889449774047 0.13284051327304983 109.96746826171875 95.08756027151006 2.1431092523912403 17.402107238769528 0.0 95.03980976229305 2.520197006695061
GMC225 SO3221 ../products_1pc/GMC225_SO3221_12p7fT_2024_1.5_4asec_grid_K.fits 45 nan 0.0 -0.08316366305644633 -0.05995519894767061 -0.06769932470014017 -0.04880648990010105 -2.7956957817077637 90.24931391767251 0.43261808741193447 -2.0986790657043453 0.0 90.1968243430704 0.5223430552506061
GMC225 SO3221 ../products_1pc/GMC225_SO3221_12p7fT_2024_1.5_4asec_grid_K.fits 46 0.056855944336437786 0.037292608650781774 0.0493611232637949 0.03237665074291923 0.054314343098248716 0.03562553687089432 7.677558898925781 93.15530248944663 1.01722811180079 3.313174928993172 0.0 93.06100192805589 0.8676606223449882
GMC225 SO3221 ../products_1pc/GMC225_SO3221_12p7fT_2024_1.5_4asec_grid_K.fits 47 0.03239904075372414 0.021250983720184656 0.02178404283936438 0.01428845820646481 0.027323221111498947 0.017921682664531566 5.45475435256958 93.19005264698501 1.6376343751885802 1.6667164878014358 0.0 92.94539270265373 1.1937201895891372
GMC225 SO3221 ../products_1pc/GMC225_SO3221_12p7fT_2024_1.5_4asec_grid_K.fits 48 0.04158500830332438 0.023762861887613933 0.0 0.0 0.04158500830332438 0.02376286188761393 0.9096495509147644 89.47018635986362 nan 0.998040199279785 0.0 91.93605749359665 0.7144294341077994
GMC225 SO3221 ../products_1pc/GMC225_SO3221_12p7fT_2024_1.5_4asec_grid_K.fits 49 0.04228841557222254 0.012288941277398003 0.04495604565645142 0.009221752955169523 0.03782403477742652 0.007758776364600311 4.040850639343262 95.1430787562374 1.494113254848599 0.9077768346582364 0.0 95.01438167427445 1.9282751444340458
GMC225 SO3221 ../products_1pc/GMC225_SO3221_12p7fT_2024_1.5_4asec_grid_K.fits 50 0.04023843341403537 0.00847124913979692 0.008637468416214395 0.004798593564563553 0.034366156623197315 0.005225263580135264 5.718264102935791 96.47174074486229 2.7801241987213516 0.8935200722031301 0.0 95.35548193760444 2.341404775098577
GMC225 SO3221 ../products_1pc/GMC225_SO3221_12p7fT_2024_1.5_4asec_grid_K.fits 51 0.12238250573476156 0.05562841169761889 0.14976416998763514 0.06807462272165234 0.12238250573476155 0.05562841169761888 4.048056602478027 94.30011608607921 0.7188817513650488 1.8357375860214231 0.0 94.44037869134401 0.8609740101062979
GMC225 SO3221 ../products_1pc/GMC225_SO3221_12p7fT_2024_1.5_4asec_grid_K.fits 52 nan 0.0 -0.02199228266697376 -0.02199228266697376 -0.01754191961694271 -0.01754191961694271 -1.685753345489502 95.70402823884439 0.6506327639077548 -0.8244702219963073 0.0 95.64461274720163 0.793756440616177
GMC225 SO3221 ../products_1pc/GMC225_SO3221_12p7fT_2024_1.5_4asec_grid_K.fits 53 0.07307628151420113 0.04050352037415024 0.11761087178236285 0.044673897033610695 0.1066317169033751 0.04050352037415023 31.107078552246094 96.73410405027437 1.076702562996146 10.44990825653076 0.0 96.65823260214185 1.2336093736956284
GMC225 SO3221 ../products_1pc/GMC225_SO3221_12p7fT_2024_1.5_4asec_grid_K.fits 54 0.08551236416431184 0.011483088902064733 0.0 0.0 0.014260763676373446 0.004767169571816266 6.195079326629639 111.58781745344817 nan 1.6685093501356931 0.0 105.15480485603655 2.549295884794833
GMC225 SO3221 ../products_1pc/GMC225_SO3221_12p7fT_2024_1.5_4asec_grid_K.fits 55 0.04757849094087044 0.020061080135516267 0.13808854689097388 0.05822390223388078 0.04757849094076844 0.020061080135473263 7.26289701461792 97.58941132065414 0.1856880043954822 5.376369476306834 0.0 97.77067374659735 0.5678116285125967
GMC225 SO3221 ../products_1pc/GMC225_SO3221_12p7fT_2024_1.5_4asec_grid_K.fits 56 0.0985263188680013 0.016175962799224095 -0.009233236317124279 -0.0028939994426807445 -0.012851905930235809 -0.007672779659842274 -4.318904876708984 99.12891267085477 2.9620283038178634 -1.542228711628297 0.0 98.2397434144068 1.4136819387335913
GMC225 SO3221 ../products_1pc/GMC225_SO3221_12p7fT_2024_1.5_4asec_grid_K.fits 57 0.11666468779246013 0.09545292637564919 0.21685408407212908 0.09857003821460414 0.19187805419837492 0.08721729736289768 9.569717407226562 97.7166435333192 0.8802612368523348 3.8375610839674983 0.0 97.58600450234933 1.0381551785166105
GMC225 SO3221 ../products_1pc/GMC225_SO3221_12p7fT_2024_1.5_4asec_grid_K.fits 58 0.02265407179677209 0.02265407179677209 0.026835132839126474 0.026835132839126474 0.02265407179677209 0.02265407179677209 1.484860897064209 98.28359232321814 0.5133618971997133 0.9741250872611998 0.0 98.24704717972594 0.5965104054713055
GMC225 SO3221 ../products_1pc/GMC225_SO3221_12p7fT_2024_1.5_4asec_grid_K.fits 59 0.01637106172500118 0.009398202101389566 0.007569544819700626 0.0051865399690541325 0.014565590617962275 0.008361727947348714 1.2625923156738281 99.75585451108552 1.7984638750732627 0.45153330915683054 0.0 101.01778139874776 0.7633723855060783
GMC225 SO3221 ../products_1pc/GMC225_SO3221_12p7fT_2024_1.5_4asec_grid_K.fits 60 0.018018450874548692 0.012168304486708208 0.032315949882030466 0.005875627251278266 0.0455938767581923 0.007697667504629868 1.3029035329818726 100.48701238486828 1.1488871339923101 0.5927203978564999 0.0 100.80983750361662 0.8248252217670373
GMC225 SO3221 ../products_1pc/GMC225_SO3221_12p7fT_2024_1.5_4asec_grid_K.fits 61 0.08939967155456544 0.06095432151447643 0.07926467497415657 0.05404409657328857 0.0886191777299816 0.06042216663407836 5.204555511474609 98.32097084686549 0.8731578705144032 2.658575331899448 0.0 98.10534521763907 0.7167362727382505
GMC225 SO3221 ../products_1pc/GMC225_SO3221_12p7fT_2024_1.5_4asec_grid_K.fits 62 0.030914579119001116 0.011939423659752155 0.028341602133007408 0.008860822735836799 0.02698659409216557 0.008437188038010385 48.03681564331055 106.81077477721871 4.971883808937654 3.6701767965345176 0.0 106.57735364518672 5.30685057488411
GMC225 SO3221 ../products_1pc/GMC225_SO3221_12p7fT_2024_1.5_4asec_grid_K.fits 63 0.025885135105678015 0.012112028458539177 0.016755667293292174 0.007840218653278424 0.024127572591845958 0.008676894421399147 65.9328384399414 106.11013400123919 4.485202607256617 6.4903170272065625 0.0 105.26658286597961 3.8415713970512737
GMC225 SO3221 ../products_1pc/GMC225_SO3221_12p7fT_2024_1.5_4asec_grid_K.fits 64 0.03115468978881836 0.0137852609685037 0.026230181540906828 0.011606275018100368 0.027113477495529413 0.011997113936074963 18.945125579833984 105.60774846782628 2.8814179534074205 2.7113477495529414 0.0 106.06698910888184 2.7414450011278158
GMC225 SO3221 ../products_1pc/GMC225_SO3221_12p7fT_2024_1.5_4asec_grid_K.fits 65 0.029287909808224193 0.019981471177573516 0.051380160896442956 0.02304904414046039 0.032892575630774856 0.019981471177573512 8.807848930358887 101.39580898262275 1.4247649596986585 2.1380174160003658 0.0 101.5568582532185 1.6872855637116468
GMC225 SO3221 ../products_1pc/GMC225_SO3221_12p7fT_2024_1.5_4asec_grid_K.fits 66 0.03484842356513528 0.011392753857832689 0.0 0.0 0.01818589915954455 0.005945390109851103 -0.28244197368621826 89.34958547795863 nan 0.30916028571225734 0.0 104.81028995060807 1.4579036621922397
GMC225 SO3221 ../products_1pc/GMC225_SO3221_12p7fT_2024_1.5_4asec_grid_K.fits 67 0.07557811186863826 0.07557811186863826 0.0798853162783251 0.0798853162783251 0.07557811186863825 0.07557811186863825 2.756211757659912 100.91758476573887 0.5293980532133775 1.9650309085845945 0.0 100.91392562326716 0.5543056424101603
GMC225 SO3221 ../products_1pc/GMC225_SO3221_12p7fT_2024_1.5_4asec_grid_K.fits 68 0.061071287030759064 0.04531095489378898 0.06797146364490354 0.0504304407687994 0.06107128703075906 0.045310954893788974 4.510552406311035 102.03152022969107 1.1510265493591223 1.4046396017074583 0.0 102.176345144582 1.2812555619454067
GMC225 SO3221 ../products_1pc/GMC225_SO3221_12p7fT_2024_1.5_4asec_grid_K.fits 69 0.017039460520590504 0.015535978709950167 0.051115260799119516 0.013530510211531637 0.0170394605205905 0.015535978709950164 0.8509351015090942 100.52687828139489 0.7379270225378568 0.5282232761383056 0.0 100.21616246967332 0.5460757058769224
GMC225 SO3221 ../products_1pc/GMC225_SO3221_12p7fT_2024_1.5_4asec_grid_K.fits 70 0.05677262941996256 0.027840424042481642 0.04669870469348161 0.026492534393417453 0.04395859932920617 0.024938051542530423 10.206137657165527 104.10997453515544 1.4777965262619233 2.593557360423164 0.0 103.81507092834467 1.5940805495260788
GMC225 SO3221 ../products_1pc/GMC225_SO3221_12p7fT_2024_1.5_4asec_grid_K.fits 71 0.030995124578475954 0.013826821373297823 0.0 0.0 0.04932186252786559 0.013384743362580625 14.562847137451172 103.98914411743172 nan 3.600495964534188 0.0 104.40892555345758 1.8285931907799484
GMC225 SO3221 ../products_1pc/GMC225_SO3221_12p7fT_2024_1.5_4asec_grid_K.fits 72 0.007593526115900353 0.00483781099319458 0.0 0.0 0.01276358645013038 0.004837810993194579 0.9606459736824036 100.38608782345187 nan 0.5998885631561278 0.0 105.31247241319336 1.2536527177135075
GMC225 SO3221 ../products_1pc/GMC225_SO3221_12p7fT_2024_1.5_4asec_grid_K.fits 73 0.04672376899158254 0.026925561791759426 0.06603524697614217 0.038054210121844644 0.04672376899158253 0.026925561791759423 2.786068916320801 105.42980753267692 0.49504787114770366 1.588608145713806 0.0 105.3898653432016 0.6821431132261401
GMC225 SO3221 ../products_1pc/GMC225_SO3221_12p7fT_2024_1.5_4asec_grid_K.fits 74 nan 0.0 -0.03877120866839826 -0.02890217373462416 -0.034246845943171796 -0.02552946697581898 -4.024881362915039 108.24922424304461 0.5050564909721856 -2.8082413673400874 0.0 108.21712576991644 0.5576920069558701
GMC225 SO3221 ../products_1pc/GMC225_SO3221_12p7fT_2024_1.5_4asec_grid_K.fits 75 0.04981791019439697 0.045289009267633615 0.06273118763451406 0.05702835239501278 0.049817910194396964 0.0452890092676336 3.673137903213501 107.67813830445643 0.4671902658290179 2.490895509719848 0.0 107.87831697801738 0.7108479116277666
GMC225 SO3221 ../products_1pc/GMC225_SO3221_12p7fT_2024_1.5_4asec_grid_K.fits 76 0.0595550256616929 0.011637188922399762 0.02575004867505057 0.0050316187066190765 0.059555025661692886 0.011637188922399759 2.448537826538086 111.36052530196947 2.231464118071005 1.012435436248779 0.0 110.730193867641 0.9302257918495324
